Streaming output truncated to the last 5000 lines.
             ^^^^^^^^^^^^^^^^^^^^^^^^^^^^^^^^^^^^^^^^^^^^^^
  File "/content/neuromorphic_decision_transformer/snn-dt/src/models/cql.py", line 10, in <module>
    from src.models.base import BasePolicy
  File "/content/neuromorphic_decision_transformer/src/models/__init__.py", line 7, in <module>
    from .spiking_layers import SpikingSelfAttention
  File "/content/neuromorphic_decision_transformer/src/models/spiking_layers.py", line 9, in <module>
    from .snn_lif import LIFNeuronLayer # This import is from the original file, kept for other components
    ^^^^^^^^^^^^^^^^^^^^^^^^^^^^^^^^^^^
  File "/content/neuromorphic_decision_transformer/src/models/snn_lif.py", line 11, in <module>
    import norse.torch as norse
ModuleNotFoundError: No module named 'norse'
  Error running job: Command '['/usr/bin/python3', '/content/neuromorphic_decision_transformer/ablation_studies/run_experiment.py', '--variant', 'cql', '--env', 'Acrobot-v1', '--seed', '3', '--contract', 'experiment_contract_light.yaml']' returned non-zero exit status 1.
--- Finished: Variant=cql, Env=Acrobot-v1, Seed=3 (Failed) ---

--- [70/140] Running: Variant=cql, Env=Acrobot-v1, Seed=4 ---
Traceback (most recent call last):
  File "/content/neuromorphic_decision_transformer/ablation_studies/run_experiment.py", line 234, in <module>
    main()
  File "/content/neuromorphic_decision_transformer/ablation_studies/run_experiment.py", line 231, in main
    train(cfg, logger)
  File "/content/neuromorphic_decision_transformer/ablation_studies/run_experiment.py", line 170, in train
    model = get_model(cfg).to(cfg.device)
            ^^^^^^^^^^^^^^
  File "/content/neuromorphic_decision_transformer/ablation_studies/run_experiment.py", line 70, in get_model
    module = __import__(module_name, fromlist=[class_name])
             ^^^^^^^^^^^^^^^^^^^^^^^^^^^^^^^^^^^^^^^^^^^^^^
  File "/content/neuromorphic_decision_transformer/snn-dt/src/models/cql.py", line 10, in <module>
    from src.models.base import BasePolicy
  File "/content/neuromorphic_decision_transformer/src/models/__init__.py", line 7, in <module>
    from .spiking_layers import SpikingSelfAttention
  File "/content/neuromorphic_decision_transformer/src/models/spiking_layers.py", line 9, in <module>
    from .snn_lif import LIFNeuronLayer # This import is from the original file, kept for other components
    ^^^^^^^^^^^^^^^^^^^^^^^^^^^^^^^^^^^
  File "/content/neuromorphic_decision_transformer/src/models/snn_lif.py", line 11, in <module>
    import norse.torch as norse
ModuleNotFoundError: No module named 'norse'
  Error running job: Command '['/usr/bin/python3', '/content/neuromorphic_decision_transformer/ablation_studies/run_experiment.py', '--variant', 'cql', '--env', 'Acrobot-v1', '--seed', '4', '--contract', 'experiment_contract_light.yaml']' returned non-zero exit status 1.
--- Finished: Variant=cql, Env=Acrobot-v1, Seed=4 (Failed) ---

--- [71/140] Running: Variant=no_plasticity, Env=Pendulum-v1, Seed=0 ---
{"train/param_count": 399761}
Epoch 1/100: 100% 47/47 [00:00<00:00, 58.48it/s]
Epoch 2/100: 100% 47/47 [00:00<00:00, 89.47it/s]
Epoch 3/100: 100% 47/47 [00:00<00:00, 94.62it/s]
Epoch 4/100: 100% 47/47 [00:00<00:00, 88.26it/s]
Epoch 5/100:  19% 9/47 [00:00<00:00, 85.98it/s]{"train/step": 250, "train/loss": 0.7179129123687744}
Epoch 5/100: 100% 47/47 [00:00<00:00, 82.39it/s]
Epoch 6/100: 100% 47/47 [00:00<00:00, 103.85it/s]
Epoch 7/100: 100% 47/47 [00:00<00:00, 119.23it/s]
Epoch 8/100: 100% 47/47 [00:00<00:00, 122.93it/s]
Epoch 9/100: 100% 47/47 [00:00<00:00, 115.62it/s]
Epoch 10/100:  57% 27/47 [00:00<00:00, 129.79it/s]{"train/step": 500, "train/loss": 0.472238689661026}
Epoch 10/100: 100% 47/47 [00:00<00:00, 124.88it/s]
{"epoch": 10, "val/mean_return": -119.79108825497099, "val/std_return": 39.57534516021348}
Epoch 11/100: 100% 47/47 [00:00<00:00, 112.06it/s]
Epoch 12/100: 100% 47/47 [00:00<00:00, 119.52it/s]
Epoch 13/100: 100% 47/47 [00:00<00:00, 121.26it/s]
Epoch 14/100: 100% 47/47 [00:00<00:00, 126.38it/s]
Epoch 15/100:  87% 41/47 [00:00<00:00, 118.41it/s]{"train/step": 750, "train/loss": 0.6275047659873962}
Epoch 15/100: 100% 47/47 [00:00<00:00, 120.04it/s]
Epoch 16/100: 100% 47/47 [00:00<00:00, 125.22it/s]
Epoch 17/100: 100% 47/47 [00:00<00:00, 88.70it/s]
Epoch 18/100: 100% 47/47 [00:00<00:00, 93.29it/s]
Epoch 19/100: 100% 47/47 [00:00<00:00, 88.40it/s]
Epoch 20/100: 100% 47/47 [00:00<00:00, 81.36it/s]
{"epoch": 20, "val/mean_return": -120.3458826134417, "val/std_return": 34.442457405728575}
Epoch 21/100:  23% 11/47 [00:00<00:00, 104.90it/s]{"train/step": 1000, "train/loss": 0.544309139251709}
Epoch 21/100: 100% 47/47 [00:00<00:00, 112.34it/s]
Epoch 22/100: 100% 47/47 [00:00<00:00, 120.11it/s]
Epoch 23/100: 100% 47/47 [00:00<00:00, 114.97it/s]
Epoch 24/100: 100% 47/47 [00:00<00:00, 123.62it/s]
Epoch 25/100: 100% 47/47 [00:00<00:00, 121.79it/s]
Epoch 26/100:  49% 23/47 [00:00<00:00, 114.80it/s]{"train/step": 1250, "train/loss": 0.47390004992485046}
Epoch 26/100: 100% 47/47 [00:00<00:00, 115.90it/s]
Epoch 27/100: 100% 47/47 [00:00<00:00, 120.25it/s]
Epoch 28/100: 100% 47/47 [00:00<00:00, 116.71it/s]
Epoch 29/100: 100% 47/47 [00:00<00:00, 111.29it/s]
Epoch 30/100: 100% 47/47 [00:00<00:00, 116.75it/s]
{"epoch": 30, "val/mean_return": -119.13994119257566, "val/std_return": 37.85504558703523}
Epoch 31/100:  77% 36/47 [00:00<00:00, 115.10it/s]{"train/step": 1500, "train/loss": 0.423868864774704}
Epoch 31/100: 100% 47/47 [00:00<00:00, 115.87it/s]
Epoch 32/100: 100% 47/47 [00:00<00:00, 125.03it/s]
Epoch 33/100: 100% 47/47 [00:00<00:00, 110.08it/s]
Epoch 34/100: 100% 47/47 [00:00<00:00, 124.88it/s]
Epoch 35/100: 100% 47/47 [00:00<00:00, 124.73it/s]
Epoch 36/100: 100% 47/47 [00:00<00:00, 120.41it/s]
Epoch 37/100:   0% 0/47 [00:00<?, ?it/s]{"train/step": 1750, "train/loss": 0.5609933733940125}
Epoch 37/100: 100% 47/47 [00:00<00:00, 125.03it/s]
Epoch 38/100: 100% 47/47 [00:00<00:00, 117.41it/s]
Epoch 39/100: 100% 47/47 [00:00<00:00, 122.27it/s]
Epoch 40/100: 100% 47/47 [00:00<00:00, 122.95it/s]
{"epoch": 40, "val/mean_return": -124.8172307098573, "val/std_return": 35.56071476402937}
Epoch 41/100: 100% 47/47 [00:00<00:00, 107.74it/s]
Epoch 42/100:  49% 23/47 [00:00<00:00, 115.18it/s]{"train/step": 2000, "train/loss": 0.6469025015830994}
Epoch 42/100: 100% 47/47 [00:00<00:00, 117.07it/s]
Epoch 43/100: 100% 47/47 [00:00<00:00, 118.94it/s]
Epoch 44/100: 100% 47/47 [00:00<00:00, 117.32it/s]
Epoch 45/100: 100% 47/47 [00:00<00:00, 118.60it/s]
Epoch 46/100: 100% 47/47 [00:00<00:00, 108.53it/s]
Epoch 47/100:  83% 39/47 [00:00<00:00, 117.42it/s]{"train/step": 2250, "train/loss": 0.614414393901825}
Epoch 47/100: 100% 47/47 [00:00<00:00, 116.40it/s]
Epoch 48/100: 100% 47/47 [00:00<00:00, 118.69it/s]
Epoch 49/100: 100% 47/47 [00:00<00:00, 111.40it/s]
Epoch 50/100: 100% 47/47 [00:00<00:00, 116.46it/s]
{"epoch": 50, "val/mean_return": -120.80996249970342, "val/std_return": 42.37462692192291}
Epoch 51/100: 100% 47/47 [00:00<00:00, 108.87it/s]
Epoch 52/100: 100% 47/47 [00:00<00:00, 114.17it/s]
Epoch 53/100:   0% 0/47 [00:00<?, ?it/s]{"train/step": 2500, "train/loss": 0.5414671301841736}
Epoch 53/100: 100% 47/47 [00:00<00:00, 115.60it/s]
Epoch 54/100: 100% 47/47 [00:00<00:00, 113.81it/s]
Epoch 55/100: 100% 47/47 [00:00<00:00, 121.51it/s]
Epoch 56/100: 100% 47/47 [00:00<00:00, 111.28it/s]
Epoch 57/100: 100% 47/47 [00:00<00:00, 116.02it/s]
Epoch 58/100:  28% 13/47 [00:00<00:00, 116.42it/s]{"train/step": 2750, "train/loss": 0.503618061542511}
Epoch 58/100: 100% 47/47 [00:00<00:00, 111.11it/s]
Epoch 59/100: 100% 47/47 [00:00<00:00, 115.46it/s]
Epoch 60/100: 100% 47/47 [00:00<00:00, 113.17it/s]
{"epoch": 60, "val/mean_return": -119.31875253917931, "val/std_return": 39.58666958656749}
Epoch 61/100: 100% 47/47 [00:00<00:00, 82.17it/s]
Epoch 62/100: 100% 47/47 [00:00<00:00, 90.19it/s]
Epoch 63/100:  64% 30/47 [00:00<00:00, 92.10it/s]{"train/step": 3000, "train/loss": 0.44142991304397583}
Epoch 63/100: 100% 47/47 [00:00<00:00, 84.88it/s]
Epoch 64/100: 100% 47/47 [00:00<00:00, 76.75it/s]
Epoch 65/100: 100% 47/47 [00:00<00:00, 109.16it/s]
Epoch 66/100: 100% 47/47 [00:00<00:00, 120.76it/s]
Epoch 67/100: 100% 47/47 [00:00<00:00, 117.33it/s]
Epoch 68/100: 100% 47/47 [00:00<00:00, 114.13it/s]
Epoch 69/100:   0% 0/47 [00:00<?, ?it/s]{"train/step": 3250, "train/loss": 0.42941805720329285}
Epoch 69/100: 100% 47/47 [00:00<00:00, 119.08it/s]
Epoch 70/100: 100% 47/47 [00:00<00:00, 112.52it/s]
{"epoch": 70, "val/mean_return": -120.99742990183695, "val/std_return": 34.356570921903014}
Epoch 71/100: 100% 47/47 [00:00<00:00, 108.25it/s]
Epoch 72/100: 100% 47/47 [00:00<00:00, 120.07it/s]
Epoch 73/100: 100% 47/47 [00:00<00:00, 113.27it/s]
Epoch 74/100:  28% 13/47 [00:00<00:00, 121.32it/s]{"train/step": 3500, "train/loss": 0.3031933307647705}
Epoch 74/100: 100% 47/47 [00:00<00:00, 116.59it/s]
Epoch 75/100: 100% 47/47 [00:00<00:00, 95.83it/s]
Epoch 76/100: 100% 47/47 [00:00<00:00, 84.34it/s]
Epoch 77/100: 100% 47/47 [00:00<00:00, 86.36it/s]
Epoch 78/100: 100% 47/47 [00:00<00:00, 76.24it/s]
Epoch 79/100:  57% 27/47 [00:00<00:00, 88.37it/s]{"train/step": 3750, "train/loss": 0.5527294278144836}
Epoch 79/100: 100% 47/47 [00:00<00:00, 95.31it/s] 
Epoch 80/100: 100% 47/47 [00:00<00:00, 115.92it/s]
{"epoch": 80, "val/mean_return": -123.05700678230818, "val/std_return": 34.74503031363953}
Epoch 81/100: 100% 47/47 [00:00<00:00, 113.61it/s]
Epoch 82/100: 100% 47/47 [00:00<00:00, 114.04it/s]
Epoch 83/100: 100% 47/47 [00:00<00:00, 119.54it/s]
Epoch 84/100: 100% 47/47 [00:00<00:00, 111.00it/s]
Epoch 85/100:   0% 0/47 [00:00<?, ?it/s]{"train/step": 4000, "train/loss": 0.3972596824169159}
Epoch 85/100: 100% 47/47 [00:00<00:00, 114.18it/s]
Epoch 86/100: 100% 47/47 [00:00<00:00, 117.75it/s]
Epoch 87/100: 100% 47/47 [00:00<00:00, 119.87it/s]
Epoch 88/100: 100% 47/47 [00:00<00:00, 124.06it/s]
Epoch 89/100: 100% 47/47 [00:00<00:00, 108.44it/s]
Epoch 90/100:  36% 17/47 [00:00<00:00, 84.36it/s]{"train/step": 4250, "train/loss": 0.3135262429714203}
Epoch 90/100: 100% 47/47 [00:00<00:00, 87.46it/s]
{"epoch": 90, "val/mean_return": -119.94721009384062, "val/std_return": 33.304438412525286}
Epoch 91/100: 100% 47/47 [00:00<00:00, 107.87it/s]
Epoch 92/100: 100% 47/47 [00:00<00:00, 122.18it/s]
Epoch 93/100: 100% 47/47 [00:00<00:00, 122.09it/s]
Epoch 94/100: 100% 47/47 [00:00<00:00, 118.67it/s]
Epoch 95/100:  55% 26/47 [00:00<00:00, 122.33it/s]{"train/step": 4500, "train/loss": 0.651952862739563}
Epoch 95/100: 100% 47/47 [00:00<00:00, 120.25it/s]
Epoch 96/100: 100% 47/47 [00:00<00:00, 123.51it/s]
Epoch 97/100: 100% 47/47 [00:00<00:00, 119.30it/s]
Epoch 98/100: 100% 47/47 [00:00<00:00, 122.23it/s]
Epoch 99/100: 100% 47/47 [00:00<00:00, 119.95it/s]
Epoch 100/100: 100% 47/47 [00:00<00:00, 118.80it/s]
{"epoch": 100, "val/mean_return": -124.0477190400091, "val/std_return": 29.176960065417237}
--- Finished: Variant=no_plasticity, Env=Pendulum-v1, Seed=0 (Success) ---

--- [72/140] Running: Variant=no_plasticity, Env=Pendulum-v1, Seed=1 ---
{"train/param_count": 399761}
Epoch 1/100: 100% 47/47 [00:00<00:00, 62.35it/s]
Epoch 2/100: 100% 47/47 [00:00<00:00, 120.50it/s]
Epoch 3/100: 100% 47/47 [00:00<00:00, 114.47it/s]
Epoch 4/100: 100% 47/47 [00:00<00:00, 119.51it/s]
Epoch 5/100:  28% 13/47 [00:00<00:00, 123.79it/s]{"train/step": 250, "train/loss": 0.5341655611991882}
Epoch 5/100: 100% 47/47 [00:00<00:00, 114.62it/s]
Epoch 6/100: 100% 47/47 [00:00<00:00, 122.26it/s]
Epoch 7/100: 100% 47/47 [00:00<00:00, 121.94it/s]
Epoch 8/100: 100% 47/47 [00:00<00:00, 119.32it/s]
Epoch 9/100: 100% 47/47 [00:00<00:00, 119.51it/s]
Epoch 10/100:  62% 29/47 [00:00<00:00, 87.50it/s]{"train/step": 500, "train/loss": 0.5254846811294556}
Epoch 10/100: 100% 47/47 [00:00<00:00, 83.87it/s]
{"epoch": 10, "val/mean_return": -119.39760292044124, "val/std_return": 34.74609486061095}
Epoch 11/100: 100% 47/47 [00:00<00:00, 111.10it/s]
Epoch 12/100: 100% 47/47 [00:00<00:00, 120.38it/s]
Epoch 13/100: 100% 47/47 [00:00<00:00, 116.67it/s]
Epoch 14/100: 100% 47/47 [00:00<00:00, 113.05it/s]
Epoch 15/100:  81% 38/47 [00:00<00:00, 113.60it/s]{"train/step": 750, "train/loss": 0.4968282878398895}
Epoch 15/100: 100% 47/47 [00:00<00:00, 115.96it/s]
Epoch 16/100: 100% 47/47 [00:00<00:00, 107.29it/s]
Epoch 17/100: 100% 47/47 [00:00<00:00, 120.48it/s]
Epoch 18/100: 100% 47/47 [00:00<00:00, 119.27it/s]
Epoch 19/100: 100% 47/47 [00:00<00:00, 118.42it/s]
Epoch 20/100: 100% 47/47 [00:00<00:00, 119.78it/s]
{"epoch": 20, "val/mean_return": -123.75117005216883, "val/std_return": 36.50712485455405}
Epoch 21/100:  21% 10/47 [00:00<00:00, 97.38it/s]{"train/step": 1000, "train/loss": 0.4596109986305237}
Epoch 21/100: 100% 47/47 [00:00<00:00, 110.39it/s]
Epoch 22/100: 100% 47/47 [00:00<00:00, 113.83it/s]
Epoch 23/100: 100% 47/47 [00:00<00:00, 106.95it/s]
Epoch 24/100: 100% 47/47 [00:00<00:00, 120.67it/s]
Epoch 25/100: 100% 47/47 [00:00<00:00, 122.12it/s]
Epoch 26/100:  49% 23/47 [00:00<00:00, 111.44it/s]{"train/step": 1250, "train/loss": 0.6945516467094421}
Epoch 26/100: 100% 47/47 [00:00<00:00, 117.62it/s]
Epoch 27/100: 100% 47/47 [00:00<00:00, 119.30it/s]
Epoch 28/100: 100% 47/47 [00:00<00:00, 117.07it/s]
Epoch 29/100: 100% 47/47 [00:00<00:00, 115.62it/s]
Epoch 30/100: 100% 47/47 [00:00<00:00, 119.26it/s]
{"epoch": 30, "val/mean_return": -123.9710652607729, "val/std_return": 38.135302701422404}
Epoch 31/100:  70% 33/47 [00:00<00:00, 104.07it/s]{"train/step": 1500, "train/loss": 0.4261029362678528}
Epoch 31/100: 100% 47/47 [00:00<00:00, 109.21it/s]
Epoch 32/100: 100% 47/47 [00:00<00:00, 119.24it/s]
Epoch 33/100: 100% 47/47 [00:00<00:00, 118.44it/s]
Epoch 34/100: 100% 47/47 [00:00<00:00, 123.13it/s]
Epoch 35/100: 100% 47/47 [00:00<00:00, 118.27it/s]
Epoch 36/100: 100% 47/47 [00:00<00:00, 119.03it/s]
Epoch 37/100:  23% 11/47 [00:00<00:00, 105.74it/s]{"train/step": 1750, "train/loss": 0.5013387799263}
Epoch 37/100: 100% 47/47 [00:00<00:00, 116.56it/s]
Epoch 38/100: 100% 47/47 [00:00<00:00, 118.44it/s]
Epoch 39/100: 100% 47/47 [00:00<00:00, 113.65it/s]
Epoch 40/100: 100% 47/47 [00:00<00:00, 122.02it/s]
{"epoch": 40, "val/mean_return": -124.1827864145738, "val/std_return": 33.478278875732364}
Epoch 41/100: 100% 47/47 [00:00<00:00, 86.47it/s]
Epoch 42/100:  38% 18/47 [00:00<00:00, 84.72it/s]{"train/step": 2000, "train/loss": 0.6112757325172424}
Epoch 42/100: 100% 47/47 [00:00<00:00, 76.98it/s]
Epoch 43/100: 100% 47/47 [00:00<00:00, 107.98it/s]
Epoch 44/100: 100% 47/47 [00:00<00:00, 109.73it/s]
Epoch 45/100: 100% 47/47 [00:00<00:00, 120.37it/s]
Epoch 46/100: 100% 47/47 [00:00<00:00, 112.80it/s]
Epoch 47/100:  83% 39/47 [00:00<00:00, 116.96it/s]{"train/step": 2250, "train/loss": 0.5312661528587341}
Epoch 47/100: 100% 47/47 [00:00<00:00, 116.97it/s]
Epoch 48/100: 100% 47/47 [00:00<00:00, 119.61it/s]
Epoch 49/100: 100% 47/47 [00:00<00:00, 111.07it/s]
Epoch 50/100: 100% 47/47 [00:00<00:00, 121.25it/s]
{"epoch": 50, "val/mean_return": -120.32041497313966, "val/std_return": 34.60005678039601}
Epoch 51/100: 100% 47/47 [00:00<00:00, 115.54it/s]
Epoch 52/100: 100% 47/47 [00:00<00:00, 112.08it/s]
Epoch 53/100:   0% 0/47 [00:00<?, ?it/s]{"train/step": 2500, "train/loss": 0.44002124667167664}
Epoch 53/100: 100% 47/47 [00:00<00:00, 90.05it/s]
Epoch 54/100: 100% 47/47 [00:00<00:00, 89.12it/s]
Epoch 55/100: 100% 47/47 [00:00<00:00, 95.57it/s]
Epoch 56/100: 100% 47/47 [00:00<00:00, 76.95it/s]
Epoch 57/100: 100% 47/47 [00:00<00:00, 89.87it/s]
Epoch 58/100:  28% 13/47 [00:00<00:00, 121.42it/s]{"train/step": 2750, "train/loss": 0.5343358516693115}
Epoch 58/100: 100% 47/47 [00:00<00:00, 115.46it/s]
Epoch 59/100: 100% 47/47 [00:00<00:00, 120.82it/s]
Epoch 60/100: 100% 47/47 [00:00<00:00, 113.73it/s]
{"epoch": 60, "val/mean_return": -124.89495360664256, "val/std_return": 31.377254578040276}
Epoch 61/100: 100% 47/47 [00:00<00:00, 109.72it/s]
Epoch 62/100: 100% 47/47 [00:00<00:00, 114.51it/s]
Epoch 63/100:  83% 39/47 [00:00<00:00, 119.20it/s]{"train/step": 3000, "train/loss": 0.4440852105617523}
Epoch 63/100: 100% 47/47 [00:00<00:00, 121.98it/s]
Epoch 64/100: 100% 47/47 [00:00<00:00, 120.38it/s]
Epoch 65/100: 100% 47/47 [00:00<00:00, 123.16it/s]
Epoch 66/100: 100% 47/47 [00:00<00:00, 117.93it/s]
Epoch 67/100: 100% 47/47 [00:00<00:00, 107.08it/s]
Epoch 68/100: 100% 47/47 [00:00<00:00, 88.96it/s]
Epoch 69/100:   0% 0/47 [00:00<?, ?it/s]{"train/step": 3250, "train/loss": 0.4988010823726654}
Epoch 69/100: 100% 47/47 [00:00<00:00, 91.01it/s]
Epoch 70/100: 100% 47/47 [00:00<00:00, 88.79it/s]
{"epoch": 70, "val/mean_return": -125.17351482955033, "val/std_return": 35.31191643864568}
Epoch 71/100: 100% 47/47 [00:00<00:00, 111.26it/s]
Epoch 72/100: 100% 47/47 [00:00<00:00, 117.42it/s]
Epoch 73/100: 100% 47/47 [00:00<00:00, 125.79it/s]
Epoch 74/100:  26% 12/47 [00:00<00:00, 113.48it/s]{"train/step": 3500, "train/loss": 0.46991291642189026}
Epoch 74/100: 100% 47/47 [00:00<00:00, 115.24it/s]
Epoch 75/100: 100% 47/47 [00:00<00:00, 123.95it/s]
Epoch 76/100: 100% 47/47 [00:00<00:00, 118.28it/s]
Epoch 77/100: 100% 47/47 [00:00<00:00, 116.38it/s]
Epoch 78/100: 100% 47/47 [00:00<00:00, 119.63it/s]
Epoch 79/100:  77% 36/47 [00:00<00:00, 109.39it/s]{"train/step": 3750, "train/loss": 0.3973063826560974}
Epoch 79/100: 100% 47/47 [00:00<00:00, 105.92it/s]
Epoch 80/100: 100% 47/47 [00:00<00:00, 116.80it/s]
{"epoch": 80, "val/mean_return": -123.45302141294, "val/std_return": 33.56286344652962}
Epoch 81/100: 100% 47/47 [00:00<00:00, 114.29it/s]
Epoch 82/100: 100% 47/47 [00:00<00:00, 121.61it/s]
Epoch 83/100: 100% 47/47 [00:00<00:00, 121.90it/s]
Epoch 84/100: 100% 47/47 [00:00<00:00, 113.43it/s]
Epoch 85/100:   0% 0/47 [00:00<?, ?it/s]{"train/step": 4000, "train/loss": 0.4433358609676361}
Epoch 85/100: 100% 47/47 [00:00<00:00, 123.70it/s]
Epoch 86/100: 100% 47/47 [00:00<00:00, 122.58it/s]
Epoch 87/100: 100% 47/47 [00:00<00:00, 114.84it/s]
Epoch 88/100: 100% 47/47 [00:00<00:00, 126.25it/s]
Epoch 89/100: 100% 47/47 [00:00<00:00, 114.73it/s]
Epoch 90/100:  23% 11/47 [00:00<00:00, 106.98it/s]{"train/step": 4250, "train/loss": 0.41918572783470154}
Epoch 90/100: 100% 47/47 [00:00<00:00, 113.52it/s]
{"epoch": 90, "val/mean_return": -122.64092912743764, "val/std_return": 41.024521258991356}
Epoch 91/100: 100% 47/47 [00:00<00:00, 106.25it/s]
Epoch 92/100: 100% 47/47 [00:00<00:00, 118.22it/s]
Epoch 93/100: 100% 47/47 [00:00<00:00, 116.00it/s]
Epoch 94/100: 100% 47/47 [00:00<00:00, 120.22it/s]
Epoch 95/100:  49% 23/47 [00:00<00:00, 111.00it/s]{"train/step": 4500, "train/loss": 0.44996461272239685}
Epoch 95/100: 100% 47/47 [00:00<00:00, 113.25it/s]
Epoch 96/100: 100% 47/47 [00:00<00:00, 120.56it/s]
Epoch 97/100: 100% 47/47 [00:00<00:00, 119.16it/s]
Epoch 98/100: 100% 47/47 [00:00<00:00, 116.45it/s]
Epoch 99/100: 100% 47/47 [00:00<00:00, 118.35it/s]
Epoch 100/100: 100% 47/47 [00:00<00:00, 113.22it/s]
{"epoch": 100, "val/mean_return": -125.86911618325966, "val/std_return": 31.73560946290442}
--- Finished: Variant=no_plasticity, Env=Pendulum-v1, Seed=1 (Success) ---

--- [73/140] Running: Variant=no_plasticity, Env=Pendulum-v1, Seed=2 ---
{"train/param_count": 399761}
Epoch 1/100: 100% 47/47 [00:00<00:00, 61.75it/s]
Epoch 2/100: 100% 47/47 [00:00<00:00, 121.58it/s]
Epoch 3/100: 100% 47/47 [00:00<00:00, 114.15it/s]
Epoch 4/100: 100% 47/47 [00:00<00:00, 118.66it/s]
Epoch 5/100:  28% 13/47 [00:00<00:00, 127.03it/s]{"train/step": 250, "train/loss": 0.6237216591835022}
Epoch 5/100: 100% 47/47 [00:00<00:00, 114.57it/s]
Epoch 6/100: 100% 47/47 [00:00<00:00, 122.06it/s]
Epoch 7/100: 100% 47/47 [00:00<00:00, 122.14it/s]
Epoch 8/100: 100% 47/47 [00:00<00:00, 118.41it/s]
Epoch 9/100: 100% 47/47 [00:00<00:00, 117.11it/s]
Epoch 10/100:  55% 26/47 [00:00<00:00, 117.29it/s]{"train/step": 500, "train/loss": 0.5473591685295105}
Epoch 10/100: 100% 47/47 [00:00<00:00, 118.17it/s]
{"epoch": 10, "val/mean_return": -117.00118396123153, "val/std_return": 43.715515240848724}
Epoch 11/100: 100% 47/47 [00:00<00:00, 114.05it/s]
Epoch 12/100: 100% 47/47 [00:00<00:00, 116.82it/s]
Epoch 13/100: 100% 47/47 [00:00<00:00, 116.38it/s]
Epoch 14/100: 100% 47/47 [00:00<00:00, 123.07it/s]
Epoch 15/100:  83% 39/47 [00:00<00:00, 120.27it/s]{"train/step": 750, "train/loss": 0.517946183681488}
Epoch 15/100: 100% 47/47 [00:00<00:00, 116.80it/s]
Epoch 16/100: 100% 47/47 [00:00<00:00, 123.44it/s]
Epoch 17/100: 100% 47/47 [00:00<00:00, 122.66it/s]
Epoch 18/100: 100% 47/47 [00:00<00:00, 114.86it/s]
Epoch 19/100: 100% 47/47 [00:00<00:00, 120.90it/s]
Epoch 20/100: 100% 47/47 [00:00<00:00, 121.30it/s]
{"epoch": 20, "val/mean_return": -124.5440099176025, "val/std_return": 40.77865637721989}
Epoch 21/100:  23% 11/47 [00:00<00:00, 104.35it/s]{"train/step": 1000, "train/loss": 0.48960456252098083}
Epoch 21/100: 100% 47/47 [00:00<00:00, 114.80it/s]
Epoch 22/100: 100% 47/47 [00:00<00:00, 121.92it/s]
Epoch 23/100: 100% 47/47 [00:00<00:00, 113.51it/s]
Epoch 24/100: 100% 47/47 [00:00<00:00, 119.21it/s]
Epoch 25/100: 100% 47/47 [00:00<00:00, 119.22it/s]
Epoch 26/100:  51% 24/47 [00:00<00:00, 119.09it/s]{"train/step": 1250, "train/loss": 0.4761818051338196}
Epoch 26/100: 100% 47/47 [00:00<00:00, 118.20it/s]
Epoch 27/100: 100% 47/47 [00:00<00:00, 120.44it/s]
Epoch 28/100: 100% 47/47 [00:00<00:00, 113.95it/s]
Epoch 29/100: 100% 47/47 [00:00<00:00, 122.28it/s]
Epoch 30/100: 100% 47/47 [00:00<00:00, 115.86it/s]
{"epoch": 30, "val/mean_return": -125.37419738147933, "val/std_return": 37.31188411884255}
Epoch 31/100:  85% 40/47 [00:00<00:00, 89.69it/s]{"train/step": 1500, "train/loss": 0.46619105339050293}
Epoch 31/100: 100% 47/47 [00:00<00:00, 91.54it/s]
Epoch 32/100: 100% 47/47 [00:00<00:00, 97.26it/s]
Epoch 33/100: 100% 47/47 [00:00<00:00, 77.56it/s]
Epoch 34/100: 100% 47/47 [00:00<00:00, 97.05it/s]
Epoch 35/100: 100% 47/47 [00:00<00:00, 112.16it/s]
Epoch 36/100: 100% 47/47 [00:00<00:00, 121.15it/s]
Epoch 37/100:   0% 0/47 [00:00<?, ?it/s]{"train/step": 1750, "train/loss": 0.4617956280708313}
Epoch 37/100: 100% 47/47 [00:00<00:00, 117.79it/s]
Epoch 38/100: 100% 47/47 [00:00<00:00, 114.97it/s]
Epoch 39/100: 100% 47/47 [00:00<00:00, 120.99it/s]
Epoch 40/100: 100% 47/47 [00:00<00:00, 119.20it/s]
{"epoch": 40, "val/mean_return": -121.88047409647032, "val/std_return": 37.26983113355871}
Epoch 41/100: 100% 47/47 [00:00<00:00, 116.99it/s]
Epoch 42/100:  51% 24/47 [00:00<00:00, 114.13it/s]{"train/step": 2000, "train/loss": 0.528020977973938}
Epoch 42/100: 100% 47/47 [00:00<00:00, 114.32it/s]
Epoch 43/100: 100% 47/47 [00:00<00:00, 120.72it/s]
Epoch 44/100: 100% 47/47 [00:00<00:00, 112.48it/s]
Epoch 45/100: 100% 47/47 [00:00<00:00, 82.49it/s]
Epoch 46/100: 100% 47/47 [00:00<00:00, 86.16it/s]
Epoch 47/100:  87% 41/47 [00:00<00:00, 95.01it/s]{"train/step": 2250, "train/loss": 0.5345543622970581}
Epoch 47/100: 100% 47/47 [00:00<00:00, 94.18it/s]
Epoch 48/100: 100% 47/47 [00:00<00:00, 80.12it/s]
Epoch 49/100: 100% 47/47 [00:00<00:00, 103.64it/s]
Epoch 50/100: 100% 47/47 [00:00<00:00, 118.19it/s]
{"epoch": 50, "val/mean_return": -130.26217722799305, "val/std_return": 37.22467877117358}
Epoch 51/100: 100% 47/47 [00:00<00:00, 101.53it/s]
Epoch 52/100: 100% 47/47 [00:00<00:00, 97.07it/s]
Epoch 53/100:   0% 0/47 [00:00<?, ?it/s]{"train/step": 2500, "train/loss": 0.4243602752685547}
Epoch 53/100: 100% 47/47 [00:00<00:00, 104.77it/s]
Epoch 54/100: 100% 47/47 [00:00<00:00, 119.19it/s]
Epoch 55/100: 100% 47/47 [00:00<00:00, 118.17it/s]
Epoch 56/100: 100% 47/47 [00:00<00:00, 115.74it/s]
Epoch 57/100: 100% 47/47 [00:00<00:00, 119.07it/s]
Epoch 58/100:  28% 13/47 [00:00<00:00, 123.01it/s]{"train/step": 2750, "train/loss": 0.5577237010002136}
Epoch 58/100: 100% 47/47 [00:00<00:00, 118.81it/s]
Epoch 59/100: 100% 47/47 [00:00<00:00, 85.50it/s]
Epoch 60/100: 100% 47/47 [00:00<00:00, 77.80it/s]
{"epoch": 60, "val/mean_return": -116.79863279119668, "val/std_return": 37.17442560372603}
Epoch 61/100: 100% 47/47 [00:00<00:00, 108.50it/s]
Epoch 62/100: 100% 47/47 [00:00<00:00, 116.22it/s]
Epoch 63/100:  83% 39/47 [00:00<00:00, 113.47it/s]{"train/step": 3000, "train/loss": 0.3612635135650635}
Epoch 63/100: 100% 47/47 [00:00<00:00, 114.77it/s]
Epoch 64/100: 100% 47/47 [00:00<00:00, 113.80it/s]
Epoch 65/100: 100% 47/47 [00:00<00:00, 111.56it/s]
Epoch 66/100: 100% 47/47 [00:00<00:00, 119.51it/s]
Epoch 67/100: 100% 47/47 [00:00<00:00, 121.41it/s]
Epoch 68/100: 100% 47/47 [00:00<00:00, 114.49it/s]
Epoch 69/100:   0% 0/47 [00:00<?, ?it/s]{"train/step": 3250, "train/loss": 0.6294556856155396}
Epoch 69/100: 100% 47/47 [00:00<00:00, 116.15it/s]
Epoch 70/100: 100% 47/47 [00:00<00:00, 119.59it/s]
{"epoch": 70, "val/mean_return": -124.11870578847862, "val/std_return": 39.10791273948393}
Epoch 71/100: 100% 47/47 [00:00<00:00, 107.84it/s]
Epoch 72/100: 100% 47/47 [00:00<00:00, 114.49it/s]
Epoch 73/100: 100% 47/47 [00:00<00:00, 111.60it/s]
Epoch 74/100:  28% 13/47 [00:00<00:00, 123.58it/s]{"train/step": 3500, "train/loss": 0.5321187973022461}
Epoch 74/100: 100% 47/47 [00:00<00:00, 115.13it/s]
Epoch 75/100: 100% 47/47 [00:00<00:00, 113.85it/s]
Epoch 76/100: 100% 47/47 [00:00<00:00, 115.89it/s]
Epoch 77/100: 100% 47/47 [00:00<00:00, 120.29it/s]
Epoch 78/100: 100% 47/47 [00:00<00:00, 118.34it/s]
Epoch 79/100:  55% 26/47 [00:00<00:00, 111.04it/s]{"train/step": 3750, "train/loss": 0.5519719123840332}
Epoch 79/100: 100% 47/47 [00:00<00:00, 115.48it/s]
Epoch 80/100: 100% 47/47 [00:00<00:00, 114.51it/s]
{"epoch": 80, "val/mean_return": -123.18494071838832, "val/std_return": 34.09028444910542}
Epoch 81/100: 100% 47/47 [00:00<00:00, 111.01it/s]
Epoch 82/100: 100% 47/47 [00:00<00:00, 119.97it/s]
Epoch 83/100: 100% 47/47 [00:00<00:00, 113.71it/s]
Epoch 84/100: 100% 47/47 [00:00<00:00, 118.91it/s]
Epoch 85/100:   0% 0/47 [00:00<?, ?it/s]{"train/step": 4000, "train/loss": 0.3887414336204529}
Epoch 85/100: 100% 47/47 [00:00<00:00, 118.60it/s]
Epoch 86/100: 100% 47/47 [00:00<00:00, 123.87it/s]
Epoch 87/100: 100% 47/47 [00:00<00:00, 120.46it/s]
Epoch 88/100: 100% 47/47 [00:00<00:00, 116.87it/s]
Epoch 89/100: 100% 47/47 [00:00<00:00, 120.89it/s]
Epoch 90/100:  26% 12/47 [00:00<00:00, 115.37it/s]{"train/step": 4250, "train/loss": 0.5562416911125183}
Epoch 90/100: 100% 47/47 [00:00<00:00, 111.65it/s]
{"epoch": 90, "val/mean_return": -118.25473138176463, "val/std_return": 37.85913168510666}
Epoch 91/100: 100% 47/47 [00:00<00:00, 111.94it/s]
Epoch 92/100: 100% 47/47 [00:00<00:00, 121.71it/s]
Epoch 93/100: 100% 47/47 [00:00<00:00, 110.46it/s]
Epoch 94/100: 100% 47/47 [00:00<00:00, 115.38it/s]
Epoch 95/100:  51% 24/47 [00:00<00:00, 113.02it/s]{"train/step": 4500, "train/loss": 0.3804246485233307}
Epoch 95/100: 100% 47/47 [00:00<00:00, 110.40it/s]
Epoch 96/100: 100% 47/47 [00:00<00:00, 121.42it/s]
Epoch 97/100: 100% 47/47 [00:00<00:00, 115.54it/s]
Epoch 98/100: 100% 47/47 [00:00<00:00, 116.74it/s]
Epoch 99/100: 100% 47/47 [00:00<00:00, 117.30it/s]
Epoch 100/100: 100% 47/47 [00:00<00:00, 118.01it/s]
{"epoch": 100, "val/mean_return": -119.38936910739423, "val/std_return": 34.732537324482074}
--- Finished: Variant=no_plasticity, Env=Pendulum-v1, Seed=2 (Success) ---

--- [74/140] Running: Variant=no_plasticity, Env=Pendulum-v1, Seed=3 ---
{"train/param_count": 399761}
Epoch 1/100: 100% 47/47 [00:00<00:00, 62.34it/s]
Epoch 2/100: 100% 47/47 [00:00<00:00, 115.10it/s]
Epoch 3/100: 100% 47/47 [00:00<00:00, 117.65it/s]
Epoch 4/100: 100% 47/47 [00:00<00:00, 111.24it/s]
Epoch 5/100:  28% 13/47 [00:00<00:00, 126.01it/s]{"train/step": 250, "train/loss": 0.5617921948432922}
Epoch 5/100: 100% 47/47 [00:00<00:00, 115.16it/s]
Epoch 6/100: 100% 47/47 [00:00<00:00, 115.08it/s]
Epoch 7/100: 100% 47/47 [00:00<00:00, 107.78it/s]
Epoch 8/100: 100% 47/47 [00:00<00:00, 115.69it/s]
Epoch 9/100: 100% 47/47 [00:00<00:00, 113.78it/s]
Epoch 10/100:  55% 26/47 [00:00<00:00, 113.49it/s]{"train/step": 500, "train/loss": 0.5088261961936951}
Epoch 10/100: 100% 47/47 [00:00<00:00, 115.31it/s]
{"epoch": 10, "val/mean_return": -121.0839511443808, "val/std_return": 33.043743938027184}
Epoch 11/100: 100% 47/47 [00:00<00:00, 106.86it/s]
Epoch 12/100: 100% 47/47 [00:00<00:00, 115.33it/s]
Epoch 13/100: 100% 47/47 [00:00<00:00, 116.09it/s]
Epoch 14/100: 100% 47/47 [00:00<00:00, 116.96it/s]
Epoch 15/100:  83% 39/47 [00:00<00:00, 115.90it/s]{"train/step": 750, "train/loss": 0.5409726500511169}
Epoch 15/100: 100% 47/47 [00:00<00:00, 119.42it/s]
Epoch 16/100: 100% 47/47 [00:00<00:00, 108.77it/s]
Epoch 17/100: 100% 47/47 [00:00<00:00, 120.05it/s]
Epoch 18/100: 100% 47/47 [00:00<00:00, 117.12it/s]
Epoch 19/100: 100% 47/47 [00:00<00:00, 119.04it/s]
Epoch 20/100: 100% 47/47 [00:00<00:00, 123.45it/s]
{"epoch": 20, "val/mean_return": -119.31287338680278, "val/std_return": 39.062789567251805}
Epoch 21/100:  19% 9/47 [00:00<00:00, 88.36it/s]{"train/step": 1000, "train/loss": 0.5207594037055969}
Epoch 21/100: 100% 47/47 [00:00<00:00, 85.40it/s]
Epoch 22/100: 100% 47/47 [00:00<00:00, 92.23it/s]
Epoch 23/100: 100% 47/47 [00:00<00:00, 79.28it/s]
Epoch 24/100: 100% 47/47 [00:00<00:00, 110.27it/s]
Epoch 25/100: 100% 47/47 [00:00<00:00, 124.18it/s]
Epoch 26/100:  49% 23/47 [00:00<00:00, 116.54it/s]{"train/step": 1250, "train/loss": 0.6040591597557068}
Epoch 26/100: 100% 47/47 [00:00<00:00, 116.59it/s]
Epoch 27/100: 100% 47/47 [00:00<00:00, 119.53it/s]
Epoch 28/100: 100% 47/47 [00:00<00:00, 121.39it/s]
Epoch 29/100: 100% 47/47 [00:00<00:00, 120.12it/s]
Epoch 30/100: 100% 47/47 [00:00<00:00, 121.46it/s]
{"epoch": 30, "val/mean_return": -128.440295982527, "val/std_return": 29.962352874058855}
Epoch 31/100:  70% 33/47 [00:00<00:00, 106.47it/s]{"train/step": 1500, "train/loss": 0.4705529808998108}
Epoch 31/100: 100% 47/47 [00:00<00:00, 109.50it/s]
Epoch 32/100: 100% 47/47 [00:00<00:00, 104.10it/s]
Epoch 33/100: 100% 47/47 [00:00<00:00, 120.15it/s]
Epoch 34/100: 100% 47/47 [00:00<00:00, 100.13it/s]
Epoch 35/100: 100% 47/47 [00:00<00:00, 87.17it/s]
Epoch 36/100: 100% 47/47 [00:00<00:00, 88.69it/s]
Epoch 37/100:  21% 10/47 [00:00<00:00, 94.90it/s]{"train/step": 1750, "train/loss": 0.45775943994522095}
Epoch 37/100: 100% 47/47 [00:00<00:00, 89.98it/s]
Epoch 38/100: 100% 47/47 [00:00<00:00, 83.16it/s]
Epoch 39/100: 100% 47/47 [00:00<00:00, 105.25it/s]
Epoch 40/100: 100% 47/47 [00:00<00:00, 120.57it/s]
{"epoch": 40, "val/mean_return": -119.4738790653392, "val/std_return": 37.78751440509907}
Epoch 41/100: 100% 47/47 [00:00<00:00, 113.51it/s]
Epoch 42/100:  51% 24/47 [00:00<00:00, 108.76it/s]{"train/step": 2000, "train/loss": 0.5333793759346008}
Epoch 42/100: 100% 47/47 [00:00<00:00, 116.68it/s]
Epoch 43/100: 100% 47/47 [00:00<00:00, 116.28it/s]
Epoch 44/100: 100% 47/47 [00:00<00:00, 117.53it/s]
Epoch 45/100: 100% 47/47 [00:00<00:00, 118.39it/s]
Epoch 46/100: 100% 47/47 [00:00<00:00, 119.81it/s]
Epoch 47/100:  79% 37/47 [00:00<00:00, 119.29it/s]{"train/step": 2250, "train/loss": 0.4445417523384094}
Epoch 47/100: 100% 47/47 [00:00<00:00, 115.75it/s]
Epoch 48/100: 100% 47/47 [00:00<00:00, 117.29it/s]
Epoch 49/100: 100% 47/47 [00:00<00:00, 101.38it/s]
Epoch 50/100: 100% 47/47 [00:00<00:00, 84.68it/s]
{"epoch": 50, "val/mean_return": -126.67640551199673, "val/std_return": 32.049398622958186}
Epoch 51/100: 100% 47/47 [00:00<00:00, 109.34it/s]
Epoch 52/100: 100% 47/47 [00:00<00:00, 116.28it/s]
Epoch 53/100:   0% 0/47 [00:00<?, ?it/s]{"train/step": 2500, "train/loss": 0.4776798188686371}
Epoch 53/100: 100% 47/47 [00:00<00:00, 124.21it/s]
Epoch 54/100: 100% 47/47 [00:00<00:00, 121.97it/s]
Epoch 55/100: 100% 47/47 [00:00<00:00, 124.76it/s]
Epoch 56/100: 100% 47/47 [00:00<00:00, 124.97it/s]
Epoch 57/100: 100% 47/47 [00:00<00:00, 116.85it/s]
Epoch 58/100:  28% 13/47 [00:00<00:00, 129.23it/s]{"train/step": 2750, "train/loss": 0.4992302358150482}
Epoch 58/100: 100% 47/47 [00:00<00:00, 121.99it/s]
Epoch 59/100: 100% 47/47 [00:00<00:00, 123.68it/s]
Epoch 60/100: 100% 47/47 [00:00<00:00, 118.32it/s]
{"epoch": 60, "val/mean_return": -120.372441656078, "val/std_return": 36.74906529738193}
Epoch 61/100: 100% 47/47 [00:00<00:00, 110.25it/s]
Epoch 62/100: 100% 47/47 [00:00<00:00, 116.30it/s]
Epoch 63/100:  81% 38/47 [00:00<00:00, 115.62it/s]{"train/step": 3000, "train/loss": 0.4643112123012543}
Epoch 63/100: 100% 47/47 [00:00<00:00, 110.09it/s]
Epoch 64/100: 100% 47/47 [00:00<00:00, 111.88it/s]
Epoch 65/100: 100% 47/47 [00:00<00:00, 111.96it/s]
Epoch 66/100: 100% 47/47 [00:00<00:00, 113.20it/s]
Epoch 67/100: 100% 47/47 [00:00<00:00, 113.46it/s]
Epoch 68/100: 100% 47/47 [00:00<00:00, 123.27it/s]
Epoch 69/100:   0% 0/47 [00:00<?, ?it/s]{"train/step": 3250, "train/loss": 0.5631875395774841}
Epoch 69/100: 100% 47/47 [00:00<00:00, 118.40it/s]
Epoch 70/100: 100% 47/47 [00:00<00:00, 118.14it/s]
{"epoch": 70, "val/mean_return": -121.9461163426007, "val/std_return": 38.87815442235161}
Epoch 71/100: 100% 47/47 [00:00<00:00, 118.63it/s]
Epoch 72/100: 100% 47/47 [00:00<00:00, 115.61it/s]
Epoch 73/100: 100% 47/47 [00:00<00:00, 123.79it/s]
Epoch 74/100:  23% 11/47 [00:00<00:00, 105.94it/s]{"train/step": 3500, "train/loss": 0.4420691430568695}
Epoch 74/100: 100% 47/47 [00:00<00:00, 117.62it/s]
Epoch 75/100: 100% 47/47 [00:00<00:00, 121.32it/s]
Epoch 76/100: 100% 47/47 [00:00<00:00, 122.32it/s]
Epoch 77/100: 100% 47/47 [00:00<00:00, 120.26it/s]
Epoch 78/100: 100% 47/47 [00:00<00:00, 119.75it/s]
Epoch 79/100:  55% 26/47 [00:00<00:00, 120.66it/s]{"train/step": 3750, "train/loss": 0.4035959243774414}
Epoch 79/100: 100% 47/47 [00:00<00:00, 124.77it/s]
Epoch 80/100: 100% 47/47 [00:00<00:00, 114.50it/s]
{"epoch": 80, "val/mean_return": -124.5183596874803, "val/std_return": 35.11553609157448}
Epoch 81/100: 100% 47/47 [00:00<00:00, 85.50it/s]
Epoch 82/100: 100% 47/47 [00:00<00:00, 81.82it/s]
Epoch 83/100: 100% 47/47 [00:00<00:00, 89.04it/s]
Epoch 84/100: 100% 47/47 [00:00<00:00, 118.54it/s]
Epoch 85/100:   0% 0/47 [00:00<?, ?it/s]{"train/step": 4000, "train/loss": 0.3833773732185364}
Epoch 85/100: 100% 47/47 [00:00<00:00, 113.69it/s]
Epoch 86/100: 100% 47/47 [00:00<00:00, 117.09it/s]
Epoch 87/100: 100% 47/47 [00:00<00:00, 119.15it/s]
Epoch 88/100: 100% 47/47 [00:00<00:00, 114.20it/s]
Epoch 89/100: 100% 47/47 [00:00<00:00, 119.53it/s]
Epoch 90/100:  28% 13/47 [00:00<00:00, 126.82it/s]{"train/step": 4250, "train/loss": 0.46861696243286133}
Epoch 90/100: 100% 47/47 [00:00<00:00, 117.51it/s]
{"epoch": 90, "val/mean_return": -119.35081896787744, "val/std_return": 32.939206017918664}
Epoch 91/100: 100% 47/47 [00:00<00:00, 104.43it/s]
Epoch 92/100: 100% 47/47 [00:00<00:00, 109.90it/s]
Epoch 93/100: 100% 47/47 [00:00<00:00, 109.14it/s]
Epoch 94/100: 100% 47/47 [00:00<00:00, 84.61it/s]
Epoch 95/100:  64% 30/47 [00:00<00:00, 92.22it/s]{"train/step": 4500, "train/loss": 0.43091630935668945}
Epoch 95/100: 100% 47/47 [00:00<00:00, 90.53it/s]
Epoch 96/100: 100% 47/47 [00:00<00:00, 86.53it/s]
Epoch 97/100: 100% 47/47 [00:00<00:00, 80.21it/s]
Epoch 98/100: 100% 47/47 [00:00<00:00, 101.19it/s]
Epoch 99/100: 100% 47/47 [00:00<00:00, 119.17it/s]
Epoch 100/100: 100% 47/47 [00:00<00:00, 114.80it/s]
{"epoch": 100, "val/mean_return": -119.51244616817372, "val/std_return": 39.78407708197075}
--- Finished: Variant=no_plasticity, Env=Pendulum-v1, Seed=3 (Success) ---

--- [75/140] Running: Variant=no_plasticity, Env=Pendulum-v1, Seed=4 ---
{"train/param_count": 399761}
Epoch 1/100: 100% 47/47 [00:00<00:00, 50.20it/s]
Epoch 2/100: 100% 47/47 [00:00<00:00, 80.16it/s]
Epoch 3/100: 100% 47/47 [00:00<00:00, 92.93it/s]
Epoch 4/100: 100% 47/47 [00:00<00:00, 123.29it/s]
Epoch 5/100:  28% 13/47 [00:00<00:00, 128.98it/s]{"train/step": 250, "train/loss": 0.35784825682640076}
Epoch 5/100: 100% 47/47 [00:00<00:00, 121.67it/s]
Epoch 6/100: 100% 47/47 [00:00<00:00, 117.39it/s]
Epoch 7/100: 100% 47/47 [00:00<00:00, 120.84it/s]
Epoch 8/100: 100% 47/47 [00:00<00:00, 117.56it/s]
Epoch 9/100: 100% 47/47 [00:00<00:00, 112.64it/s]
Epoch 10/100:  55% 26/47 [00:00<00:00, 106.83it/s]{"train/step": 500, "train/loss": 0.5203839540481567}
Epoch 10/100: 100% 47/47 [00:00<00:00, 113.25it/s]
{"epoch": 10, "val/mean_return": -121.46682273579461, "val/std_return": 40.423305672763234}
Epoch 11/100: 100% 47/47 [00:00<00:00, 111.40it/s]
Epoch 12/100: 100% 47/47 [00:00<00:00, 111.32it/s]
Epoch 13/100: 100% 47/47 [00:00<00:00, 106.25it/s]
Epoch 14/100: 100% 47/47 [00:00<00:00, 83.24it/s]
Epoch 15/100:  85% 40/47 [00:00<00:00, 95.27it/s]{"train/step": 750, "train/loss": 0.49756747484207153}
Epoch 15/100: 100% 47/47 [00:00<00:00, 93.71it/s]
Epoch 16/100: 100% 47/47 [00:00<00:00, 89.16it/s]
Epoch 17/100: 100% 47/47 [00:00<00:00, 78.43it/s]
Epoch 18/100: 100% 47/47 [00:00<00:00, 118.54it/s]
Epoch 19/100: 100% 47/47 [00:00<00:00, 125.41it/s]
Epoch 20/100: 100% 47/47 [00:00<00:00, 122.41it/s]
{"epoch": 20, "val/mean_return": -121.10930006099487, "val/std_return": 42.30684123748327}
Epoch 21/100:  23% 11/47 [00:00<00:00, 104.58it/s]{"train/step": 1000, "train/loss": 0.5539858937263489}
Epoch 21/100: 100% 47/47 [00:00<00:00, 110.98it/s]
Epoch 22/100: 100% 47/47 [00:00<00:00, 117.20it/s]
Epoch 23/100: 100% 47/47 [00:00<00:00, 124.92it/s]
Epoch 24/100: 100% 47/47 [00:00<00:00, 114.72it/s]
Epoch 25/100: 100% 47/47 [00:00<00:00, 123.74it/s]
Epoch 26/100:  55% 26/47 [00:00<00:00, 120.13it/s]{"train/step": 1250, "train/loss": 0.4045320451259613}
Epoch 26/100: 100% 47/47 [00:00<00:00, 124.17it/s]
Epoch 27/100: 100% 47/47 [00:00<00:00, 118.97it/s]
Epoch 28/100: 100% 47/47 [00:00<00:00, 95.46it/s]
Epoch 29/100: 100% 47/47 [00:00<00:00, 84.56it/s]
Epoch 30/100: 100% 47/47 [00:00<00:00, 93.53it/s]
{"epoch": 30, "val/mean_return": -114.5111235575861, "val/std_return": 39.37987432006466}
Epoch 31/100:  72% 34/47 [00:00<00:00, 102.75it/s]{"train/step": 1500, "train/loss": 0.5910760164260864}
Epoch 31/100: 100% 47/47 [00:00<00:00, 108.61it/s]
Epoch 32/100: 100% 47/47 [00:00<00:00, 120.37it/s]
Epoch 33/100: 100% 47/47 [00:00<00:00, 114.81it/s]
Epoch 34/100: 100% 47/47 [00:00<00:00, 117.64it/s]
Epoch 35/100: 100% 47/47 [00:00<00:00, 117.80it/s]
Epoch 36/100: 100% 47/47 [00:00<00:00, 113.15it/s]
Epoch 37/100:  23% 11/47 [00:00<00:00, 108.35it/s]{"train/step": 1750, "train/loss": 0.5139600038528442}
Epoch 37/100: 100% 47/47 [00:00<00:00, 115.07it/s]
Epoch 38/100: 100% 47/47 [00:00<00:00, 114.17it/s]
Epoch 39/100: 100% 47/47 [00:00<00:00, 113.68it/s]
Epoch 40/100: 100% 47/47 [00:00<00:00, 115.22it/s]
{"epoch": 40, "val/mean_return": -124.66179525703203, "val/std_return": 35.48573497569956}
Epoch 41/100: 100% 47/47 [00:00<00:00, 110.39it/s]
Epoch 42/100:  55% 26/47 [00:00<00:00, 114.27it/s]{"train/step": 2000, "train/loss": 0.45075249671936035}
Epoch 42/100: 100% 47/47 [00:00<00:00, 119.71it/s]
Epoch 43/100: 100% 47/47 [00:00<00:00, 123.28it/s]
Epoch 44/100: 100% 47/47 [00:00<00:00, 111.91it/s]
Epoch 45/100: 100% 47/47 [00:00<00:00, 114.97it/s]
Epoch 46/100: 100% 47/47 [00:00<00:00, 114.39it/s]
Epoch 47/100:  79% 37/47 [00:00<00:00, 121.24it/s]{"train/step": 2250, "train/loss": 0.5673132538795471}
Epoch 47/100: 100% 47/47 [00:00<00:00, 116.71it/s]
Epoch 48/100: 100% 47/47 [00:00<00:00, 120.14it/s]
Epoch 49/100: 100% 47/47 [00:00<00:00, 117.33it/s]
Epoch 50/100: 100% 47/47 [00:00<00:00, 121.33it/s]
{"epoch": 50, "val/mean_return": -122.21902799349317, "val/std_return": 38.479587178700996}
Epoch 51/100: 100% 47/47 [00:00<00:00, 110.98it/s]
Epoch 52/100: 100% 47/47 [00:00<00:00, 123.14it/s]
Epoch 53/100:   0% 0/47 [00:00<?, ?it/s]{"train/step": 2500, "train/loss": 0.5245718955993652}
Epoch 53/100: 100% 47/47 [00:00<00:00, 123.26it/s]
Epoch 54/100: 100% 47/47 [00:00<00:00, 119.49it/s]
Epoch 55/100: 100% 47/47 [00:00<00:00, 119.56it/s]
Epoch 56/100: 100% 47/47 [00:00<00:00, 119.48it/s]
Epoch 57/100: 100% 47/47 [00:00<00:00, 122.07it/s]
Epoch 58/100:  51% 24/47 [00:00<00:00, 121.30it/s]{"train/step": 2750, "train/loss": 0.31158027052879333}
Epoch 58/100: 100% 47/47 [00:00<00:00, 117.67it/s]
Epoch 59/100: 100% 47/47 [00:00<00:00, 117.24it/s]
Epoch 60/100: 100% 47/47 [00:00<00:00, 116.72it/s]
{"epoch": 60, "val/mean_return": -124.67846610061703, "val/std_return": 32.17010672484272}
Epoch 61/100: 100% 47/47 [00:00<00:00, 106.13it/s]
Epoch 62/100: 100% 47/47 [00:00<00:00, 111.12it/s]
Epoch 63/100:  83% 39/47 [00:00<00:00, 120.68it/s]{"train/step": 3000, "train/loss": 0.37886083126068115}
Epoch 63/100: 100% 47/47 [00:00<00:00, 121.01it/s]
Epoch 64/100: 100% 47/47 [00:00<00:00, 112.11it/s]
Epoch 65/100: 100% 47/47 [00:00<00:00, 121.39it/s]
Epoch 66/100: 100% 47/47 [00:00<00:00, 117.68it/s]
Epoch 67/100: 100% 47/47 [00:00<00:00, 113.04it/s]
Epoch 68/100: 100% 47/47 [00:00<00:00, 121.17it/s]
Epoch 69/100:   0% 0/47 [00:00<?, ?it/s]{"train/step": 3250, "train/loss": 0.45057711005210876}
Epoch 69/100: 100% 47/47 [00:00<00:00, 117.75it/s]
Epoch 70/100: 100% 47/47 [00:00<00:00, 117.46it/s]
{"epoch": 70, "val/mean_return": -125.78906714474671, "val/std_return": 40.04127853512505}
Epoch 71/100: 100% 47/47 [00:00<00:00, 79.39it/s]
Epoch 72/100: 100% 47/47 [00:00<00:00, 85.18it/s]
Epoch 73/100: 100% 47/47 [00:00<00:00, 82.71it/s]
Epoch 74/100:  38% 18/47 [00:00<00:00, 84.52it/s]{"train/step": 3500, "train/loss": 0.5777727365493774}
Epoch 74/100: 100% 47/47 [00:00<00:00, 80.30it/s]
Epoch 75/100: 100% 47/47 [00:00<00:00, 106.36it/s]
Epoch 76/100: 100% 47/47 [00:00<00:00, 117.77it/s]
Epoch 77/100: 100% 47/47 [00:00<00:00, 118.54it/s]
Epoch 78/100: 100% 47/47 [00:00<00:00, 116.80it/s]
Epoch 79/100:  74% 35/47 [00:00<00:00, 115.17it/s]{"train/step": 3750, "train/loss": 0.4746437072753906}
Epoch 79/100: 100% 47/47 [00:00<00:00, 110.49it/s]
Epoch 80/100: 100% 47/47 [00:00<00:00, 117.92it/s]
{"epoch": 80, "val/mean_return": -121.18731888738265, "val/std_return": 36.698402828941504}
Epoch 81/100: 100% 47/47 [00:00<00:00, 106.95it/s]
Epoch 82/100: 100% 47/47 [00:00<00:00, 112.27it/s]
Epoch 83/100: 100% 47/47 [00:00<00:00, 123.56it/s]
Epoch 84/100: 100% 47/47 [00:00<00:00, 118.29it/s]
Epoch 85/100:   0% 0/47 [00:00<?, ?it/s]{"train/step": 4000, "train/loss": 0.5478206872940063}
Epoch 85/100: 100% 47/47 [00:00<00:00, 100.53it/s]
Epoch 86/100: 100% 47/47 [00:00<00:00, 82.47it/s]
Epoch 87/100: 100% 47/47 [00:00<00:00, 80.59it/s]
Epoch 88/100: 100% 47/47 [00:00<00:00, 79.80it/s]
Epoch 89/100: 100% 47/47 [00:00<00:00, 88.14it/s]
Epoch 90/100:  28% 13/47 [00:00<00:00, 122.22it/s]{"train/step": 4250, "train/loss": 0.5783321261405945}
Epoch 90/100: 100% 47/47 [00:00<00:00, 119.38it/s]
{"epoch": 90, "val/mean_return": -123.9512135258155, "val/std_return": 35.12900398800036}
Epoch 91/100: 100% 47/47 [00:00<00:00, 110.23it/s]
Epoch 92/100: 100% 47/47 [00:00<00:00, 117.41it/s]
Epoch 93/100: 100% 47/47 [00:00<00:00, 112.86it/s]
Epoch 94/100: 100% 47/47 [00:00<00:00, 122.98it/s]
Epoch 95/100:  51% 24/47 [00:00<00:00, 108.20it/s]{"train/step": 4500, "train/loss": 0.44875475764274597}
Epoch 95/100: 100% 47/47 [00:00<00:00, 116.50it/s]
Epoch 96/100: 100% 47/47 [00:00<00:00, 117.85it/s]
Epoch 97/100: 100% 47/47 [00:00<00:00, 115.07it/s]
Epoch 98/100: 100% 47/47 [00:00<00:00, 119.54it/s]
Epoch 99/100: 100% 47/47 [00:00<00:00, 120.21it/s]
Epoch 100/100: 100% 47/47 [00:00<00:00, 87.66it/s]
{"epoch": 100, "val/mean_return": -121.20391262203474, "val/std_return": 37.766310575097286}
--- Finished: Variant=no_plasticity, Env=Pendulum-v1, Seed=4 (Success) ---

--- [76/140] Running: Variant=no_routing, Env=Pendulum-v1, Seed=0 ---
{"train/param_count": 398217}
Epoch 1/100: 100% 47/47 [00:00<00:00, 67.16it/s]
Epoch 2/100: 100% 47/47 [00:00<00:00, 129.10it/s]
Epoch 3/100: 100% 47/47 [00:00<00:00, 122.53it/s]
Epoch 4/100: 100% 47/47 [00:00<00:00, 130.28it/s]
Epoch 5/100:  30% 14/47 [00:00<00:00, 135.73it/s]{"train/step": 250, "train/loss": 0.47670671343803406}
Epoch 5/100: 100% 47/47 [00:00<00:00, 107.16it/s]
Epoch 6/100: 100% 47/47 [00:00<00:00, 90.80it/s]
Epoch 7/100: 100% 47/47 [00:00<00:00, 101.05it/s]
Epoch 8/100: 100% 47/47 [00:00<00:00, 92.76it/s]
Epoch 9/100: 100% 47/47 [00:00<00:00, 87.67it/s]
Epoch 10/100:  38% 18/47 [00:00<00:00, 83.34it/s]{"train/step": 500, "train/loss": 0.6931660771369934}
Epoch 10/100: 100% 47/47 [00:00<00:00, 106.26it/s]
{"epoch": 10, "val/mean_return": -122.1887462891487, "val/std_return": 35.21065220808091}
Epoch 11/100: 100% 47/47 [00:00<00:00, 120.71it/s]
Epoch 12/100: 100% 47/47 [00:00<00:00, 124.48it/s]
Epoch 13/100: 100% 47/47 [00:00<00:00, 123.80it/s]
Epoch 14/100: 100% 47/47 [00:00<00:00, 122.90it/s]
Epoch 15/100:  83% 39/47 [00:00<00:00, 118.95it/s]{"train/step": 750, "train/loss": 0.5687788128852844}
Epoch 15/100: 100% 47/47 [00:00<00:00, 122.55it/s]
Epoch 16/100: 100% 47/47 [00:00<00:00, 129.29it/s]
Epoch 17/100: 100% 47/47 [00:00<00:00, 125.01it/s]
Epoch 18/100: 100% 47/47 [00:00<00:00, 123.18it/s]
Epoch 19/100: 100% 47/47 [00:00<00:00, 129.44it/s]
Epoch 20/100: 100% 47/47 [00:00<00:00, 120.79it/s]
{"epoch": 20, "val/mean_return": -119.39244958272236, "val/std_return": 40.26969164982086}
Epoch 21/100:  26% 12/47 [00:00<00:00, 116.15it/s]{"train/step": 1000, "train/loss": 0.5752794146537781}
Epoch 21/100: 100% 47/47 [00:00<00:00, 116.27it/s]
Epoch 22/100: 100% 47/47 [00:00<00:00, 125.27it/s]
Epoch 23/100: 100% 47/47 [00:00<00:00, 125.37it/s]
Epoch 24/100: 100% 47/47 [00:00<00:00, 120.98it/s]
Epoch 25/100: 100% 47/47 [00:00<00:00, 129.36it/s]
Epoch 26/100:  55% 26/47 [00:00<00:00, 123.88it/s]{"train/step": 1250, "train/loss": 0.45485708117485046}
Epoch 26/100: 100% 47/47 [00:00<00:00, 117.91it/s]
Epoch 27/100: 100% 47/47 [00:00<00:00, 127.29it/s]
Epoch 28/100: 100% 47/47 [00:00<00:00, 128.43it/s]
Epoch 29/100: 100% 47/47 [00:00<00:00, 124.62it/s]
Epoch 30/100: 100% 47/47 [00:00<00:00, 123.53it/s]
{"epoch": 30, "val/mean_return": -118.190586426489, "val/std_return": 42.49669435161456}
Epoch 31/100:  83% 39/47 [00:00<00:00, 120.44it/s]{"train/step": 1500, "train/loss": 0.4395919740200043}
Epoch 31/100: 100% 47/47 [00:00<00:00, 121.48it/s]
Epoch 32/100: 100% 47/47 [00:00<00:00, 125.83it/s]
Epoch 33/100: 100% 47/47 [00:00<00:00, 122.29it/s]
Epoch 34/100: 100% 47/47 [00:00<00:00, 130.53it/s]
Epoch 35/100: 100% 47/47 [00:00<00:00, 130.11it/s]
Epoch 36/100: 100% 47/47 [00:00<00:00, 121.19it/s]
Epoch 37/100:   0% 0/47 [00:00<?, ?it/s]{"train/step": 1750, "train/loss": 0.3037582337856293}
Epoch 37/100: 100% 47/47 [00:00<00:00, 126.84it/s]
Epoch 38/100: 100% 47/47 [00:00<00:00, 126.88it/s]
Epoch 39/100: 100% 47/47 [00:00<00:00, 130.52it/s]
Epoch 40/100: 100% 47/47 [00:00<00:00, 129.31it/s]
{"epoch": 40, "val/mean_return": -118.47673022694482, "val/std_return": 36.911403700805415}
Epoch 41/100: 100% 47/47 [00:00<00:00, 94.00it/s]
Epoch 42/100:  43% 20/47 [00:00<00:00, 97.10it/s]{"train/step": 2000, "train/loss": 0.5607520341873169}
Epoch 42/100: 100% 47/47 [00:00<00:00, 98.76it/s]
Epoch 43/100: 100% 47/47 [00:00<00:00, 84.80it/s]
Epoch 44/100: 100% 47/47 [00:00<00:00, 86.28it/s]
Epoch 45/100: 100% 47/47 [00:00<00:00, 117.96it/s]
Epoch 46/100: 100% 47/47 [00:00<00:00, 125.90it/s]
Epoch 47/100:  60% 28/47 [00:00<00:00, 135.24it/s]{"train/step": 2250, "train/loss": 0.4420694410800934}
Epoch 47/100: 100% 47/47 [00:00<00:00, 126.35it/s]
Epoch 48/100: 100% 47/47 [00:00<00:00, 130.33it/s]
Epoch 49/100: 100% 47/47 [00:00<00:00, 131.33it/s]
Epoch 50/100: 100% 47/47 [00:00<00:00, 126.51it/s]
{"epoch": 50, "val/mean_return": -115.51070288658988, "val/std_return": 38.72246384502764}
Epoch 51/100: 100% 47/47 [00:00<00:00, 120.56it/s]
Epoch 52/100: 100% 47/47 [00:00<00:00, 122.47it/s]
Epoch 53/100:   0% 0/47 [00:00<?, ?it/s]{"train/step": 2500, "train/loss": 0.4693572223186493}
Epoch 53/100: 100% 47/47 [00:00<00:00, 128.84it/s]
Epoch 54/100: 100% 47/47 [00:00<00:00, 126.37it/s]
Epoch 55/100: 100% 47/47 [00:00<00:00, 126.21it/s]
Epoch 56/100: 100% 47/47 [00:00<00:00, 131.86it/s]
Epoch 57/100: 100% 47/47 [00:00<00:00, 106.57it/s]
Epoch 58/100:  43% 20/47 [00:00<00:00, 83.64it/s]{"train/step": 2750, "train/loss": 0.36020129919052124}
Epoch 58/100: 100% 47/47 [00:00<00:00, 89.63it/s]
Epoch 59/100: 100% 47/47 [00:00<00:00, 100.08it/s]
Epoch 60/100: 100% 47/47 [00:00<00:00, 88.62it/s]
{"epoch": 60, "val/mean_return": -117.21975834654663, "val/std_return": 36.69634257394654}
Epoch 61/100: 100% 47/47 [00:00<00:00, 113.72it/s]
Epoch 62/100: 100% 47/47 [00:00<00:00, 121.91it/s]
Epoch 63/100:  83% 39/47 [00:00<00:00, 118.17it/s]{"train/step": 3000, "train/loss": 0.35696128010749817}
Epoch 63/100: 100% 47/47 [00:00<00:00, 114.25it/s]
Epoch 64/100: 100% 47/47 [00:00<00:00, 121.29it/s]
Epoch 65/100: 100% 47/47 [00:00<00:00, 125.85it/s]
Epoch 66/100: 100% 47/47 [00:00<00:00, 118.36it/s]
Epoch 67/100: 100% 47/47 [00:00<00:00, 129.41it/s]
Epoch 68/100: 100% 47/47 [00:00<00:00, 128.19it/s]
Epoch 69/100:   0% 0/47 [00:00<?, ?it/s]{"train/step": 3250, "train/loss": 0.47255849838256836}
Epoch 69/100: 100% 47/47 [00:00<00:00, 120.21it/s]
Epoch 70/100: 100% 47/47 [00:00<00:00, 129.18it/s]
{"epoch": 70, "val/mean_return": -121.28893161208524, "val/std_return": 39.80557190615836}
Epoch 71/100: 100% 47/47 [00:00<00:00, 124.35it/s]
Epoch 72/100: 100% 47/47 [00:00<00:00, 126.10it/s]
Epoch 73/100: 100% 47/47 [00:00<00:00, 122.21it/s]
Epoch 74/100:  30% 14/47 [00:00<00:00, 134.21it/s]{"train/step": 3500, "train/loss": 0.30668067932128906}
Epoch 74/100: 100% 47/47 [00:00<00:00, 127.07it/s]
Epoch 75/100: 100% 47/47 [00:00<00:00, 122.69it/s]
Epoch 76/100: 100% 47/47 [00:00<00:00, 128.52it/s]
Epoch 77/100: 100% 47/47 [00:00<00:00, 128.52it/s]
Epoch 78/100: 100% 47/47 [00:00<00:00, 114.48it/s]
Epoch 79/100:  55% 26/47 [00:00<00:00, 118.12it/s]{"train/step": 3750, "train/loss": 0.5904340744018555}
Epoch 79/100: 100% 47/47 [00:00<00:00, 122.02it/s]
Epoch 80/100: 100% 47/47 [00:00<00:00, 123.90it/s]
{"epoch": 80, "val/mean_return": -124.0759327032575, "val/std_return": 39.63652291317342}
Epoch 81/100: 100% 47/47 [00:00<00:00, 117.80it/s]
Epoch 82/100: 100% 47/47 [00:00<00:00, 130.17it/s]
Epoch 83/100: 100% 47/47 [00:00<00:00, 129.24it/s]
Epoch 84/100: 100% 47/47 [00:00<00:00, 119.08it/s]
Epoch 85/100:   0% 0/47 [00:00<?, ?it/s]{"train/step": 4000, "train/loss": 0.3836084008216858}
Epoch 85/100: 100% 47/47 [00:00<00:00, 122.52it/s]
Epoch 86/100: 100% 47/47 [00:00<00:00, 125.11it/s]
Epoch 87/100: 100% 47/47 [00:00<00:00, 125.86it/s]
Epoch 88/100: 100% 47/47 [00:00<00:00, 125.52it/s]
Epoch 89/100: 100% 47/47 [00:00<00:00, 130.18it/s]
Epoch 90/100:  23% 11/47 [00:00<00:00, 108.30it/s]{"train/step": 4250, "train/loss": 0.4258997440338135}
Epoch 90/100: 100% 47/47 [00:00<00:00, 121.82it/s]
{"epoch": 90, "val/mean_return": -121.31963827491018, "val/std_return": 37.7391615783919}
Epoch 91/100: 100% 47/47 [00:00<00:00, 111.46it/s]
Epoch 92/100: 100% 47/47 [00:00<00:00, 87.54it/s]
Epoch 93/100: 100% 47/47 [00:00<00:00, 94.54it/s]
Epoch 94/100: 100% 47/47 [00:00<00:00, 96.15it/s] 
Epoch 95/100:  74% 35/47 [00:00<00:00, 76.74it/s]{"train/step": 4500, "train/loss": 0.3821549713611603}
Epoch 95/100: 100% 47/47 [00:00<00:00, 79.33it/s]
Epoch 96/100: 100% 47/47 [00:00<00:00, 99.77it/s] 
Epoch 97/100: 100% 47/47 [00:00<00:00, 130.39it/s]
Epoch 98/100: 100% 47/47 [00:00<00:00, 122.04it/s]
Epoch 99/100: 100% 47/47 [00:00<00:00, 129.34it/s]
Epoch 100/100: 100% 47/47 [00:00<00:00, 125.22it/s]
{"epoch": 100, "val/mean_return": -123.77804096171108, "val/std_return": 32.44752026215151}
--- Finished: Variant=no_routing, Env=Pendulum-v1, Seed=0 (Success) ---

--- [77/140] Running: Variant=no_routing, Env=Pendulum-v1, Seed=1 ---
{"train/param_count": 398217}
Epoch 1/100: 100% 47/47 [00:00<00:00, 51.89it/s]
Epoch 2/100: 100% 47/47 [00:00<00:00, 80.93it/s]
Epoch 3/100: 100% 47/47 [00:00<00:00, 123.88it/s]
Epoch 4/100: 100% 47/47 [00:00<00:00, 127.64it/s]
Epoch 5/100:  30% 14/47 [00:00<00:00, 134.68it/s]{"train/step": 250, "train/loss": 0.6145603060722351}
Epoch 5/100: 100% 47/47 [00:00<00:00, 123.60it/s]
Epoch 6/100: 100% 47/47 [00:00<00:00, 127.52it/s]
Epoch 7/100: 100% 47/47 [00:00<00:00, 125.76it/s]
Epoch 8/100: 100% 47/47 [00:00<00:00, 123.91it/s]
Epoch 9/100: 100% 47/47 [00:00<00:00, 128.29it/s]
Epoch 10/100:  55% 26/47 [00:00<00:00, 123.20it/s]{"train/step": 500, "train/loss": 0.5318078994750977}
Epoch 10/100: 100% 47/47 [00:00<00:00, 117.69it/s]
{"epoch": 10, "val/mean_return": -129.33919858431665, "val/std_return": 29.089150224773828}
Epoch 11/100: 100% 47/47 [00:00<00:00, 117.74it/s]
Epoch 12/100: 100% 47/47 [00:00<00:00, 120.91it/s]
Epoch 13/100: 100% 47/47 [00:00<00:00, 120.15it/s]
Epoch 14/100: 100% 47/47 [00:00<00:00, 118.15it/s]
Epoch 15/100:  81% 38/47 [00:00<00:00, 91.14it/s]{"train/step": 750, "train/loss": 0.4934268891811371}
Epoch 15/100: 100% 47/47 [00:00<00:00, 89.47it/s]
Epoch 16/100: 100% 47/47 [00:00<00:00, 98.55it/s]
Epoch 17/100: 100% 47/47 [00:00<00:00, 97.77it/s]
Epoch 18/100: 100% 47/47 [00:00<00:00, 87.60it/s]
Epoch 19/100: 100% 47/47 [00:00<00:00, 95.98it/s]
Epoch 20/100: 100% 47/47 [00:00<00:00, 121.67it/s]
{"epoch": 20, "val/mean_return": -121.9943278283023, "val/std_return": 38.3462481411863}
Epoch 21/100:  26% 12/47 [00:00<00:00, 117.35it/s]{"train/step": 1000, "train/loss": 0.4783410131931305}
Epoch 21/100: 100% 47/47 [00:00<00:00, 121.47it/s]
Epoch 22/100: 100% 47/47 [00:00<00:00, 131.75it/s]
Epoch 23/100: 100% 47/47 [00:00<00:00, 126.51it/s]
Epoch 24/100: 100% 47/47 [00:00<00:00, 126.73it/s]
Epoch 25/100: 100% 47/47 [00:00<00:00, 131.97it/s]
Epoch 26/100:  60% 28/47 [00:00<00:00, 124.87it/s]{"train/step": 1250, "train/loss": 0.47219744324684143}
Epoch 26/100: 100% 47/47 [00:00<00:00, 125.81it/s]
Epoch 27/100: 100% 47/47 [00:00<00:00, 120.88it/s]
Epoch 28/100: 100% 47/47 [00:00<00:00, 125.00it/s]
Epoch 29/100: 100% 47/47 [00:00<00:00, 119.15it/s]
Epoch 30/100: 100% 47/47 [00:00<00:00, 131.09it/s]
{"epoch": 30, "val/mean_return": -111.09144248469418, "val/std_return": 43.10777039154242}
Epoch 31/100:  77% 36/47 [00:00<00:00, 115.12it/s]{"train/step": 1500, "train/loss": 0.46704062819480896}
Epoch 31/100: 100% 47/47 [00:00<00:00, 119.24it/s]
Epoch 32/100: 100% 47/47 [00:00<00:00, 113.57it/s]
Epoch 33/100: 100% 47/47 [00:00<00:00, 119.25it/s]
Epoch 34/100: 100% 47/47 [00:00<00:00, 123.03it/s]
Epoch 35/100: 100% 47/47 [00:00<00:00, 127.61it/s]
Epoch 36/100: 100% 47/47 [00:00<00:00, 130.85it/s]
Epoch 37/100:  21% 10/47 [00:00<00:00, 96.17it/s]{"train/step": 1750, "train/loss": 0.5021986961364746}
Epoch 37/100: 100% 47/47 [00:00<00:00, 116.60it/s]
Epoch 38/100: 100% 47/47 [00:00<00:00, 122.04it/s]
Epoch 39/100: 100% 47/47 [00:00<00:00, 126.63it/s]
Epoch 40/100: 100% 47/47 [00:00<00:00, 116.37it/s]
{"epoch": 40, "val/mean_return": -123.0124266465005, "val/std_return": 35.66712351556685}
Epoch 41/100: 100% 47/47 [00:00<00:00, 117.31it/s]
Epoch 42/100:  53% 25/47 [00:00<00:00, 123.88it/s]{"train/step": 2000, "train/loss": 0.5309018492698669}
Epoch 42/100: 100% 47/47 [00:00<00:00, 123.20it/s]
Epoch 43/100: 100% 47/47 [00:00<00:00, 127.91it/s]
Epoch 44/100: 100% 47/47 [00:00<00:00, 122.50it/s]
Epoch 45/100: 100% 47/47 [00:00<00:00, 124.42it/s]
Epoch 46/100: 100% 47/47 [00:00<00:00, 123.17it/s]
Epoch 47/100:  60% 28/47 [00:00<00:00, 123.22it/s]{"train/step": 2250, "train/loss": 0.5444847345352173}
Epoch 47/100: 100% 47/47 [00:00<00:00, 127.82it/s]
Epoch 48/100: 100% 47/47 [00:00<00:00, 124.70it/s]
Epoch 49/100: 100% 47/47 [00:00<00:00, 120.35it/s]
Epoch 50/100: 100% 47/47 [00:00<00:00, 130.91it/s]
{"epoch": 50, "val/mean_return": -122.09572447212669, "val/std_return": 33.92776023868762}
Epoch 51/100: 100% 47/47 [00:00<00:00, 86.85it/s]
Epoch 52/100: 100% 47/47 [00:00<00:00, 79.03it/s]
Epoch 53/100:   0% 0/47 [00:00<?, ?it/s]{"train/step": 2500, "train/loss": 0.40048953890800476}
Epoch 53/100: 100% 47/47 [00:00<00:00, 121.22it/s]
Epoch 54/100: 100% 47/47 [00:00<00:00, 127.64it/s]
Epoch 55/100: 100% 47/47 [00:00<00:00, 117.81it/s]
Epoch 56/100: 100% 47/47 [00:00<00:00, 120.99it/s]
Epoch 57/100: 100% 47/47 [00:00<00:00, 123.79it/s]
Epoch 58/100:  26% 12/47 [00:00<00:00, 109.36it/s]{"train/step": 2750, "train/loss": 0.6042755246162415}
Epoch 58/100: 100% 47/47 [00:00<00:00, 119.41it/s]
Epoch 59/100: 100% 47/47 [00:00<00:00, 125.97it/s]
Epoch 60/100: 100% 47/47 [00:00<00:00, 122.87it/s]
{"epoch": 60, "val/mean_return": -115.10133567896713, "val/std_return": 34.497623310251115}
Epoch 61/100: 100% 47/47 [00:00<00:00, 123.65it/s]
Epoch 62/100: 100% 47/47 [00:00<00:00, 121.64it/s]
Epoch 63/100:  60% 28/47 [00:00<00:00, 127.01it/s]{"train/step": 3000, "train/loss": 0.4460620880126953}
Epoch 63/100: 100% 47/47 [00:00<00:00, 129.89it/s]
Epoch 64/100: 100% 47/47 [00:00<00:00, 117.99it/s]
Epoch 65/100: 100% 47/47 [00:00<00:00, 90.63it/s]
Epoch 66/100: 100% 47/47 [00:00<00:00, 92.38it/s]
Epoch 67/100: 100% 47/47 [00:00<00:00, 94.65it/s]
Epoch 68/100: 100% 47/47 [00:00<00:00, 83.75it/s]
Epoch 69/100:   0% 0/47 [00:00<?, ?it/s]{"train/step": 3250, "train/loss": 0.5284841656684875}
Epoch 69/100: 100% 47/47 [00:00<00:00, 98.55it/s] 
Epoch 70/100: 100% 47/47 [00:00<00:00, 124.09it/s]
{"epoch": 70, "val/mean_return": -123.9479068110102, "val/std_return": 34.642408055318}
Epoch 71/100: 100% 47/47 [00:00<00:00, 118.88it/s]
Epoch 72/100: 100% 47/47 [00:00<00:00, 128.94it/s]
Epoch 73/100: 100% 47/47 [00:00<00:00, 123.53it/s]
Epoch 74/100:  28% 13/47 [00:00<00:00, 119.12it/s]{"train/step": 3500, "train/loss": 0.4006006419658661}
Epoch 74/100: 100% 47/47 [00:00<00:00, 125.56it/s]
Epoch 75/100: 100% 47/47 [00:00<00:00, 127.09it/s]
Epoch 76/100: 100% 47/47 [00:00<00:00, 117.90it/s]
Epoch 77/100: 100% 47/47 [00:00<00:00, 122.53it/s]
Epoch 78/100: 100% 47/47 [00:00<00:00, 127.05it/s]
Epoch 79/100:  79% 37/47 [00:00<00:00, 120.42it/s]{"train/step": 3750, "train/loss": 0.469022661447525}
Epoch 79/100: 100% 47/47 [00:00<00:00, 121.78it/s]
Epoch 80/100: 100% 47/47 [00:00<00:00, 127.33it/s]
{"epoch": 80, "val/mean_return": -124.62049190164952, "val/std_return": 33.81950212436982}
Epoch 81/100: 100% 47/47 [00:00<00:00, 112.53it/s]
Epoch 82/100: 100% 47/47 [00:00<00:00, 121.08it/s]
Epoch 83/100: 100% 47/47 [00:00<00:00, 124.76it/s]
Epoch 84/100: 100% 47/47 [00:00<00:00, 124.11it/s]
Epoch 85/100:   0% 0/47 [00:00<?, ?it/s]{"train/step": 4000, "train/loss": 0.5581782460212708}
Epoch 85/100: 100% 47/47 [00:00<00:00, 129.54it/s]
Epoch 86/100: 100% 47/47 [00:00<00:00, 114.59it/s]
Epoch 87/100: 100% 47/47 [00:00<00:00, 110.25it/s]
Epoch 88/100: 100% 47/47 [00:00<00:00, 125.17it/s]
Epoch 89/100: 100% 47/47 [00:00<00:00, 127.71it/s]
Epoch 90/100:  26% 12/47 [00:00<00:00, 113.43it/s]{"train/step": 4250, "train/loss": 0.2995273768901825}
Epoch 90/100: 100% 47/47 [00:00<00:00, 123.44it/s]
{"epoch": 90, "val/mean_return": -130.35873771978643, "val/std_return": 26.80442687051758}
Epoch 91/100: 100% 47/47 [00:00<00:00, 119.20it/s]
Epoch 92/100: 100% 47/47 [00:00<00:00, 125.57it/s]
Epoch 93/100: 100% 47/47 [00:00<00:00, 112.09it/s]
Epoch 94/100: 100% 47/47 [00:00<00:00, 126.68it/s]
Epoch 95/100:  51% 24/47 [00:00<00:00, 120.06it/s]{"train/step": 4500, "train/loss": 0.5931904315948486}
Epoch 95/100: 100% 47/47 [00:00<00:00, 117.37it/s]
Epoch 96/100: 100% 47/47 [00:00<00:00, 128.41it/s]
Epoch 97/100: 100% 47/47 [00:00<00:00, 131.15it/s]
Epoch 98/100: 100% 47/47 [00:00<00:00, 124.05it/s]
Epoch 99/100: 100% 47/47 [00:00<00:00, 123.47it/s]
Epoch 100/100: 100% 47/47 [00:00<00:00, 125.72it/s]
{"epoch": 100, "val/mean_return": -123.1348752033869, "val/std_return": 29.640977321443927}
--- Finished: Variant=no_routing, Env=Pendulum-v1, Seed=1 (Success) ---

--- [78/140] Running: Variant=no_routing, Env=Pendulum-v1, Seed=2 ---
{"train/param_count": 398217}
Epoch 1/100: 100% 47/47 [00:00<00:00, 66.80it/s]
Epoch 2/100: 100% 47/47 [00:00<00:00, 126.31it/s]
Epoch 3/100: 100% 47/47 [00:00<00:00, 119.03it/s]
Epoch 4/100: 100% 47/47 [00:00<00:00, 121.90it/s]
Epoch 5/100:  28% 13/47 [00:00<00:00, 127.07it/s]{"train/step": 250, "train/loss": 0.4701656401157379}
Epoch 5/100: 100% 47/47 [00:00<00:00, 114.19it/s]
Epoch 6/100: 100% 47/47 [00:00<00:00, 128.18it/s]
Epoch 7/100: 100% 47/47 [00:00<00:00, 122.43it/s]
Epoch 8/100: 100% 47/47 [00:00<00:00, 123.89it/s]
Epoch 9/100: 100% 47/47 [00:00<00:00, 130.31it/s]
Epoch 10/100:  57% 27/47 [00:00<00:00, 130.91it/s]{"train/step": 500, "train/loss": 0.46678033471107483}
Epoch 10/100: 100% 47/47 [00:00<00:00, 129.21it/s]
{"epoch": 10, "val/mean_return": -118.5629658341782, "val/std_return": 39.4358034292917}
Epoch 11/100: 100% 47/47 [00:00<00:00, 113.43it/s]
Epoch 12/100: 100% 47/47 [00:00<00:00, 121.56it/s]
Epoch 13/100: 100% 47/47 [00:00<00:00, 124.05it/s]
Epoch 14/100: 100% 47/47 [00:00<00:00, 118.95it/s]
Epoch 15/100:  81% 38/47 [00:00<00:00, 122.12it/s]{"train/step": 750, "train/loss": 0.4119146466255188}
Epoch 15/100: 100% 47/47 [00:00<00:00, 118.96it/s]
Epoch 16/100: 100% 47/47 [00:00<00:00, 132.07it/s]
Epoch 17/100: 100% 47/47 [00:00<00:00, 121.81it/s]
Epoch 18/100: 100% 47/47 [00:00<00:00, 128.27it/s]
Epoch 19/100: 100% 47/47 [00:00<00:00, 121.99it/s]
Epoch 20/100: 100% 47/47 [00:00<00:00, 123.00it/s]
{"epoch": 20, "val/mean_return": -129.227045564331, "val/std_return": 30.993634718163637}
Epoch 21/100:  19% 9/47 [00:00<00:00, 80.08it/s]{"train/step": 1000, "train/loss": 0.6296348571777344}
Epoch 21/100: 100% 47/47 [00:00<00:00, 80.96it/s]
Epoch 22/100: 100% 47/47 [00:00<00:00, 92.62it/s]
Epoch 23/100: 100% 47/47 [00:00<00:00, 76.33it/s]
Epoch 24/100: 100% 47/47 [00:00<00:00, 95.61it/s]
Epoch 25/100: 100% 47/47 [00:00<00:00, 117.89it/s]
Epoch 26/100:  55% 26/47 [00:00<00:00, 118.94it/s]{"train/step": 1250, "train/loss": 0.5035953521728516}
Epoch 26/100: 100% 47/47 [00:00<00:00, 120.51it/s]
Epoch 27/100: 100% 47/47 [00:00<00:00, 120.67it/s]
Epoch 28/100: 100% 47/47 [00:00<00:00, 124.29it/s]
Epoch 29/100: 100% 47/47 [00:00<00:00, 129.11it/s]
Epoch 30/100: 100% 47/47 [00:00<00:00, 123.27it/s]
{"epoch": 30, "val/mean_return": -121.85782614210807, "val/std_return": 32.178600395792515}
Epoch 31/100:  77% 36/47 [00:00<00:00, 115.57it/s]{"train/step": 1500, "train/loss": 0.5893381237983704}
Epoch 31/100: 100% 47/47 [00:00<00:00, 117.52it/s]
Epoch 32/100: 100% 47/47 [00:00<00:00, 119.35it/s]
Epoch 33/100: 100% 47/47 [00:00<00:00, 125.83it/s]
Epoch 34/100: 100% 47/47 [00:00<00:00, 124.56it/s]
Epoch 35/100: 100% 47/47 [00:00<00:00, 119.94it/s]
Epoch 36/100: 100% 47/47 [00:00<00:00, 88.65it/s]
Epoch 37/100:  23% 11/47 [00:00<00:00, 101.34it/s]{"train/step": 1750, "train/loss": 0.39448368549346924}
Epoch 37/100: 100% 47/47 [00:00<00:00, 94.88it/s]
Epoch 38/100: 100% 47/47 [00:00<00:00, 96.76it/s]
Epoch 39/100: 100% 47/47 [00:00<00:00, 87.20it/s]
Epoch 40/100: 100% 47/47 [00:00<00:00, 89.64it/s]
{"epoch": 40, "val/mean_return": -125.36860885485392, "val/std_return": 31.352539113419077}
Epoch 41/100: 100% 47/47 [00:00<00:00, 126.51it/s]
Epoch 42/100:  30% 14/47 [00:00<00:00, 137.76it/s]{"train/step": 2000, "train/loss": 0.4603196680545807}
Epoch 42/100: 100% 47/47 [00:00<00:00, 125.72it/s]
Epoch 43/100: 100% 47/47 [00:00<00:00, 121.55it/s]
Epoch 44/100: 100% 47/47 [00:00<00:00, 125.50it/s]
Epoch 45/100: 100% 47/47 [00:00<00:00, 126.56it/s]
Epoch 46/100: 100% 47/47 [00:00<00:00, 128.42it/s]
Epoch 47/100:  85% 40/47 [00:00<00:00, 134.17it/s]{"train/step": 2250, "train/loss": 0.41022711992263794}
Epoch 47/100: 100% 47/47 [00:00<00:00, 128.86it/s]
Epoch 48/100: 100% 47/47 [00:00<00:00, 114.26it/s]
Epoch 49/100: 100% 47/47 [00:00<00:00, 128.38it/s]
Epoch 50/100: 100% 47/47 [00:00<00:00, 127.10it/s]
{"epoch": 50, "val/mean_return": -121.91436406947454, "val/std_return": 34.01052525206642}
Epoch 51/100: 100% 47/47 [00:00<00:00, 117.91it/s]
Epoch 52/100: 100% 47/47 [00:00<00:00, 129.99it/s]
Epoch 53/100:   0% 0/47 [00:00<?, ?it/s]{"train/step": 2500, "train/loss": 0.5407456755638123}
Epoch 53/100: 100% 47/47 [00:00<00:00, 122.06it/s]
Epoch 54/100: 100% 47/47 [00:00<00:00, 122.99it/s]
Epoch 55/100: 100% 47/47 [00:00<00:00, 128.87it/s]
Epoch 56/100: 100% 47/47 [00:00<00:00, 119.30it/s]
Epoch 57/100: 100% 47/47 [00:00<00:00, 120.79it/s]
Epoch 58/100:  30% 14/47 [00:00<00:00, 132.47it/s]{"train/step": 2750, "train/loss": 0.3965470492839813}
Epoch 58/100: 100% 47/47 [00:00<00:00, 123.59it/s]
Epoch 59/100: 100% 47/47 [00:00<00:00, 128.04it/s]
Epoch 60/100: 100% 47/47 [00:00<00:00, 121.75it/s]
{"epoch": 60, "val/mean_return": -116.52613832310594, "val/std_return": 37.99134570500293}
Epoch 61/100: 100% 47/47 [00:00<00:00, 123.50it/s]
Epoch 62/100: 100% 47/47 [00:00<00:00, 126.60it/s]
Epoch 63/100:  83% 39/47 [00:00<00:00, 125.68it/s]{"train/step": 3000, "train/loss": 0.6970443725585938}
Epoch 63/100: 100% 47/47 [00:00<00:00, 123.87it/s]
Epoch 64/100: 100% 47/47 [00:00<00:00, 123.54it/s]
Epoch 65/100: 100% 47/47 [00:00<00:00, 124.67it/s]
Epoch 66/100: 100% 47/47 [00:00<00:00, 128.97it/s]
Epoch 67/100: 100% 47/47 [00:00<00:00, 126.81it/s]
Epoch 68/100: 100% 47/47 [00:00<00:00, 125.19it/s]
Epoch 69/100:   0% 0/47 [00:00<?, ?it/s]{"train/step": 3250, "train/loss": 0.520531177520752}
Epoch 69/100: 100% 47/47 [00:00<00:00, 121.09it/s]
Epoch 70/100: 100% 47/47 [00:00<00:00, 126.21it/s]
{"epoch": 70, "val/mean_return": -122.03750673256214, "val/std_return": 37.10090295084115}
Epoch 71/100: 100% 47/47 [00:00<00:00, 91.56it/s]
Epoch 72/100: 100% 47/47 [00:00<00:00, 79.42it/s]
Epoch 73/100: 100% 47/47 [00:00<00:00, 81.80it/s]
Epoch 74/100:  40% 19/47 [00:00<00:00, 89.96it/s]{"train/step": 3500, "train/loss": 0.4698345363140106}
Epoch 74/100: 100% 47/47 [00:00<00:00, 102.93it/s]
Epoch 75/100: 100% 47/47 [00:00<00:00, 116.36it/s]
Epoch 76/100: 100% 47/47 [00:00<00:00, 115.00it/s]
Epoch 77/100: 100% 47/47 [00:00<00:00, 120.29it/s]
Epoch 78/100: 100% 47/47 [00:00<00:00, 121.58it/s]
Epoch 79/100:  79% 37/47 [00:00<00:00, 114.44it/s]{"train/step": 3750, "train/loss": 0.5518626570701599}
Epoch 79/100: 100% 47/47 [00:00<00:00, 116.08it/s]
Epoch 80/100: 100% 47/47 [00:00<00:00, 122.15it/s]
{"epoch": 80, "val/mean_return": -124.20251436699837, "val/std_return": 33.31252992343651}
Epoch 81/100: 100% 47/47 [00:00<00:00, 119.74it/s]
Epoch 82/100: 100% 47/47 [00:00<00:00, 130.64it/s]
Epoch 83/100: 100% 47/47 [00:00<00:00, 122.90it/s]
Epoch 84/100: 100% 47/47 [00:00<00:00, 129.13it/s]
Epoch 85/100:   0% 0/47 [00:00<?, ?it/s]{"train/step": 4000, "train/loss": 0.4717898368835449}
Epoch 85/100: 100% 47/47 [00:00<00:00, 131.27it/s]
Epoch 86/100: 100% 47/47 [00:00<00:00, 87.75it/s]
Epoch 87/100: 100% 47/47 [00:00<00:00, 96.24it/s]
Epoch 88/100: 100% 47/47 [00:00<00:00, 101.66it/s]
Epoch 89/100: 100% 47/47 [00:00<00:00, 89.21it/s]
Epoch 90/100:  43% 20/47 [00:00<00:00, 86.53it/s]{"train/step": 4250, "train/loss": 0.39511093497276306}
Epoch 90/100: 100% 47/47 [00:00<00:00, 96.60it/s]
{"epoch": 90, "val/mean_return": -128.80379223971073, "val/std_return": 31.880557664811803}
Epoch 91/100: 100% 47/47 [00:00<00:00, 120.94it/s]
Epoch 92/100: 100% 47/47 [00:00<00:00, 118.46it/s]
Epoch 93/100: 100% 47/47 [00:00<00:00, 131.23it/s]
Epoch 94/100: 100% 47/47 [00:00<00:00, 125.64it/s]
Epoch 95/100:  55% 26/47 [00:00<00:00, 118.78it/s]{"train/step": 4500, "train/loss": 0.4789573848247528}
Epoch 95/100: 100% 47/47 [00:00<00:00, 117.53it/s]
Epoch 96/100: 100% 47/47 [00:00<00:00, 121.31it/s]
Epoch 97/100: 100% 47/47 [00:00<00:00, 121.44it/s]
Epoch 98/100: 100% 47/47 [00:00<00:00, 127.98it/s]
Epoch 99/100: 100% 47/47 [00:00<00:00, 131.53it/s]
Epoch 100/100: 100% 47/47 [00:00<00:00, 127.13it/s]
{"epoch": 100, "val/mean_return": -124.35074687099353, "val/std_return": 30.940313854774207}
--- Finished: Variant=no_routing, Env=Pendulum-v1, Seed=2 (Success) ---

--- [79/140] Running: Variant=no_routing, Env=Pendulum-v1, Seed=3 ---
{"train/param_count": 398217}
Epoch 1/100: 100% 47/47 [00:00<00:00, 66.48it/s]
Epoch 2/100: 100% 47/47 [00:00<00:00, 125.89it/s]
Epoch 3/100: 100% 47/47 [00:00<00:00, 122.83it/s]
Epoch 4/100: 100% 47/47 [00:00<00:00, 132.22it/s]
Epoch 5/100:  30% 14/47 [00:00<00:00, 136.69it/s]{"train/step": 250, "train/loss": 0.5706843733787537}
Epoch 5/100: 100% 47/47 [00:00<00:00, 123.42it/s]
Epoch 6/100: 100% 47/47 [00:00<00:00, 127.60it/s]
Epoch 7/100: 100% 47/47 [00:00<00:00, 131.67it/s]
Epoch 8/100: 100% 47/47 [00:00<00:00, 119.28it/s]
Epoch 9/100: 100% 47/47 [00:00<00:00, 93.83it/s]
Epoch 10/100:  45% 21/47 [00:00<00:00, 99.70it/s]{"train/step": 500, "train/loss": 0.6612963080406189}
Epoch 10/100: 100% 47/47 [00:00<00:00, 97.48it/s]
{"epoch": 10, "val/mean_return": -125.93546195751884, "val/std_return": 27.81904217619954}
Epoch 11/100: 100% 47/47 [00:00<00:00, 120.72it/s]
Epoch 12/100: 100% 47/47 [00:00<00:00, 124.36it/s]
Epoch 13/100: 100% 47/47 [00:00<00:00, 130.81it/s]
Epoch 14/100: 100% 47/47 [00:00<00:00, 125.21it/s]
Epoch 15/100:  87% 41/47 [00:00<00:00, 133.36it/s]{"train/step": 750, "train/loss": 0.6001867651939392}
Epoch 15/100: 100% 47/47 [00:00<00:00, 129.90it/s]
Epoch 16/100: 100% 47/47 [00:00<00:00, 119.86it/s]
Epoch 17/100: 100% 47/47 [00:00<00:00, 126.28it/s]
Epoch 18/100: 100% 47/47 [00:00<00:00, 124.10it/s]
Epoch 19/100: 100% 47/47 [00:00<00:00, 120.18it/s]
Epoch 20/100: 100% 47/47 [00:00<00:00, 122.45it/s]
{"epoch": 20, "val/mean_return": -122.07030713197777, "val/std_return": 33.20132817963667}
Epoch 21/100:  26% 12/47 [00:00<00:00, 119.02it/s]{"train/step": 1000, "train/loss": 0.2647572457790375}
Epoch 21/100: 100% 47/47 [00:00<00:00, 125.31it/s]
Epoch 22/100: 100% 47/47 [00:00<00:00, 118.40it/s]
Epoch 23/100: 100% 47/47 [00:00<00:00, 122.39it/s]
Epoch 24/100: 100% 47/47 [00:00<00:00, 128.51it/s]
Epoch 25/100: 100% 47/47 [00:00<00:00, 122.44it/s]
Epoch 26/100:  60% 28/47 [00:00<00:00, 132.25it/s]{"train/step": 1250, "train/loss": 0.4365115165710449}
Epoch 26/100: 100% 47/47 [00:00<00:00, 128.07it/s]
Epoch 27/100: 100% 47/47 [00:00<00:00, 129.92it/s]
Epoch 28/100: 100% 47/47 [00:00<00:00, 123.54it/s]
Epoch 29/100: 100% 47/47 [00:00<00:00, 126.48it/s]
Epoch 30/100: 100% 47/47 [00:00<00:00, 125.77it/s]
{"epoch": 30, "val/mean_return": -120.75007738071454, "val/std_return": 37.78706628743746}
Epoch 31/100:  83% 39/47 [00:00<00:00, 120.23it/s]{"train/step": 1500, "train/loss": 0.5496010184288025}
Epoch 31/100: 100% 47/47 [00:00<00:00, 117.78it/s]
Epoch 32/100: 100% 47/47 [00:00<00:00, 130.51it/s]
Epoch 33/100: 100% 47/47 [00:00<00:00, 133.05it/s]
Epoch 34/100: 100% 47/47 [00:00<00:00, 129.23it/s]
Epoch 35/100: 100% 47/47 [00:00<00:00, 132.73it/s]
Epoch 36/100: 100% 47/47 [00:00<00:00, 130.95it/s]
Epoch 37/100:   0% 0/47 [00:00<?, ?it/s]{"train/step": 1750, "train/loss": 0.44788143038749695}
Epoch 37/100: 100% 47/47 [00:00<00:00, 121.42it/s]
Epoch 38/100: 100% 47/47 [00:00<00:00, 134.05it/s]
Epoch 39/100: 100% 47/47 [00:00<00:00, 134.58it/s]
Epoch 40/100: 100% 47/47 [00:00<00:00, 120.89it/s]
{"epoch": 40, "val/mean_return": -117.20543652523533, "val/std_return": 37.079785295049646}
Epoch 41/100: 100% 47/47 [00:00<00:00, 125.88it/s]
Epoch 42/100:  30% 14/47 [00:00<00:00, 134.77it/s]{"train/step": 2000, "train/loss": 0.43665391206741333}
Epoch 42/100: 100% 47/47 [00:00<00:00, 125.18it/s]
Epoch 43/100: 100% 47/47 [00:00<00:00, 94.06it/s]
Epoch 44/100: 100% 47/47 [00:00<00:00, 87.45it/s]
Epoch 45/100: 100% 47/47 [00:00<00:00, 105.43it/s]
Epoch 46/100: 100% 47/47 [00:00<00:00, 85.55it/s]
Epoch 47/100:  66% 31/47 [00:00<00:00, 76.47it/s]{"train/step": 2250, "train/loss": 0.505013644695282}
Epoch 47/100: 100% 47/47 [00:00<00:00, 83.50it/s]
Epoch 48/100: 100% 47/47 [00:00<00:00, 128.39it/s]
Epoch 49/100: 100% 47/47 [00:00<00:00, 127.46it/s]
Epoch 50/100: 100% 47/47 [00:00<00:00, 131.43it/s]
{"epoch": 50, "val/mean_return": -122.44208542828152, "val/std_return": 30.062718059639764}
Epoch 51/100: 100% 47/47 [00:00<00:00, 118.40it/s]
Epoch 52/100: 100% 47/47 [00:00<00:00, 130.11it/s]
Epoch 53/100:   0% 0/47 [00:00<?, ?it/s]{"train/step": 2500, "train/loss": 0.45687875151634216}
Epoch 53/100: 100% 47/47 [00:00<00:00, 128.00it/s]
Epoch 54/100: 100% 47/47 [00:00<00:00, 131.21it/s]
Epoch 55/100: 100% 47/47 [00:00<00:00, 121.94it/s]
Epoch 56/100: 100% 47/47 [00:00<00:00, 126.88it/s]
Epoch 57/100: 100% 47/47 [00:00<00:00, 132.69it/s]
Epoch 58/100:  26% 12/47 [00:00<00:00, 116.56it/s]{"train/step": 2750, "train/loss": 0.4476761817932129}
Epoch 58/100: 100% 47/47 [00:00<00:00, 127.10it/s]
Epoch 59/100: 100% 47/47 [00:00<00:00, 118.57it/s]
Epoch 60/100: 100% 47/47 [00:00<00:00, 87.44it/s]
{"epoch": 60, "val/mean_return": -119.82356420412067, "val/std_return": 35.501667740339364}
Epoch 61/100: 100% 47/47 [00:00<00:00, 125.16it/s]
Epoch 62/100: 100% 47/47 [00:00<00:00, 126.62it/s]
Epoch 63/100:  83% 39/47 [00:00<00:00, 125.25it/s]{"train/step": 3000, "train/loss": 0.6801310777664185}
Epoch 63/100: 100% 47/47 [00:00<00:00, 127.28it/s]
Epoch 64/100: 100% 47/47 [00:00<00:00, 133.34it/s]
Epoch 65/100: 100% 47/47 [00:00<00:00, 133.53it/s]
Epoch 66/100: 100% 47/47 [00:00<00:00, 127.18it/s]
Epoch 67/100: 100% 47/47 [00:00<00:00, 130.45it/s]
Epoch 68/100: 100% 47/47 [00:00<00:00, 121.80it/s]
Epoch 69/100:   0% 0/47 [00:00<?, ?it/s]{"train/step": 3250, "train/loss": 0.5432564616203308}
Epoch 69/100: 100% 47/47 [00:00<00:00, 131.79it/s]
Epoch 70/100: 100% 47/47 [00:00<00:00, 129.63it/s]
{"epoch": 70, "val/mean_return": -115.17373417393459, "val/std_return": 43.650270528540275}
Epoch 71/100: 100% 47/47 [00:00<00:00, 120.75it/s]
Epoch 72/100: 100% 47/47 [00:00<00:00, 121.21it/s]
Epoch 73/100: 100% 47/47 [00:00<00:00, 122.89it/s]
Epoch 74/100:  26% 12/47 [00:00<00:00, 118.64it/s]{"train/step": 3500, "train/loss": 0.4572655260562897}
Epoch 74/100: 100% 47/47 [00:00<00:00, 119.72it/s]
Epoch 75/100: 100% 47/47 [00:00<00:00, 120.92it/s]
Epoch 76/100: 100% 47/47 [00:00<00:00, 132.71it/s]
Epoch 77/100: 100% 47/47 [00:00<00:00, 126.16it/s]
Epoch 78/100: 100% 47/47 [00:00<00:00, 124.97it/s]
Epoch 79/100:  55% 26/47 [00:00<00:00, 129.49it/s]{"train/step": 3750, "train/loss": 0.4488719403743744}
Epoch 79/100: 100% 47/47 [00:00<00:00, 125.46it/s]
Epoch 80/100: 100% 47/47 [00:00<00:00, 128.04it/s]
{"epoch": 80, "val/mean_return": -125.35170193958342, "val/std_return": 27.76642424014193}
Epoch 81/100: 100% 47/47 [00:00<00:00, 92.71it/s]
Epoch 82/100: 100% 47/47 [00:00<00:00, 81.48it/s]
Epoch 83/100: 100% 47/47 [00:00<00:00, 119.74it/s]
Epoch 84/100: 100% 47/47 [00:00<00:00, 128.20it/s]
Epoch 85/100:   0% 0/47 [00:00<?, ?it/s]{"train/step": 4000, "train/loss": 0.4077088534832001}
Epoch 85/100: 100% 47/47 [00:00<00:00, 131.06it/s]
Epoch 86/100: 100% 47/47 [00:00<00:00, 125.01it/s]
Epoch 87/100: 100% 47/47 [00:00<00:00, 123.00it/s]
Epoch 88/100: 100% 47/47 [00:00<00:00, 124.37it/s]
Epoch 89/100: 100% 47/47 [00:00<00:00, 133.38it/s]
Epoch 90/100:  23% 11/47 [00:00<00:00, 105.30it/s]{"train/step": 4250, "train/loss": 0.3455207943916321}
Epoch 90/100: 100% 47/47 [00:00<00:00, 124.41it/s]
{"epoch": 90, "val/mean_return": -128.30325366170268, "val/std_return": 37.52285049193072}
Epoch 91/100: 100% 47/47 [00:00<00:00, 119.80it/s]
Epoch 92/100: 100% 47/47 [00:00<00:00, 117.02it/s]
Epoch 93/100: 100% 47/47 [00:00<00:00, 129.39it/s]
Epoch 94/100: 100% 47/47 [00:00<00:00, 122.78it/s]
Epoch 95/100:  66% 31/47 [00:00<00:00, 91.39it/s]{"train/step": 4500, "train/loss": 0.377559632062912}
Epoch 95/100: 100% 47/47 [00:00<00:00, 90.60it/s]
Epoch 96/100: 100% 47/47 [00:00<00:00, 90.76it/s]
Epoch 97/100: 100% 47/47 [00:00<00:00, 89.60it/s]
Epoch 98/100: 100% 47/47 [00:00<00:00, 87.60it/s]
Epoch 99/100: 100% 47/47 [00:00<00:00, 93.15it/s]
Epoch 100/100: 100% 47/47 [00:00<00:00, 127.27it/s]
{"epoch": 100, "val/mean_return": -125.90557056856875, "val/std_return": 24.978003891671637}
--- Finished: Variant=no_routing, Env=Pendulum-v1, Seed=3 (Success) ---

--- [80/140] Running: Variant=no_routing, Env=Pendulum-v1, Seed=4 ---
{"train/param_count": 398217}
Epoch 1/100: 100% 47/47 [00:00<00:00, 60.19it/s]
Epoch 2/100: 100% 47/47 [00:00<00:00, 93.78it/s]
Epoch 3/100: 100% 47/47 [00:00<00:00, 96.18it/s]
Epoch 4/100: 100% 47/47 [00:00<00:00, 93.92it/s]
Epoch 5/100:  17% 8/47 [00:00<00:00, 72.40it/s]{"train/step": 250, "train/loss": 0.5825304985046387}
Epoch 5/100: 100% 47/47 [00:00<00:00, 76.67it/s]
Epoch 6/100: 100% 47/47 [00:00<00:00, 113.25it/s]
Epoch 7/100: 100% 47/47 [00:00<00:00, 124.65it/s]
Epoch 8/100: 100% 47/47 [00:00<00:00, 124.60it/s]
Epoch 9/100: 100% 47/47 [00:00<00:00, 120.48it/s]
Epoch 10/100:  60% 28/47 [00:00<00:00, 121.00it/s]{"train/step": 500, "train/loss": 0.645204484462738}
Epoch 10/100: 100% 47/47 [00:00<00:00, 123.69it/s]
{"epoch": 10, "val/mean_return": -123.88440174435593, "val/std_return": 35.32614881645099}
Epoch 11/100: 100% 47/47 [00:00<00:00, 115.61it/s]
Epoch 12/100: 100% 47/47 [00:00<00:00, 123.42it/s]
Epoch 13/100: 100% 47/47 [00:00<00:00, 130.03it/s]
Epoch 14/100: 100% 47/47 [00:00<00:00, 127.35it/s]
Epoch 15/100:  87% 41/47 [00:00<00:00, 124.21it/s]{"train/step": 750, "train/loss": 0.4370212256908417}
Epoch 15/100: 100% 47/47 [00:00<00:00, 127.03it/s]
Epoch 16/100: 100% 47/47 [00:00<00:00, 129.87it/s]
Epoch 17/100: 100% 47/47 [00:00<00:00, 130.00it/s]
Epoch 18/100: 100% 47/47 [00:00<00:00, 90.07it/s]
Epoch 19/100: 100% 47/47 [00:00<00:00, 94.76it/s]
Epoch 20/100: 100% 47/47 [00:00<00:00, 89.50it/s]
{"epoch": 20, "val/mean_return": -121.12510150348115, "val/std_return": 36.125205772814255}
Epoch 21/100:  26% 12/47 [00:00<00:00, 119.97it/s]{"train/step": 1000, "train/loss": 0.7003685832023621}
Epoch 21/100: 100% 47/47 [00:00<00:00, 122.28it/s]
Epoch 22/100: 100% 47/47 [00:00<00:00, 126.16it/s]
Epoch 23/100: 100% 47/47 [00:00<00:00, 133.74it/s]
Epoch 24/100: 100% 47/47 [00:00<00:00, 127.00it/s]
Epoch 25/100: 100% 47/47 [00:00<00:00, 130.07it/s]
Epoch 26/100:  55% 26/47 [00:00<00:00, 127.78it/s]{"train/step": 1250, "train/loss": 0.5182799100875854}
Epoch 26/100: 100% 47/47 [00:00<00:00, 121.19it/s]
Epoch 27/100: 100% 47/47 [00:00<00:00, 128.68it/s]
Epoch 28/100: 100% 47/47 [00:00<00:00, 129.82it/s]
Epoch 29/100: 100% 47/47 [00:00<00:00, 121.64it/s]
Epoch 30/100: 100% 47/47 [00:00<00:00, 130.29it/s]
{"epoch": 30, "val/mean_return": -124.03430915762918, "val/std_return": 35.45137799076908}
Epoch 31/100:  77% 36/47 [00:00<00:00, 114.31it/s]{"train/step": 1500, "train/loss": 0.4614174962043762}
Epoch 31/100: 100% 47/47 [00:00<00:00, 116.33it/s]
Epoch 32/100: 100% 47/47 [00:00<00:00, 117.60it/s]
Epoch 33/100: 100% 47/47 [00:00<00:00, 125.19it/s]
Epoch 34/100: 100% 47/47 [00:00<00:00, 127.44it/s]
Epoch 35/100: 100% 47/47 [00:00<00:00, 121.16it/s]
Epoch 36/100: 100% 47/47 [00:00<00:00, 119.93it/s]
Epoch 37/100:  23% 11/47 [00:00<00:00, 103.73it/s]{"train/step": 1750, "train/loss": 0.4300389289855957}
Epoch 37/100: 100% 47/47 [00:00<00:00, 114.39it/s]
Epoch 38/100: 100% 47/47 [00:00<00:00, 113.74it/s]
Epoch 39/100: 100% 47/47 [00:00<00:00, 121.62it/s]
Epoch 40/100: 100% 47/47 [00:00<00:00, 121.13it/s]
{"epoch": 40, "val/mean_return": -125.83910714298203, "val/std_return": 36.102078557762454}
Epoch 41/100: 100% 47/47 [00:00<00:00, 117.61it/s]
Epoch 42/100:  30% 14/47 [00:00<00:00, 131.82it/s]{"train/step": 2000, "train/loss": 0.39671286940574646}
Epoch 42/100: 100% 47/47 [00:00<00:00, 125.64it/s]
Epoch 43/100: 100% 47/47 [00:00<00:00, 130.01it/s]
Epoch 44/100: 100% 47/47 [00:00<00:00, 124.06it/s]
Epoch 45/100: 100% 47/47 [00:00<00:00, 118.47it/s]
Epoch 46/100: 100% 47/47 [00:00<00:00, 125.65it/s]
Epoch 47/100:  60% 28/47 [00:00<00:00, 126.54it/s]{"train/step": 2250, "train/loss": 0.34475430846214294}
Epoch 47/100: 100% 47/47 [00:00<00:00, 131.15it/s]
Epoch 48/100: 100% 47/47 [00:00<00:00, 129.93it/s]
Epoch 49/100: 100% 47/47 [00:00<00:00, 119.81it/s]
Epoch 50/100: 100% 47/47 [00:00<00:00, 131.26it/s]
{"epoch": 50, "val/mean_return": -121.92270061016039, "val/std_return": 36.66610212152373}
Epoch 51/100: 100% 47/47 [00:00<00:00, 104.58it/s]
Epoch 52/100: 100% 47/47 [00:00<00:00, 87.59it/s]
Epoch 53/100:   0% 0/47 [00:00<?, ?it/s]{"train/step": 2500, "train/loss": 0.38411828875541687}
Epoch 53/100: 100% 47/47 [00:00<00:00, 89.04it/s]
Epoch 54/100: 100% 47/47 [00:00<00:00, 96.07it/s]
Epoch 55/100: 100% 47/47 [00:00<00:00, 84.48it/s]
Epoch 56/100: 100% 47/47 [00:00<00:00, 101.69it/s]
Epoch 57/100: 100% 47/47 [00:00<00:00, 126.29it/s]
Epoch 58/100:  30% 14/47 [00:00<00:00, 126.95it/s]{"train/step": 2750, "train/loss": 0.5228490829467773}
Epoch 58/100: 100% 47/47 [00:00<00:00, 125.18it/s]
Epoch 59/100: 100% 47/47 [00:00<00:00, 130.35it/s]
Epoch 60/100: 100% 47/47 [00:00<00:00, 129.04it/s]
{"epoch": 60, "val/mean_return": -120.64142122900128, "val/std_return": 37.791945629278764}
Epoch 61/100: 100% 47/47 [00:00<00:00, 121.42it/s]
Epoch 62/100: 100% 47/47 [00:00<00:00, 121.29it/s]
Epoch 63/100:  60% 28/47 [00:00<00:00, 126.55it/s]{"train/step": 3000, "train/loss": 0.5893577337265015}
Epoch 63/100: 100% 47/47 [00:00<00:00, 131.14it/s]
Epoch 64/100: 100% 47/47 [00:00<00:00, 127.55it/s]
Epoch 65/100: 100% 47/47 [00:00<00:00, 124.06it/s]
Epoch 66/100: 100% 47/47 [00:00<00:00, 126.67it/s]
Epoch 67/100: 100% 47/47 [00:00<00:00, 119.60it/s]
Epoch 68/100: 100% 47/47 [00:00<00:00, 93.88it/s]
Epoch 69/100:   0% 0/47 [00:00<?, ?it/s]{"train/step": 3250, "train/loss": 0.3464392125606537}
Epoch 69/100: 100% 47/47 [00:00<00:00, 87.90it/s]
Epoch 70/100: 100% 47/47 [00:00<00:00, 89.06it/s]
{"epoch": 70, "val/mean_return": -115.32820387045123, "val/std_return": 39.60073839145151}
Epoch 71/100: 100% 47/47 [00:00<00:00, 122.29it/s]
Epoch 72/100: 100% 47/47 [00:00<00:00, 121.45it/s]
Epoch 73/100: 100% 47/47 [00:00<00:00, 131.52it/s]
Epoch 74/100:  21% 10/47 [00:00<00:00, 94.77it/s]{"train/step": 3500, "train/loss": 0.5301157832145691}
Epoch 74/100: 100% 47/47 [00:00<00:00, 118.30it/s]
Epoch 75/100: 100% 47/47 [00:00<00:00, 130.52it/s]
Epoch 76/100: 100% 47/47 [00:00<00:00, 122.40it/s]
Epoch 77/100: 100% 47/47 [00:00<00:00, 127.62it/s]
Epoch 78/100: 100% 47/47 [00:00<00:00, 130.10it/s]
Epoch 79/100:  60% 28/47 [00:00<00:00, 132.12it/s]{"train/step": 3750, "train/loss": 0.5126094222068787}
Epoch 79/100: 100% 47/47 [00:00<00:00, 122.78it/s]
Epoch 80/100: 100% 47/47 [00:00<00:00, 127.88it/s]
{"epoch": 80, "val/mean_return": -120.23192468628174, "val/std_return": 32.508137459067235}
Epoch 81/100: 100% 47/47 [00:00<00:00, 119.83it/s]
Epoch 82/100: 100% 47/47 [00:00<00:00, 125.03it/s]
Epoch 83/100: 100% 47/47 [00:00<00:00, 122.92it/s]
Epoch 84/100: 100% 47/47 [00:00<00:00, 128.66it/s]
Epoch 85/100:   0% 0/47 [00:00<?, ?it/s]{"train/step": 4000, "train/loss": 0.5501722693443298}
Epoch 85/100: 100% 47/47 [00:00<00:00, 122.99it/s]
Epoch 86/100: 100% 47/47 [00:00<00:00, 119.74it/s]
Epoch 87/100: 100% 47/47 [00:00<00:00, 124.98it/s]
Epoch 88/100: 100% 47/47 [00:00<00:00, 123.70it/s]
Epoch 89/100: 100% 47/47 [00:00<00:00, 127.56it/s]
Epoch 90/100:  26% 12/47 [00:00<00:00, 116.19it/s]{"train/step": 4250, "train/loss": 0.42762789130210876}
Epoch 90/100: 100% 47/47 [00:00<00:00, 125.40it/s]
{"epoch": 90, "val/mean_return": -118.6091405025187, "val/std_return": 34.79920586129638}
Epoch 91/100: 100% 47/47 [00:00<00:00, 110.97it/s]
Epoch 92/100: 100% 47/47 [00:00<00:00, 118.42it/s]
Epoch 93/100: 100% 47/47 [00:00<00:00, 127.15it/s]
Epoch 94/100: 100% 47/47 [00:00<00:00, 115.43it/s]
Epoch 95/100:  60% 28/47 [00:00<00:00, 123.98it/s]{"train/step": 4500, "train/loss": 0.5196760296821594}
Epoch 95/100: 100% 47/47 [00:00<00:00, 124.59it/s]
Epoch 96/100: 100% 47/47 [00:00<00:00, 121.01it/s]
Epoch 97/100: 100% 47/47 [00:00<00:00, 126.65it/s]
Epoch 98/100: 100% 47/47 [00:00<00:00, 128.61it/s]
Epoch 99/100: 100% 47/47 [00:00<00:00, 119.17it/s]
Epoch 100/100: 100% 47/47 [00:00<00:00, 126.81it/s]
{"epoch": 100, "val/mean_return": -125.89701578478058, "val/std_return": 27.65867491478997}
--- Finished: Variant=no_routing, Env=Pendulum-v1, Seed=4 (Success) ---

--- [81/140] Running: Variant=no_phase, Env=Pendulum-v1, Seed=0 ---
{"train/param_count": 425481}
Epoch 1/100: 100% 47/47 [00:00<00:00, 61.20it/s]
Epoch 2/100: 100% 47/47 [00:00<00:00, 110.47it/s]
Epoch 3/100: 100% 47/47 [00:00<00:00, 103.48it/s]
Epoch 4/100: 100% 47/47 [00:00<00:00, 116.26it/s]
Epoch 5/100:  28% 13/47 [00:00<00:00, 118.10it/s]{"train/step": 250, "train/loss": 0.6587151288986206}
Epoch 5/100: 100% 47/47 [00:00<00:00, 110.92it/s]
Epoch 6/100: 100% 47/47 [00:00<00:00, 106.52it/s]
Epoch 7/100: 100% 47/47 [00:00<00:00, 110.66it/s]
Epoch 8/100: 100% 47/47 [00:00<00:00, 113.50it/s]
Epoch 9/100: 100% 47/47 [00:00<00:00, 112.95it/s]
Epoch 10/100:  55% 26/47 [00:00<00:00, 105.22it/s]{"train/step": 500, "train/loss": 0.4772205054759979}
Epoch 10/100: 100% 47/47 [00:00<00:00, 115.14it/s]
{"epoch": 10, "val/mean_return": -122.15880931359918, "val/std_return": 34.23371575290178}
Epoch 11/100: 100% 47/47 [00:00<00:00, 113.02it/s]
Epoch 12/100: 100% 47/47 [00:00<00:00, 118.83it/s]
Epoch 13/100: 100% 47/47 [00:00<00:00, 116.65it/s]
Epoch 14/100: 100% 47/47 [00:00<00:00, 119.05it/s]
Epoch 15/100:  81% 38/47 [00:00<00:00, 113.71it/s]{"train/step": 750, "train/loss": 0.50770103931427}
Epoch 15/100: 100% 47/47 [00:00<00:00, 116.72it/s]
Epoch 16/100: 100% 47/47 [00:00<00:00, 115.38it/s]
Epoch 17/100: 100% 47/47 [00:00<00:00, 121.83it/s]
Epoch 18/100: 100% 47/47 [00:00<00:00, 113.68it/s]
Epoch 19/100: 100% 47/47 [00:00<00:00, 115.70it/s]
Epoch 20/100: 100% 47/47 [00:00<00:00, 117.78it/s]
{"epoch": 20, "val/mean_return": -125.11525539621735, "val/std_return": 33.604954456348224}
Epoch 21/100:  19% 9/47 [00:00<00:00, 85.43it/s]{"train/step": 1000, "train/loss": 0.525266170501709}
Epoch 21/100: 100% 47/47 [00:00<00:00, 84.66it/s]
Epoch 22/100: 100% 47/47 [00:00<00:00, 84.52it/s]
Epoch 23/100: 100% 47/47 [00:00<00:00, 75.52it/s]
Epoch 24/100: 100% 47/47 [00:00<00:00, 81.52it/s]
Epoch 25/100: 100% 47/47 [00:00<00:00, 111.62it/s]
Epoch 26/100:  49% 23/47 [00:00<00:00, 109.06it/s]{"train/step": 1250, "train/loss": 0.46865764260292053}
Epoch 26/100: 100% 47/47 [00:00<00:00, 108.55it/s]
Epoch 27/100: 100% 47/47 [00:00<00:00, 118.96it/s]
Epoch 28/100: 100% 47/47 [00:00<00:00, 112.20it/s]
Epoch 29/100: 100% 47/47 [00:00<00:00, 119.85it/s]
Epoch 30/100: 100% 47/47 [00:00<00:00, 115.94it/s]
{"epoch": 30, "val/mean_return": -127.4631624108158, "val/std_return": 33.25545129454981}
Epoch 31/100:  74% 35/47 [00:00<00:00, 109.27it/s]{"train/step": 1500, "train/loss": 0.48394107818603516}
Epoch 31/100: 100% 47/47 [00:00<00:00, 111.29it/s]
Epoch 32/100: 100% 47/47 [00:00<00:00, 113.80it/s]
Epoch 33/100: 100% 47/47 [00:00<00:00, 119.53it/s]
Epoch 34/100: 100% 47/47 [00:00<00:00, 111.14it/s]
Epoch 35/100: 100% 47/47 [00:00<00:00, 83.35it/s]
Epoch 36/100: 100% 47/47 [00:00<00:00, 86.99it/s]
Epoch 37/100:  19% 9/47 [00:00<00:00, 89.93it/s]{"train/step": 1750, "train/loss": 0.48830732703208923}
Epoch 37/100: 100% 47/47 [00:00<00:00, 93.10it/s]
Epoch 38/100: 100% 47/47 [00:00<00:00, 76.50it/s]
Epoch 39/100: 100% 47/47 [00:00<00:00, 95.32it/s]
Epoch 40/100: 100% 47/47 [00:00<00:00, 112.25it/s]
{"epoch": 40, "val/mean_return": -123.66910580742535, "val/std_return": 37.332696200766385}
Epoch 41/100: 100% 47/47 [00:00<00:00, 111.36it/s]
Epoch 42/100:  47% 22/47 [00:00<00:00, 105.91it/s]{"train/step": 2000, "train/loss": 0.4162386357784271}
Epoch 42/100: 100% 47/47 [00:00<00:00, 114.38it/s]
Epoch 43/100: 100% 47/47 [00:00<00:00, 114.69it/s]
Epoch 44/100: 100% 47/47 [00:00<00:00, 107.58it/s]
Epoch 45/100: 100% 47/47 [00:00<00:00, 113.60it/s]
Epoch 46/100: 100% 47/47 [00:00<00:00, 114.98it/s]
Epoch 47/100:  74% 35/47 [00:00<00:00, 110.24it/s]{"train/step": 2250, "train/loss": 0.37356969714164734}
Epoch 47/100: 100% 47/47 [00:00<00:00, 112.47it/s]
Epoch 48/100: 100% 47/47 [00:00<00:00, 117.23it/s]
Epoch 49/100: 100% 47/47 [00:00<00:00, 100.40it/s]
Epoch 50/100: 100% 47/47 [00:00<00:00, 83.88it/s]
{"epoch": 50, "val/mean_return": -117.22176583275046, "val/std_return": 36.61120103377245}
Epoch 51/100: 100% 47/47 [00:00<00:00, 112.14it/s]
Epoch 52/100: 100% 47/47 [00:00<00:00, 114.92it/s]
Epoch 53/100:   0% 0/47 [00:00<?, ?it/s]{"train/step": 2500, "train/loss": 0.3335203230381012}
Epoch 53/100: 100% 47/47 [00:00<00:00, 112.28it/s]
Epoch 54/100: 100% 47/47 [00:00<00:00, 115.36it/s]
Epoch 55/100: 100% 47/47 [00:00<00:00, 117.94it/s]
Epoch 56/100: 100% 47/47 [00:00<00:00, 114.46it/s]
Epoch 57/100: 100% 47/47 [00:00<00:00, 117.97it/s]
Epoch 58/100:  26% 12/47 [00:00<00:00, 111.79it/s]{"train/step": 2750, "train/loss": 0.39064714312553406}
Epoch 58/100: 100% 47/47 [00:00<00:00, 116.89it/s]
Epoch 59/100: 100% 47/47 [00:00<00:00, 118.09it/s]
Epoch 60/100: 100% 47/47 [00:00<00:00, 123.43it/s]
{"epoch": 60, "val/mean_return": -122.98372124015651, "val/std_return": 29.52689022510766}
Epoch 61/100: 100% 47/47 [00:00<00:00, 114.30it/s]
Epoch 62/100: 100% 47/47 [00:00<00:00, 116.52it/s]
Epoch 63/100:  70% 33/47 [00:00<00:00, 107.06it/s]{"train/step": 3000, "train/loss": 0.5418757796287537}
Epoch 63/100: 100% 47/47 [00:00<00:00, 110.08it/s]
Epoch 64/100: 100% 47/47 [00:00<00:00, 121.66it/s]
Epoch 65/100: 100% 47/47 [00:00<00:00, 112.00it/s]
Epoch 66/100: 100% 47/47 [00:00<00:00, 120.97it/s]
Epoch 67/100: 100% 47/47 [00:00<00:00, 123.07it/s]
Epoch 68/100: 100% 47/47 [00:00<00:00, 112.31it/s]
Epoch 69/100:   0% 0/47 [00:00<?, ?it/s]{"train/step": 3250, "train/loss": 0.4116249978542328}
Epoch 69/100: 100% 47/47 [00:00<00:00, 111.83it/s]
Epoch 70/100: 100% 47/47 [00:00<00:00, 105.16it/s]
{"epoch": 70, "val/mean_return": -126.7700145223424, "val/std_return": 28.03504476171791}
Epoch 71/100: 100% 47/47 [00:00<00:00, 109.56it/s]
Epoch 72/100: 100% 47/47 [00:00<00:00, 119.79it/s]
Epoch 73/100: 100% 47/47 [00:00<00:00, 114.66it/s]
Epoch 74/100:  28% 13/47 [00:00<00:00, 122.90it/s]{"train/step": 3500, "train/loss": 0.34486305713653564}
Epoch 74/100: 100% 47/47 [00:00<00:00, 121.01it/s]
Epoch 75/100: 100% 47/47 [00:00<00:00, 117.38it/s]
Epoch 76/100: 100% 47/47 [00:00<00:00, 117.76it/s]
Epoch 77/100: 100% 47/47 [00:00<00:00, 118.86it/s]
Epoch 78/100: 100% 47/47 [00:00<00:00, 111.68it/s]
Epoch 79/100:  55% 26/47 [00:00<00:00, 124.47it/s]{"train/step": 3750, "train/loss": 0.3479071259498596}
Epoch 79/100: 100% 47/47 [00:00<00:00, 119.68it/s]
Epoch 80/100: 100% 47/47 [00:00<00:00, 120.80it/s]
{"epoch": 80, "val/mean_return": -121.1918662091851, "val/std_return": 36.050050105889184}
Epoch 81/100: 100% 47/47 [00:00<00:00, 83.99it/s]
Epoch 82/100: 100% 47/47 [00:00<00:00, 83.08it/s]
Epoch 83/100: 100% 47/47 [00:00<00:00, 79.63it/s]
Epoch 84/100: 100% 47/47 [00:00<00:00, 116.97it/s]
Epoch 85/100:   0% 0/47 [00:00<?, ?it/s]{"train/step": 4000, "train/loss": 0.44775334000587463}
Epoch 85/100: 100% 47/47 [00:00<00:00, 117.17it/s]
Epoch 86/100: 100% 47/47 [00:00<00:00, 112.44it/s]
Epoch 87/100: 100% 47/47 [00:00<00:00, 120.48it/s]
Epoch 88/100: 100% 47/47 [00:00<00:00, 113.16it/s]
Epoch 89/100: 100% 47/47 [00:00<00:00, 119.09it/s]
Epoch 90/100:  28% 13/47 [00:00<00:00, 124.84it/s]{"train/step": 4250, "train/loss": 0.29623347520828247}
Epoch 90/100: 100% 47/47 [00:00<00:00, 120.66it/s]
{"epoch": 90, "val/mean_return": -124.1361511242936, "val/std_return": 34.53237634883986}
Epoch 91/100: 100% 47/47 [00:00<00:00, 112.12it/s]
Epoch 92/100: 100% 47/47 [00:00<00:00, 104.92it/s]
Epoch 93/100: 100% 47/47 [00:00<00:00, 113.61it/s]
Epoch 94/100: 100% 47/47 [00:00<00:00, 101.35it/s]
Epoch 95/100:  72% 34/47 [00:00<00:00, 80.45it/s]{"train/step": 4500, "train/loss": 0.4192408621311188}
Epoch 95/100: 100% 47/47 [00:00<00:00, 81.61it/s]
Epoch 96/100: 100% 47/47 [00:00<00:00, 89.37it/s]
Epoch 97/100: 100% 47/47 [00:00<00:00, 86.17it/s]
Epoch 98/100: 100% 47/47 [00:00<00:00, 78.37it/s]
Epoch 99/100: 100% 47/47 [00:00<00:00, 105.82it/s]
Epoch 100/100: 100% 47/47 [00:00<00:00, 114.17it/s]
{"epoch": 100, "val/mean_return": -121.1476361120694, "val/std_return": 38.45590654386398}
--- Finished: Variant=no_phase, Env=Pendulum-v1, Seed=0 (Success) ---

--- [82/140] Running: Variant=no_phase, Env=Pendulum-v1, Seed=1 ---
{"train/param_count": 425481}
Epoch 1/100: 100% 47/47 [00:00<00:00, 50.71it/s]
Epoch 2/100: 100% 47/47 [00:00<00:00, 85.91it/s]
Epoch 3/100: 100% 47/47 [00:00<00:00, 77.68it/s]
Epoch 4/100: 100% 47/47 [00:00<00:00, 77.30it/s]
Epoch 5/100:  28% 13/47 [00:00<00:00, 125.83it/s]{"train/step": 250, "train/loss": 0.8530167937278748}
Epoch 5/100: 100% 47/47 [00:00<00:00, 116.18it/s]
Epoch 6/100: 100% 47/47 [00:00<00:00, 118.46it/s]
Epoch 7/100: 100% 47/47 [00:00<00:00, 114.96it/s]
Epoch 8/100: 100% 47/47 [00:00<00:00, 114.81it/s]
Epoch 9/100: 100% 47/47 [00:00<00:00, 115.24it/s]
Epoch 10/100:  55% 26/47 [00:00<00:00, 123.30it/s]{"train/step": 500, "train/loss": 0.6683330535888672}
Epoch 10/100: 100% 47/47 [00:00<00:00, 119.63it/s]
{"epoch": 10, "val/mean_return": -125.47914291421384, "val/std_return": 28.51269847202585}
Epoch 11/100: 100% 47/47 [00:00<00:00, 111.71it/s]
Epoch 12/100: 100% 47/47 [00:00<00:00, 114.57it/s]
Epoch 13/100: 100% 47/47 [00:00<00:00, 115.74it/s]
Epoch 14/100: 100% 47/47 [00:00<00:00, 121.39it/s]
Epoch 15/100:  96% 45/47 [00:00<00:00, 91.84it/s]{"train/step": 750, "train/loss": 0.5660219192504883}
Epoch 15/100: 100% 47/47 [00:00<00:00, 95.51it/s]
Epoch 16/100: 100% 47/47 [00:00<00:00, 84.12it/s]
Epoch 17/100: 100% 47/47 [00:00<00:00, 88.63it/s]
Epoch 18/100: 100% 47/47 [00:00<00:00, 84.02it/s]
Epoch 19/100: 100% 47/47 [00:00<00:00, 86.15it/s]
Epoch 20/100: 100% 47/47 [00:00<00:00, 114.27it/s]
{"epoch": 20, "val/mean_return": -126.42445978359414, "val/std_return": 37.52415923706757}
Epoch 21/100:  23% 11/47 [00:00<00:00, 108.53it/s]{"train/step": 1000, "train/loss": 0.45344510674476624}
Epoch 21/100: 100% 47/47 [00:00<00:00, 109.55it/s]
Epoch 22/100: 100% 47/47 [00:00<00:00, 119.81it/s]
Epoch 23/100: 100% 47/47 [00:00<00:00, 113.23it/s]
Epoch 24/100: 100% 47/47 [00:00<00:00, 114.17it/s]
Epoch 25/100: 100% 47/47 [00:00<00:00, 119.99it/s]
Epoch 26/100:  49% 23/47 [00:00<00:00, 114.11it/s]{"train/step": 1250, "train/loss": 0.5586392283439636}
Epoch 26/100: 100% 47/47 [00:00<00:00, 118.32it/s]
Epoch 27/100: 100% 47/47 [00:00<00:00, 117.09it/s]
Epoch 28/100: 100% 47/47 [00:00<00:00, 121.03it/s]
Epoch 29/100: 100% 47/47 [00:00<00:00, 118.05it/s]
Epoch 30/100: 100% 47/47 [00:00<00:00, 96.82it/s]
{"epoch": 30, "val/mean_return": -126.19962521419846, "val/std_return": 29.34366295243798}
Epoch 31/100:  77% 36/47 [00:00<00:00, 114.06it/s]{"train/step": 1500, "train/loss": 0.3614029586315155}
Epoch 31/100: 100% 47/47 [00:00<00:00, 112.16it/s]
Epoch 32/100: 100% 47/47 [00:00<00:00, 121.76it/s]
Epoch 33/100: 100% 47/47 [00:00<00:00, 122.53it/s]
Epoch 34/100: 100% 47/47 [00:00<00:00, 113.09it/s]
Epoch 35/100: 100% 47/47 [00:00<00:00, 122.34it/s]
Epoch 36/100: 100% 47/47 [00:00<00:00, 123.28it/s]
Epoch 37/100:  21% 10/47 [00:00<00:00, 99.89it/s]{"train/step": 1750, "train/loss": 0.33412042260169983}
Epoch 37/100: 100% 47/47 [00:00<00:00, 113.30it/s]
Epoch 38/100: 100% 47/47 [00:00<00:00, 123.38it/s]
Epoch 39/100: 100% 47/47 [00:00<00:00, 117.43it/s]
Epoch 40/100: 100% 47/47 [00:00<00:00, 122.12it/s]
{"epoch": 40, "val/mean_return": -114.54702166667983, "val/std_return": 37.40222479097536}
Epoch 41/100: 100% 47/47 [00:00<00:00, 110.33it/s]
Epoch 42/100:  51% 24/47 [00:00<00:00, 105.28it/s]{"train/step": 2000, "train/loss": 0.5362486243247986}
Epoch 42/100: 100% 47/47 [00:00<00:00, 110.66it/s]
Epoch 43/100: 100% 47/47 [00:00<00:00, 120.22it/s]
Epoch 44/100: 100% 47/47 [00:00<00:00, 109.49it/s]
Epoch 45/100: 100% 47/47 [00:00<00:00, 120.22it/s]
Epoch 46/100: 100% 47/47 [00:00<00:00, 113.94it/s]
Epoch 47/100:  83% 39/47 [00:00<00:00, 112.84it/s]{"train/step": 2250, "train/loss": 0.3734170198440552}
Epoch 47/100: 100% 47/47 [00:00<00:00, 113.65it/s]
Epoch 48/100: 100% 47/47 [00:00<00:00, 119.71it/s]
Epoch 49/100: 100% 47/47 [00:00<00:00, 116.89it/s]
Epoch 50/100: 100% 47/47 [00:00<00:00, 112.45it/s]
{"epoch": 50, "val/mean_return": -122.04701193905781, "val/std_return": 33.239302456285536}
Epoch 51/100: 100% 47/47 [00:00<00:00, 111.46it/s]
Epoch 52/100: 100% 47/47 [00:00<00:00, 113.07it/s]
Epoch 53/100:   0% 0/47 [00:00<?, ?it/s]{"train/step": 2500, "train/loss": 0.3726814389228821}
Epoch 53/100: 100% 47/47 [00:00<00:00, 115.18it/s]
Epoch 54/100: 100% 47/47 [00:00<00:00, 114.84it/s]
Epoch 55/100: 100% 47/47 [00:00<00:00, 109.46it/s]
Epoch 56/100: 100% 47/47 [00:00<00:00, 118.34it/s]
Epoch 57/100: 100% 47/47 [00:00<00:00, 111.14it/s]
Epoch 58/100:  28% 13/47 [00:00<00:00, 123.42it/s]{"train/step": 2750, "train/loss": 0.321246474981308}
Epoch 58/100: 100% 47/47 [00:00<00:00, 114.34it/s]
Epoch 59/100: 100% 47/47 [00:00<00:00, 116.82it/s]
Epoch 60/100: 100% 47/47 [00:00<00:00, 114.24it/s]
{"epoch": 60, "val/mean_return": -121.75253942049936, "val/std_return": 34.562089541925225}
Epoch 61/100: 100% 47/47 [00:00<00:00, 80.59it/s]
Epoch 62/100: 100% 47/47 [00:00<00:00, 93.37it/s]
Epoch 63/100:  81% 38/47 [00:00<00:00, 82.86it/s]{"train/step": 3000, "train/loss": 0.5003302693367004}
Epoch 63/100: 100% 47/47 [00:00<00:00, 85.12it/s]
Epoch 64/100: 100% 47/47 [00:00<00:00, 77.64it/s]
Epoch 65/100: 100% 47/47 [00:00<00:00, 113.73it/s]
Epoch 66/100: 100% 47/47 [00:00<00:00, 119.37it/s]
Epoch 67/100: 100% 47/47 [00:00<00:00, 119.69it/s]
Epoch 68/100: 100% 47/47 [00:00<00:00, 119.13it/s]
Epoch 69/100:   0% 0/47 [00:00<?, ?it/s]{"train/step": 3250, "train/loss": 0.3772149384021759}
Epoch 69/100: 100% 47/47 [00:00<00:00, 121.66it/s]
Epoch 70/100: 100% 47/47 [00:00<00:00, 110.75it/s]
{"epoch": 70, "val/mean_return": -117.68999166615367, "val/std_return": 33.848109593363986}
Epoch 71/100: 100% 47/47 [00:00<00:00, 104.19it/s]
Epoch 72/100: 100% 47/47 [00:00<00:00, 120.55it/s]
Epoch 73/100: 100% 47/47 [00:00<00:00, 112.89it/s]
Epoch 74/100:  26% 12/47 [00:00<00:00, 119.04it/s]{"train/step": 3500, "train/loss": 0.5233680605888367}
Epoch 74/100: 100% 47/47 [00:00<00:00, 114.14it/s]
Epoch 75/100: 100% 47/47 [00:00<00:00, 104.57it/s]
Epoch 76/100: 100% 47/47 [00:00<00:00, 79.24it/s]
Epoch 77/100: 100% 47/47 [00:00<00:00, 90.68it/s]
Epoch 78/100: 100% 47/47 [00:00<00:00, 84.84it/s]
Epoch 79/100:  68% 32/47 [00:00<00:00, 76.65it/s]{"train/step": 3750, "train/loss": 0.4367848038673401}
Epoch 79/100: 100% 47/47 [00:00<00:00, 78.51it/s]
Epoch 80/100: 100% 47/47 [00:00<00:00, 105.43it/s]
{"epoch": 80, "val/mean_return": -120.13156918619974, "val/std_return": 30.340226722573664}
Epoch 81/100: 100% 47/47 [00:00<00:00, 102.69it/s]
Epoch 82/100: 100% 47/47 [00:00<00:00, 114.70it/s]
Epoch 83/100: 100% 47/47 [00:00<00:00, 108.45it/s]
Epoch 84/100: 100% 47/47 [00:00<00:00, 112.38it/s]
Epoch 85/100:   0% 0/47 [00:00<?, ?it/s]{"train/step": 4000, "train/loss": 0.42632433772087097}
Epoch 85/100: 100% 47/47 [00:00<00:00, 113.87it/s]
Epoch 86/100: 100% 47/47 [00:00<00:00, 112.70it/s]
Epoch 87/100: 100% 47/47 [00:00<00:00, 115.17it/s]
Epoch 88/100: 100% 47/47 [00:00<00:00, 113.93it/s]
Epoch 89/100: 100% 47/47 [00:00<00:00, 113.46it/s]
Epoch 90/100:  23% 11/47 [00:00<00:00, 104.14it/s]{"train/step": 4250, "train/loss": 0.5027475357055664}
Epoch 90/100: 100% 47/47 [00:00<00:00, 86.47it/s]
{"epoch": 90, "val/mean_return": -115.97443205636665, "val/std_return": 38.44015442439602}
Epoch 91/100: 100% 47/47 [00:00<00:00, 96.48it/s]
Epoch 92/100: 100% 47/47 [00:00<00:00, 117.97it/s]
Epoch 93/100: 100% 47/47 [00:00<00:00, 113.43it/s]
Epoch 94/100: 100% 47/47 [00:00<00:00, 111.99it/s]
Epoch 95/100:  55% 26/47 [00:00<00:00, 126.66it/s]{"train/step": 4500, "train/loss": 0.4715927243232727}
Epoch 95/100: 100% 47/47 [00:00<00:00, 119.86it/s]
Epoch 96/100: 100% 47/47 [00:00<00:00, 112.40it/s]
Epoch 97/100: 100% 47/47 [00:00<00:00, 119.67it/s]
Epoch 98/100: 100% 47/47 [00:00<00:00, 115.08it/s]
Epoch 99/100: 100% 47/47 [00:00<00:00, 118.08it/s]
Epoch 100/100: 100% 47/47 [00:00<00:00, 121.64it/s]
{"epoch": 100, "val/mean_return": -121.86909013802283, "val/std_return": 33.98003976517819}
--- Finished: Variant=no_phase, Env=Pendulum-v1, Seed=1 (Success) ---

--- [83/140] Running: Variant=no_phase, Env=Pendulum-v1, Seed=2 ---
{"train/param_count": 425481}
Epoch 1/100: 100% 47/47 [00:00<00:00, 62.04it/s]
Epoch 2/100: 100% 47/47 [00:00<00:00, 103.09it/s]
Epoch 3/100: 100% 47/47 [00:00<00:00, 116.98it/s]
Epoch 4/100: 100% 47/47 [00:00<00:00, 109.52it/s]
Epoch 5/100:  26% 12/47 [00:00<00:00, 118.36it/s]{"train/step": 250, "train/loss": 0.53426194190979}
Epoch 5/100: 100% 47/47 [00:00<00:00, 109.21it/s]
Epoch 6/100: 100% 47/47 [00:00<00:00, 118.14it/s]
Epoch 7/100: 100% 47/47 [00:00<00:00, 119.63it/s]
Epoch 8/100: 100% 47/47 [00:00<00:00, 121.96it/s]
Epoch 9/100: 100% 47/47 [00:00<00:00, 121.65it/s]
Epoch 10/100:  47% 22/47 [00:00<00:00, 80.84it/s] {"train/step": 500, "train/loss": 0.6200034022331238}
Epoch 10/100: 100% 47/47 [00:00<00:00, 88.29it/s]
{"epoch": 10, "val/mean_return": -122.27671502428288, "val/std_return": 37.97670447724488}
Epoch 11/100: 100% 47/47 [00:00<00:00, 110.53it/s]
Epoch 12/100: 100% 47/47 [00:00<00:00, 117.43it/s]
Epoch 13/100: 100% 47/47 [00:00<00:00, 111.50it/s]
Epoch 14/100: 100% 47/47 [00:00<00:00, 120.70it/s]
Epoch 15/100:  81% 38/47 [00:00<00:00, 115.49it/s]{"train/step": 750, "train/loss": 0.3713289201259613}
Epoch 15/100: 100% 47/47 [00:00<00:00, 116.41it/s]
Epoch 16/100: 100% 47/47 [00:00<00:00, 115.62it/s]
Epoch 17/100: 100% 47/47 [00:00<00:00, 121.50it/s]
Epoch 18/100: 100% 47/47 [00:00<00:00, 117.04it/s]
Epoch 19/100: 100% 47/47 [00:00<00:00, 119.90it/s]
Epoch 20/100: 100% 47/47 [00:00<00:00, 122.42it/s]
{"epoch": 20, "val/mean_return": -117.20907671862352, "val/std_return": 37.99573768120366}
Epoch 21/100:  21% 10/47 [00:00<00:00, 93.67it/s]{"train/step": 1000, "train/loss": 0.48492908477783203}
Epoch 21/100: 100% 47/47 [00:00<00:00, 108.44it/s]
Epoch 22/100: 100% 47/47 [00:00<00:00, 115.04it/s]
Epoch 23/100: 100% 47/47 [00:00<00:00, 115.15it/s]
Epoch 24/100: 100% 47/47 [00:00<00:00, 118.46it/s]
Epoch 25/100: 100% 47/47 [00:00<00:00, 111.45it/s]
Epoch 26/100:  47% 22/47 [00:00<00:00, 103.40it/s]{"train/step": 1250, "train/loss": 0.5013710856437683}
Epoch 26/100: 100% 47/47 [00:00<00:00, 109.84it/s]
Epoch 27/100: 100% 47/47 [00:00<00:00, 116.28it/s]
Epoch 28/100: 100% 47/47 [00:00<00:00, 108.72it/s]
Epoch 29/100: 100% 47/47 [00:00<00:00, 113.96it/s]
Epoch 30/100: 100% 47/47 [00:00<00:00, 115.35it/s]
{"epoch": 30, "val/mean_return": -128.03906164145585, "val/std_return": 32.674790094149124}
Epoch 31/100:  91% 43/47 [00:00<00:00, 108.72it/s]{"train/step": 1500, "train/loss": 0.4243895709514618}
Epoch 31/100: 100% 47/47 [00:00<00:00, 105.47it/s]
Epoch 32/100: 100% 47/47 [00:00<00:00, 118.13it/s]
Epoch 33/100: 100% 47/47 [00:00<00:00, 111.44it/s]
Epoch 34/100: 100% 47/47 [00:00<00:00, 117.60it/s]
Epoch 35/100: 100% 47/47 [00:00<00:00, 112.94it/s]
Epoch 36/100: 100% 47/47 [00:00<00:00, 105.63it/s]
Epoch 37/100:  21% 10/47 [00:00<00:00, 96.43it/s]{"train/step": 1750, "train/loss": 0.5509909987449646}
Epoch 37/100: 100% 47/47 [00:00<00:00, 106.65it/s]
Epoch 38/100: 100% 47/47 [00:00<00:00, 113.13it/s]
Epoch 39/100: 100% 47/47 [00:00<00:00, 106.10it/s]
Epoch 40/100: 100% 47/47 [00:00<00:00, 109.92it/s]
{"epoch": 40, "val/mean_return": -122.8331239625532, "val/std_return": 36.43349985054408}
Epoch 41/100: 100% 47/47 [00:00<00:00, 87.93it/s]
Epoch 42/100:  38% 18/47 [00:00<00:00, 84.63it/s]{"train/step": 2000, "train/loss": 0.45993009209632874}
Epoch 42/100: 100% 47/47 [00:00<00:00, 81.79it/s]
Epoch 43/100: 100% 47/47 [00:00<00:00, 79.25it/s]
Epoch 44/100: 100% 47/47 [00:00<00:00, 113.65it/s]
Epoch 45/100: 100% 47/47 [00:00<00:00, 121.77it/s]
Epoch 46/100: 100% 47/47 [00:00<00:00, 117.78it/s]
Epoch 47/100:  81% 38/47 [00:00<00:00, 123.11it/s]{"train/step": 2250, "train/loss": 0.6438919901847839}
Epoch 47/100: 100% 47/47 [00:00<00:00, 118.92it/s]
Epoch 48/100: 100% 47/47 [00:00<00:00, 114.41it/s]
Epoch 49/100: 100% 47/47 [00:00<00:00, 115.78it/s]
Epoch 50/100: 100% 47/47 [00:00<00:00, 118.38it/s]
{"epoch": 50, "val/mean_return": -124.52445889231859, "val/std_return": 39.98450930485605}
Epoch 51/100: 100% 47/47 [00:00<00:00, 104.80it/s]
Epoch 52/100: 100% 47/47 [00:00<00:00, 108.50it/s]
Epoch 53/100:   0% 0/47 [00:00<?, ?it/s]{"train/step": 2500, "train/loss": 0.4284176528453827}
Epoch 53/100: 100% 47/47 [00:00<00:00, 113.30it/s]
Epoch 54/100: 100% 47/47 [00:00<00:00, 81.79it/s]
Epoch 55/100: 100% 47/47 [00:00<00:00, 90.08it/s]
Epoch 56/100: 100% 47/47 [00:00<00:00, 82.47it/s]
Epoch 57/100: 100% 47/47 [00:00<00:00, 77.01it/s]
Epoch 58/100:  36% 17/47 [00:00<00:00, 81.03it/s]{"train/step": 2750, "train/loss": 0.3535991907119751}
Epoch 58/100: 100% 47/47 [00:00<00:00, 96.10it/s]
Epoch 59/100: 100% 47/47 [00:00<00:00, 113.63it/s]
Epoch 60/100: 100% 47/47 [00:00<00:00, 119.12it/s]
{"epoch": 60, "val/mean_return": -119.81077062005934, "val/std_return": 45.210523005290725}
Epoch 61/100: 100% 47/47 [00:00<00:00, 111.49it/s]
Epoch 62/100: 100% 47/47 [00:00<00:00, 111.82it/s]
Epoch 63/100:  83% 39/47 [00:00<00:00, 118.61it/s]{"train/step": 3000, "train/loss": 0.4855606257915497}
Epoch 63/100: 100% 47/47 [00:00<00:00, 119.20it/s]
Epoch 64/100: 100% 47/47 [00:00<00:00, 111.48it/s]
Epoch 65/100: 100% 47/47 [00:00<00:00, 115.57it/s]
Epoch 66/100: 100% 47/47 [00:00<00:00, 120.88it/s]
Epoch 67/100: 100% 47/47 [00:00<00:00, 115.73it/s]
Epoch 68/100: 100% 47/47 [00:00<00:00, 108.04it/s]
Epoch 69/100:   0% 0/47 [00:00<?, ?it/s]{"train/step": 3250, "train/loss": 0.5785088539123535}
Epoch 69/100: 100% 47/47 [00:00<00:00, 82.74it/s]
Epoch 70/100: 100% 47/47 [00:00<00:00, 90.09it/s]
{"epoch": 70, "val/mean_return": -118.57676130606401, "val/std_return": 38.28412568850267}
Epoch 71/100: 100% 47/47 [00:00<00:00, 114.82it/s]
Epoch 72/100: 100% 47/47 [00:00<00:00, 114.42it/s]
Epoch 73/100: 100% 47/47 [00:00<00:00, 117.13it/s]
Epoch 74/100:  26% 12/47 [00:00<00:00, 117.14it/s]{"train/step": 3500, "train/loss": 0.4256642758846283}
Epoch 74/100: 100% 47/47 [00:00<00:00, 115.66it/s]
Epoch 75/100: 100% 47/47 [00:00<00:00, 107.20it/s]
Epoch 76/100: 100% 47/47 [00:00<00:00, 107.28it/s]
Epoch 77/100: 100% 47/47 [00:00<00:00, 110.13it/s]
Epoch 78/100: 100% 47/47 [00:00<00:00, 113.76it/s]
Epoch 79/100:  77% 36/47 [00:00<00:00, 107.88it/s]{"train/step": 3750, "train/loss": 0.5272836089134216}
Epoch 79/100: 100% 47/47 [00:00<00:00, 112.13it/s]
Epoch 80/100: 100% 47/47 [00:00<00:00, 108.46it/s]
{"epoch": 80, "val/mean_return": -125.98889238711658, "val/std_return": 32.005956787587}
Epoch 81/100: 100% 47/47 [00:00<00:00, 99.79it/s] 
Epoch 82/100: 100% 47/47 [00:00<00:00, 105.33it/s]
Epoch 83/100: 100% 47/47 [00:00<00:00, 109.65it/s]
Epoch 84/100: 100% 47/47 [00:00<00:00, 104.73it/s]
Epoch 85/100:   0% 0/47 [00:00<?, ?it/s]{"train/step": 4000, "train/loss": 0.3610703647136688}
Epoch 85/100: 100% 47/47 [00:00<00:00, 113.13it/s]
Epoch 86/100: 100% 47/47 [00:00<00:00, 103.54it/s]
Epoch 87/100: 100% 47/47 [00:00<00:00, 108.24it/s]
Epoch 88/100: 100% 47/47 [00:00<00:00, 106.93it/s]
Epoch 89/100: 100% 47/47 [00:00<00:00, 105.38it/s]
Epoch 90/100:  23% 11/47 [00:00<00:00, 108.34it/s]{"train/step": 4250, "train/loss": 0.33811625838279724}
Epoch 90/100: 100% 47/47 [00:00<00:00, 101.55it/s]
{"epoch": 90, "val/mean_return": -119.59803060208307, "val/std_return": 39.830240699566254}
Epoch 91/100: 100% 47/47 [00:00<00:00, 103.36it/s]
Epoch 92/100: 100% 47/47 [00:00<00:00, 103.05it/s]
Epoch 93/100: 100% 47/47 [00:00<00:00, 112.34it/s]
Epoch 94/100: 100% 47/47 [00:00<00:00, 108.29it/s]
Epoch 95/100:  55% 26/47 [00:00<00:00, 120.03it/s]{"train/step": 4500, "train/loss": 0.3588449954986572}
Epoch 95/100: 100% 47/47 [00:00<00:00, 118.07it/s]
Epoch 96/100: 100% 47/47 [00:00<00:00, 115.16it/s]
Epoch 97/100: 100% 47/47 [00:00<00:00, 110.10it/s]
Epoch 98/100: 100% 47/47 [00:00<00:00, 113.05it/s]
Epoch 99/100: 100% 47/47 [00:00<00:00, 103.11it/s]
Epoch 100/100: 100% 47/47 [00:00<00:00, 118.72it/s]
{"epoch": 100, "val/mean_return": -124.33178637806209, "val/std_return": 34.976984898905265}
--- Finished: Variant=no_phase, Env=Pendulum-v1, Seed=2 (Success) ---

--- [84/140] Running: Variant=no_phase, Env=Pendulum-v1, Seed=3 ---
{"train/param_count": 425481}
Epoch 1/100: 100% 47/47 [00:00<00:00, 62.29it/s]
Epoch 2/100: 100% 47/47 [00:00<00:00, 109.59it/s]
Epoch 3/100: 100% 47/47 [00:00<00:00, 116.84it/s]
Epoch 4/100: 100% 47/47 [00:00<00:00, 112.77it/s]
Epoch 5/100:  21% 10/47 [00:00<00:00, 99.16it/s]{"train/step": 250, "train/loss": 0.6312900185585022}
Epoch 5/100: 100% 47/47 [00:00<00:00, 111.96it/s]
Epoch 6/100: 100% 47/47 [00:00<00:00, 118.05it/s]
Epoch 7/100: 100% 47/47 [00:00<00:00, 110.76it/s]
Epoch 8/100: 100% 47/47 [00:00<00:00, 116.94it/s]
Epoch 9/100: 100% 47/47 [00:00<00:00, 117.21it/s]
Epoch 10/100:  49% 23/47 [00:00<00:00, 113.77it/s]{"train/step": 500, "train/loss": 0.4532739818096161}
Epoch 10/100: 100% 47/47 [00:00<00:00, 112.48it/s]
{"epoch": 10, "val/mean_return": -131.9587235065119, "val/std_return": 33.483876704524576}
Epoch 11/100: 100% 47/47 [00:00<00:00, 112.19it/s]
Epoch 12/100: 100% 47/47 [00:00<00:00, 116.34it/s]
Epoch 13/100: 100% 47/47 [00:00<00:00, 116.43it/s]
Epoch 14/100: 100% 47/47 [00:00<00:00, 121.55it/s]
Epoch 15/100:  83% 39/47 [00:00<00:00, 114.74it/s]{"train/step": 750, "train/loss": 0.5735086798667908}
Epoch 15/100: 100% 47/47 [00:00<00:00, 116.23it/s]
Epoch 16/100: 100% 47/47 [00:00<00:00, 102.17it/s]
Epoch 17/100: 100% 47/47 [00:00<00:00, 113.25it/s]
Epoch 18/100: 100% 47/47 [00:00<00:00, 121.98it/s]
Epoch 19/100: 100% 47/47 [00:00<00:00, 120.20it/s]
Epoch 20/100: 100% 47/47 [00:00<00:00, 115.18it/s]
{"epoch": 20, "val/mean_return": -123.08301937180796, "val/std_return": 36.59411371812373}
Epoch 21/100:  23% 11/47 [00:00<00:00, 103.94it/s]{"train/step": 1000, "train/loss": 0.5293975472450256}
Epoch 21/100: 100% 47/47 [00:00<00:00, 111.81it/s]
Epoch 22/100: 100% 47/47 [00:00<00:00, 121.79it/s]
Epoch 23/100: 100% 47/47 [00:00<00:00, 112.79it/s]
Epoch 24/100: 100% 47/47 [00:00<00:00, 120.86it/s]
Epoch 25/100: 100% 47/47 [00:00<00:00, 113.50it/s]
Epoch 26/100:  51% 24/47 [00:00<00:00, 117.54it/s]{"train/step": 1250, "train/loss": 0.4017466604709625}
Epoch 26/100: 100% 47/47 [00:00<00:00, 116.18it/s]
Epoch 27/100: 100% 47/47 [00:00<00:00, 121.25it/s]
Epoch 28/100: 100% 47/47 [00:00<00:00, 110.26it/s]
Epoch 29/100: 100% 47/47 [00:00<00:00, 120.47it/s]
Epoch 30/100: 100% 47/47 [00:00<00:00, 119.87it/s]
{"epoch": 30, "val/mean_return": -117.76225430009163, "val/std_return": 40.639406942126925}
Epoch 31/100:  79% 37/47 [00:00<00:00, 83.72it/s]{"train/step": 1500, "train/loss": 0.5015963912010193}
Epoch 31/100: 100% 47/47 [00:00<00:00, 83.14it/s]
Epoch 32/100: 100% 47/47 [00:00<00:00, 90.59it/s]
Epoch 33/100: 100% 47/47 [00:00<00:00, 74.99it/s]
Epoch 34/100: 100% 47/47 [00:00<00:00, 102.25it/s]
Epoch 35/100: 100% 47/47 [00:00<00:00, 115.01it/s]
Epoch 36/100: 100% 47/47 [00:00<00:00, 116.07it/s]
Epoch 37/100:   0% 0/47 [00:00<?, ?it/s]{"train/step": 1750, "train/loss": 0.5323370099067688}
Epoch 37/100: 100% 47/47 [00:00<00:00, 118.36it/s]
Epoch 38/100: 100% 47/47 [00:00<00:00, 110.54it/s]
Epoch 39/100: 100% 47/47 [00:00<00:00, 119.06it/s]
Epoch 40/100: 100% 47/47 [00:00<00:00, 115.75it/s]
{"epoch": 40, "val/mean_return": -119.62679485293937, "val/std_return": 36.958395089293035}
Epoch 41/100: 100% 47/47 [00:00<00:00, 113.28it/s]
Epoch 42/100:  51% 24/47 [00:00<00:00, 116.65it/s]{"train/step": 2000, "train/loss": 0.649695098400116}
Epoch 42/100: 100% 47/47 [00:00<00:00, 115.06it/s]
Epoch 43/100: 100% 47/47 [00:00<00:00, 114.01it/s]
Epoch 44/100: 100% 47/47 [00:00<00:00, 117.63it/s]
Epoch 45/100: 100% 47/47 [00:00<00:00, 84.97it/s]
Epoch 46/100: 100% 47/47 [00:00<00:00, 80.77it/s]
Epoch 47/100:  77% 36/47 [00:00<00:00, 82.17it/s]{"train/step": 2250, "train/loss": 0.5114921927452087}
Epoch 47/100: 100% 47/47 [00:00<00:00, 84.94it/s]
Epoch 48/100: 100% 47/47 [00:00<00:00, 82.86it/s]
Epoch 49/100: 100% 47/47 [00:00<00:00, 82.22it/s]
Epoch 50/100: 100% 47/47 [00:00<00:00, 118.25it/s]
{"epoch": 50, "val/mean_return": -116.77310141739683, "val/std_return": 38.79171538697744}
Epoch 51/100: 100% 47/47 [00:00<00:00, 112.10it/s]
Epoch 52/100: 100% 47/47 [00:00<00:00, 122.44it/s]
Epoch 53/100:   0% 0/47 [00:00<?, ?it/s]{"train/step": 2500, "train/loss": 0.33778277039527893}
Epoch 53/100: 100% 47/47 [00:00<00:00, 112.64it/s]
Epoch 54/100: 100% 47/47 [00:00<00:00, 119.42it/s]
Epoch 55/100: 100% 47/47 [00:00<00:00, 119.35it/s]
Epoch 56/100: 100% 47/47 [00:00<00:00, 116.60it/s]
Epoch 57/100: 100% 47/47 [00:00<00:00, 119.92it/s]
Epoch 58/100:  51% 24/47 [00:00<00:00, 118.88it/s]{"train/step": 2750, "train/loss": 0.5516864657402039}
Epoch 58/100: 100% 47/47 [00:00<00:00, 113.71it/s]
Epoch 59/100: 100% 47/47 [00:00<00:00, 119.93it/s]
Epoch 60/100: 100% 47/47 [00:00<00:00, 107.04it/s]
{"epoch": 60, "val/mean_return": -124.4880871688975, "val/std_return": 35.51771285326514}
Epoch 61/100: 100% 47/47 [00:00<00:00, 106.32it/s]
Epoch 62/100: 100% 47/47 [00:00<00:00, 116.34it/s]
Epoch 63/100:  77% 36/47 [00:00<00:00, 114.52it/s]{"train/step": 3000, "train/loss": 0.5023693442344666}
Epoch 63/100: 100% 47/47 [00:00<00:00, 116.29it/s]
Epoch 64/100: 100% 47/47 [00:00<00:00, 112.22it/s]
Epoch 65/100: 100% 47/47 [00:00<00:00, 120.35it/s]
Epoch 66/100: 100% 47/47 [00:00<00:00, 116.99it/s]
Epoch 67/100: 100% 47/47 [00:00<00:00, 118.30it/s]
Epoch 68/100: 100% 47/47 [00:00<00:00, 120.40it/s]
Epoch 69/100:   0% 0/47 [00:00<?, ?it/s]{"train/step": 3250, "train/loss": 0.48680076003074646}
Epoch 69/100: 100% 47/47 [00:00<00:00, 111.52it/s]
Epoch 70/100: 100% 47/47 [00:00<00:00, 120.39it/s]
{"epoch": 70, "val/mean_return": -119.30689613985513, "val/std_return": 41.98841005251616}
Epoch 71/100: 100% 47/47 [00:00<00:00, 111.84it/s]
Epoch 72/100: 100% 47/47 [00:00<00:00, 112.34it/s]
Epoch 73/100: 100% 47/47 [00:00<00:00, 122.29it/s]
Epoch 74/100:  28% 13/47 [00:00<00:00, 126.08it/s]{"train/step": 3500, "train/loss": 0.4973548948764801}
Epoch 74/100: 100% 47/47 [00:00<00:00, 117.91it/s]
Epoch 75/100: 100% 47/47 [00:00<00:00, 110.48it/s]
Epoch 76/100: 100% 47/47 [00:00<00:00, 122.69it/s]
Epoch 77/100: 100% 47/47 [00:00<00:00, 116.10it/s]
Epoch 78/100: 100% 47/47 [00:00<00:00, 121.79it/s]
Epoch 79/100:  55% 26/47 [00:00<00:00, 113.37it/s]{"train/step": 3750, "train/loss": 0.31915658712387085}
Epoch 79/100: 100% 47/47 [00:00<00:00, 114.34it/s]
Epoch 80/100: 100% 47/47 [00:00<00:00, 118.53it/s]
{"epoch": 80, "val/mean_return": -124.27963894978947, "val/std_return": 32.02265638156848}
Epoch 81/100: 100% 47/47 [00:00<00:00, 109.45it/s]
Epoch 82/100: 100% 47/47 [00:00<00:00, 122.26it/s]
Epoch 83/100: 100% 47/47 [00:00<00:00, 119.34it/s]
Epoch 84/100: 100% 47/47 [00:00<00:00, 111.44it/s]
Epoch 85/100:   0% 0/47 [00:00<?, ?it/s]{"train/step": 4000, "train/loss": 0.37244006991386414}
Epoch 85/100: 100% 47/47 [00:00<00:00, 118.57it/s]
Epoch 86/100: 100% 47/47 [00:00<00:00, 119.20it/s]
Epoch 87/100: 100% 47/47 [00:00<00:00, 120.15it/s]
Epoch 88/100: 100% 47/47 [00:00<00:00, 116.84it/s]
Epoch 89/100: 100% 47/47 [00:00<00:00, 117.44it/s]
Epoch 90/100:  28% 13/47 [00:00<00:00, 125.73it/s]{"train/step": 4250, "train/loss": 0.3181159496307373}
Epoch 90/100: 100% 47/47 [00:00<00:00, 118.26it/s]
{"epoch": 90, "val/mean_return": -113.82366255032775, "val/std_return": 38.15046108244992}
Epoch 91/100: 100% 47/47 [00:00<00:00, 110.40it/s]
Epoch 92/100: 100% 47/47 [00:00<00:00, 84.95it/s]
Epoch 93/100: 100% 47/47 [00:00<00:00, 85.76it/s]
Epoch 94/100: 100% 47/47 [00:00<00:00, 90.39it/s]
Epoch 95/100:  68% 32/47 [00:00<00:00, 76.62it/s]{"train/step": 4500, "train/loss": 0.4139951765537262}
Epoch 95/100: 100% 47/47 [00:00<00:00, 74.71it/s]
Epoch 96/100: 100% 47/47 [00:00<00:00, 100.29it/s]
Epoch 97/100: 100% 47/47 [00:00<00:00, 121.66it/s]
Epoch 98/100: 100% 47/47 [00:00<00:00, 110.50it/s]
Epoch 99/100: 100% 47/47 [00:00<00:00, 121.29it/s]
Epoch 100/100: 100% 47/47 [00:00<00:00, 122.64it/s]
{"epoch": 100, "val/mean_return": -123.87137553691907, "val/std_return": 27.40509245991263}
--- Finished: Variant=no_phase, Env=Pendulum-v1, Seed=3 (Success) ---

--- [85/140] Running: Variant=no_phase, Env=Pendulum-v1, Seed=4 ---
{"train/param_count": 425481}
Epoch 1/100: 100% 47/47 [00:00<00:00, 47.10it/s]
Epoch 2/100: 100% 47/47 [00:00<00:00, 99.56it/s] 
Epoch 3/100: 100% 47/47 [00:00<00:00, 117.02it/s]
Epoch 4/100: 100% 47/47 [00:00<00:00, 118.68it/s]
Epoch 5/100:  28% 13/47 [00:00<00:00, 126.51it/s]{"train/step": 250, "train/loss": 0.5307000875473022}
Epoch 5/100: 100% 47/47 [00:00<00:00, 117.20it/s]
Epoch 6/100: 100% 47/47 [00:00<00:00, 120.53it/s]
Epoch 7/100: 100% 47/47 [00:00<00:00, 117.79it/s]
Epoch 8/100: 100% 47/47 [00:00<00:00, 118.51it/s]
Epoch 9/100: 100% 47/47 [00:00<00:00, 119.13it/s]
Epoch 10/100:  55% 26/47 [00:00<00:00, 126.51it/s]{"train/step": 500, "train/loss": 0.5574309229850769}
Epoch 10/100: 100% 47/47 [00:00<00:00, 117.59it/s]
{"epoch": 10, "val/mean_return": -120.0280724554874, "val/std_return": 35.93892358052404}
Epoch 11/100: 100% 47/47 [00:00<00:00, 110.65it/s]
Epoch 12/100: 100% 47/47 [00:00<00:00, 117.17it/s]
Epoch 13/100: 100% 47/47 [00:00<00:00, 96.86it/s]
Epoch 14/100: 100% 47/47 [00:00<00:00, 83.27it/s]
Epoch 15/100:  85% 40/47 [00:00<00:00, 93.20it/s]{"train/step": 750, "train/loss": 0.5819655656814575}
Epoch 15/100: 100% 47/47 [00:00<00:00, 92.67it/s]
Epoch 16/100: 100% 47/47 [00:00<00:00, 85.11it/s]
Epoch 17/100: 100% 47/47 [00:00<00:00, 84.32it/s]
Epoch 18/100: 100% 47/47 [00:00<00:00, 114.82it/s]
Epoch 19/100: 100% 47/47 [00:00<00:00, 120.59it/s]
Epoch 20/100: 100% 47/47 [00:00<00:00, 116.24it/s]
{"epoch": 20, "val/mean_return": -122.4709934319566, "val/std_return": 42.56151489480464}
Epoch 21/100:  23% 11/47 [00:00<00:00, 105.44it/s]{"train/step": 1000, "train/loss": 0.4211978018283844}
Epoch 21/100: 100% 47/47 [00:00<00:00, 115.51it/s]
Epoch 22/100: 100% 47/47 [00:00<00:00, 119.35it/s]
Epoch 23/100: 100% 47/47 [00:00<00:00, 93.49it/s]
Epoch 24/100: 100% 47/47 [00:00<00:00, 108.66it/s]
Epoch 25/100: 100% 47/47 [00:00<00:00, 104.17it/s]
Epoch 26/100:  55% 26/47 [00:00<00:00, 113.04it/s]{"train/step": 1250, "train/loss": 0.45645561814308167}
Epoch 26/100: 100% 47/47 [00:00<00:00, 119.47it/s]
Epoch 27/100: 100% 47/47 [00:00<00:00, 109.37it/s]
Epoch 28/100: 100% 47/47 [00:00<00:00, 93.62it/s]
Epoch 29/100: 100% 47/47 [00:00<00:00, 84.77it/s]
Epoch 30/100: 100% 47/47 [00:00<00:00, 84.61it/s]
{"epoch": 30, "val/mean_return": -126.66312990809288, "val/std_return": 32.733389525986404}
Epoch 31/100:  74% 35/47 [00:00<00:00, 113.55it/s]{"train/step": 1500, "train/loss": 0.4068101942539215}
Epoch 31/100: 100% 47/47 [00:00<00:00, 112.67it/s]
Epoch 32/100: 100% 47/47 [00:00<00:00, 117.77it/s]
Epoch 33/100: 100% 47/47 [00:00<00:00, 108.18it/s]
Epoch 34/100: 100% 47/47 [00:00<00:00, 119.66it/s]
Epoch 35/100: 100% 47/47 [00:00<00:00, 114.84it/s]
Epoch 36/100: 100% 47/47 [00:00<00:00, 121.10it/s]
Epoch 37/100:   0% 0/47 [00:00<?, ?it/s]{"train/step": 1750, "train/loss": 0.39561927318573}
Epoch 37/100: 100% 47/47 [00:00<00:00, 121.15it/s]
Epoch 38/100: 100% 47/47 [00:00<00:00, 117.69it/s]
Epoch 39/100: 100% 47/47 [00:00<00:00, 122.45it/s]
Epoch 40/100: 100% 47/47 [00:00<00:00, 122.50it/s]
{"epoch": 40, "val/mean_return": -121.99918579246878, "val/std_return": 35.2740078795728}
Epoch 41/100: 100% 47/47 [00:00<00:00, 111.27it/s]
Epoch 42/100:  51% 24/47 [00:00<00:00, 114.21it/s]{"train/step": 2000, "train/loss": 0.5031206011772156}
Epoch 42/100: 100% 47/47 [00:00<00:00, 118.87it/s]
Epoch 43/100: 100% 47/47 [00:00<00:00, 117.73it/s]
Epoch 44/100: 100% 47/47 [00:00<00:00, 119.89it/s]
Epoch 45/100: 100% 47/47 [00:00<00:00, 119.86it/s]
Epoch 46/100: 100% 47/47 [00:00<00:00, 117.57it/s]
Epoch 47/100:  83% 39/47 [00:00<00:00, 118.41it/s]{"train/step": 2250, "train/loss": 0.43181848526000977}
Epoch 47/100: 100% 47/47 [00:00<00:00, 120.90it/s]
Epoch 48/100: 100% 47/47 [00:00<00:00, 120.74it/s]
Epoch 49/100: 100% 47/47 [00:00<00:00, 113.58it/s]
Epoch 50/100: 100% 47/47 [00:00<00:00, 122.70it/s]
{"epoch": 50, "val/mean_return": -119.17577542764202, "val/std_return": 37.986813215894124}
Epoch 51/100: 100% 47/47 [00:00<00:00, 111.81it/s]
Epoch 52/100: 100% 47/47 [00:00<00:00, 105.91it/s]
Epoch 53/100:   0% 0/47 [00:00<?, ?it/s]{"train/step": 2500, "train/loss": 0.4306461811065674}
Epoch 53/100: 100% 47/47 [00:00<00:00, 120.87it/s]
Epoch 54/100: 100% 47/47 [00:00<00:00, 122.68it/s]
Epoch 55/100: 100% 47/47 [00:00<00:00, 114.67it/s]
Epoch 56/100: 100% 47/47 [00:00<00:00, 121.95it/s]
Epoch 57/100: 100% 47/47 [00:00<00:00, 114.82it/s]
Epoch 58/100:  28% 13/47 [00:00<00:00, 127.63it/s]{"train/step": 2750, "train/loss": 0.393716961145401}
Epoch 58/100: 100% 47/47 [00:00<00:00, 121.60it/s]
Epoch 59/100: 100% 47/47 [00:00<00:00, 117.74it/s]
Epoch 60/100: 100% 47/47 [00:00<00:00, 117.71it/s]
{"epoch": 60, "val/mean_return": -122.59613802820422, "val/std_return": 29.858360591084544}
Epoch 61/100: 100% 47/47 [00:00<00:00, 85.39it/s]
Epoch 62/100: 100% 47/47 [00:00<00:00, 87.20it/s]
Epoch 63/100:  74% 35/47 [00:00<00:00, 78.84it/s]{"train/step": 3000, "train/loss": 0.4349401593208313}
Epoch 63/100: 100% 47/47 [00:00<00:00, 79.12it/s]
Epoch 64/100: 100% 47/47 [00:00<00:00, 92.19it/s]
Epoch 65/100: 100% 47/47 [00:00<00:00, 111.84it/s]
Epoch 66/100: 100% 47/47 [00:00<00:00, 119.28it/s]
Epoch 67/100: 100% 47/47 [00:00<00:00, 122.30it/s]
Epoch 68/100: 100% 47/47 [00:00<00:00, 114.59it/s]
Epoch 69/100:   0% 0/47 [00:00<?, ?it/s]{"train/step": 3250, "train/loss": 0.5780825614929199}
Epoch 69/100: 100% 47/47 [00:00<00:00, 123.39it/s]
Epoch 70/100: 100% 47/47 [00:00<00:00, 119.09it/s]
{"epoch": 70, "val/mean_return": -116.47885813948307, "val/std_return": 37.18807348690329}
Epoch 71/100: 100% 47/47 [00:00<00:00, 111.55it/s]
Epoch 72/100: 100% 47/47 [00:00<00:00, 119.45it/s]
Epoch 73/100: 100% 47/47 [00:00<00:00, 117.65it/s]
Epoch 74/100:  26% 12/47 [00:00<00:00, 117.84it/s]{"train/step": 3500, "train/loss": 0.5016140341758728}
Epoch 74/100: 100% 47/47 [00:00<00:00, 118.57it/s]
Epoch 75/100: 100% 47/47 [00:00<00:00, 116.29it/s]
Epoch 76/100: 100% 47/47 [00:00<00:00, 83.44it/s]
Epoch 77/100: 100% 47/47 [00:00<00:00, 86.84it/s]
Epoch 78/100: 100% 47/47 [00:00<00:00, 92.66it/s]
Epoch 79/100:  74% 35/47 [00:00<00:00, 77.07it/s]{"train/step": 3750, "train/loss": 0.3578040301799774}
Epoch 79/100: 100% 47/47 [00:00<00:00, 79.99it/s]
Epoch 80/100: 100% 47/47 [00:00<00:00, 97.56it/s] 
{"epoch": 80, "val/mean_return": -119.16234204387848, "val/std_return": 39.91471687744256}
Epoch 81/100: 100% 47/47 [00:00<00:00, 110.78it/s]
Epoch 82/100: 100% 47/47 [00:00<00:00, 118.04it/s]
Epoch 83/100: 100% 47/47 [00:00<00:00, 113.10it/s]
Epoch 84/100: 100% 47/47 [00:00<00:00, 122.82it/s]
Epoch 85/100:   0% 0/47 [00:00<?, ?it/s]{"train/step": 4000, "train/loss": 0.31370651721954346}
Epoch 85/100: 100% 47/47 [00:00<00:00, 124.04it/s]
Epoch 86/100: 100% 47/47 [00:00<00:00, 117.89it/s]
Epoch 87/100: 100% 47/47 [00:00<00:00, 118.44it/s]
Epoch 88/100: 100% 47/47 [00:00<00:00, 118.62it/s]
Epoch 89/100: 100% 47/47 [00:00<00:00, 123.08it/s]
Epoch 90/100:  26% 12/47 [00:00<00:00, 118.01it/s]{"train/step": 4250, "train/loss": 0.2915199398994446}
Epoch 90/100: 100% 47/47 [00:00<00:00, 121.02it/s]
{"epoch": 90, "val/mean_return": -123.35812912688412, "val/std_return": 30.078221604746286}
Epoch 91/100: 100% 47/47 [00:00<00:00, 105.41it/s]
Epoch 92/100: 100% 47/47 [00:00<00:00, 114.18it/s]
Epoch 93/100: 100% 47/47 [00:00<00:00, 123.07it/s]
Epoch 94/100: 100% 47/47 [00:00<00:00, 114.15it/s]
Epoch 95/100:  55% 26/47 [00:00<00:00, 128.05it/s]{"train/step": 4500, "train/loss": 0.365128755569458}
Epoch 95/100: 100% 47/47 [00:00<00:00, 122.75it/s]
Epoch 96/100: 100% 47/47 [00:00<00:00, 122.59it/s]
Epoch 97/100: 100% 47/47 [00:00<00:00, 113.71it/s]
Epoch 98/100: 100% 47/47 [00:00<00:00, 121.96it/s]
Epoch 99/100: 100% 47/47 [00:00<00:00, 117.71it/s]
Epoch 100/100: 100% 47/47 [00:00<00:00, 118.06it/s]
{"epoch": 100, "val/mean_return": -122.15753904765415, "val/std_return": 31.380560490130733}
--- Finished: Variant=no_phase, Env=Pendulum-v1, Seed=4 (Success) ---

--- [86/140] Running: Variant=dt, Env=Pendulum-v1, Seed=0 ---
Traceback (most recent call last):
  File "/content/neuromorphic_decision_transformer/ablation_studies/run_experiment.py", line 234, in <module>
    main()
  File "/content/neuromorphic_decision_transformer/ablation_studies/run_experiment.py", line 231, in main
    train(cfg, logger)
  File "/content/neuromorphic_decision_transformer/ablation_studies/run_experiment.py", line 170, in train
    model = get_model(cfg).to(cfg.device)
            ^^^^^^^^^^^^^^
  File "/content/neuromorphic_decision_transformer/ablation_studies/run_experiment.py", line 70, in get_model
    module = __import__(module_name, fromlist=[class_name])
             ^^^^^^^^^^^^^^^^^^^^^^^^^^^^^^^^^^^^^^^^^^^^^^
  File "/content/neuromorphic_decision_transformer/snn-dt/src/models/dt.py", line 5, in <module>
    from src.models.base import BasePolicy
  File "/content/neuromorphic_decision_transformer/src/models/__init__.py", line 7, in <module>
    from .spiking_layers import SpikingSelfAttention
  File "/content/neuromorphic_decision_transformer/src/models/spiking_layers.py", line 9, in <module>
    from .snn_lif import LIFNeuronLayer # This import is from the original file, kept for other components
    ^^^^^^^^^^^^^^^^^^^^^^^^^^^^^^^^^^^
  File "/content/neuromorphic_decision_transformer/src/models/snn_lif.py", line 11, in <module>
    import norse.torch as norse
ModuleNotFoundError: No module named 'norse'
  Error running job: Command '['/usr/bin/python3', '/content/neuromorphic_decision_transformer/ablation_studies/run_experiment.py', '--variant', 'dt', '--env', 'Pendulum-v1', '--seed', '0', '--contract', 'experiment_contract_light.yaml']' returned non-zero exit status 1.
--- Finished: Variant=dt, Env=Pendulum-v1, Seed=0 (Failed) ---

--- [87/140] Running: Variant=dt, Env=Pendulum-v1, Seed=1 ---
Traceback (most recent call last):
  File "/content/neuromorphic_decision_transformer/ablation_studies/run_experiment.py", line 234, in <module>
    main()
  File "/content/neuromorphic_decision_transformer/ablation_studies/run_experiment.py", line 231, in main
    train(cfg, logger)
  File "/content/neuromorphic_decision_transformer/ablation_studies/run_experiment.py", line 170, in train
    model = get_model(cfg).to(cfg.device)
            ^^^^^^^^^^^^^^
  File "/content/neuromorphic_decision_transformer/ablation_studies/run_experiment.py", line 70, in get_model
    module = __import__(module_name, fromlist=[class_name])
             ^^^^^^^^^^^^^^^^^^^^^^^^^^^^^^^^^^^^^^^^^^^^^^
  File "/content/neuromorphic_decision_transformer/snn-dt/src/models/dt.py", line 5, in <module>
    from src.models.base import BasePolicy
  File "/content/neuromorphic_decision_transformer/src/models/__init__.py", line 7, in <module>
    from .spiking_layers import SpikingSelfAttention
  File "/content/neuromorphic_decision_transformer/src/models/spiking_layers.py", line 9, in <module>
    from .snn_lif import LIFNeuronLayer # This import is from the original file, kept for other components
    ^^^^^^^^^^^^^^^^^^^^^^^^^^^^^^^^^^^
  File "/content/neuromorphic_decision_transformer/src/models/snn_lif.py", line 11, in <module>
    import norse.torch as norse
ModuleNotFoundError: No module named 'norse'
  Error running job: Command '['/usr/bin/python3', '/content/neuromorphic_decision_transformer/ablation_studies/run_experiment.py', '--variant', 'dt', '--env', 'Pendulum-v1', '--seed', '1', '--contract', 'experiment_contract_light.yaml']' returned non-zero exit status 1.
--- Finished: Variant=dt, Env=Pendulum-v1, Seed=1 (Failed) ---

--- [88/140] Running: Variant=dt, Env=Pendulum-v1, Seed=2 ---
Traceback (most recent call last):
  File "/content/neuromorphic_decision_transformer/ablation_studies/run_experiment.py", line 234, in <module>
    main()
  File "/content/neuromorphic_decision_transformer/ablation_studies/run_experiment.py", line 231, in main
    train(cfg, logger)
  File "/content/neuromorphic_decision_transformer/ablation_studies/run_experiment.py", line 170, in train
    model = get_model(cfg).to(cfg.device)
            ^^^^^^^^^^^^^^
  File "/content/neuromorphic_decision_transformer/ablation_studies/run_experiment.py", line 70, in get_model
    module = __import__(module_name, fromlist=[class_name])
             ^^^^^^^^^^^^^^^^^^^^^^^^^^^^^^^^^^^^^^^^^^^^^^
  File "/content/neuromorphic_decision_transformer/snn-dt/src/models/dt.py", line 5, in <module>
    from src.models.base import BasePolicy
  File "/content/neuromorphic_decision_transformer/src/models/__init__.py", line 7, in <module>
    from .spiking_layers import SpikingSelfAttention
  File "/content/neuromorphic_decision_transformer/src/models/spiking_layers.py", line 9, in <module>
    from .snn_lif import LIFNeuronLayer # This import is from the original file, kept for other components
    ^^^^^^^^^^^^^^^^^^^^^^^^^^^^^^^^^^^
  File "/content/neuromorphic_decision_transformer/src/models/snn_lif.py", line 11, in <module>
    import norse.torch as norse
ModuleNotFoundError: No module named 'norse'
  Error running job: Command '['/usr/bin/python3', '/content/neuromorphic_decision_transformer/ablation_studies/run_experiment.py', '--variant', 'dt', '--env', 'Pendulum-v1', '--seed', '2', '--contract', 'experiment_contract_light.yaml']' returned non-zero exit status 1.
--- Finished: Variant=dt, Env=Pendulum-v1, Seed=2 (Failed) ---

--- [89/140] Running: Variant=dt, Env=Pendulum-v1, Seed=3 ---
Traceback (most recent call last):
  File "/content/neuromorphic_decision_transformer/ablation_studies/run_experiment.py", line 234, in <module>
    main()
  File "/content/neuromorphic_decision_transformer/ablation_studies/run_experiment.py", line 231, in main
    train(cfg, logger)
  File "/content/neuromorphic_decision_transformer/ablation_studies/run_experiment.py", line 170, in train
    model = get_model(cfg).to(cfg.device)
            ^^^^^^^^^^^^^^
  File "/content/neuromorphic_decision_transformer/ablation_studies/run_experiment.py", line 70, in get_model
    module = __import__(module_name, fromlist=[class_name])
             ^^^^^^^^^^^^^^^^^^^^^^^^^^^^^^^^^^^^^^^^^^^^^^
  File "/content/neuromorphic_decision_transformer/snn-dt/src/models/dt.py", line 5, in <module>
    from src.models.base import BasePolicy
  File "/content/neuromorphic_decision_transformer/src/models/__init__.py", line 7, in <module>
    from .spiking_layers import SpikingSelfAttention
  File "/content/neuromorphic_decision_transformer/src/models/spiking_layers.py", line 9, in <module>
    from .snn_lif import LIFNeuronLayer # This import is from the original file, kept for other components
    ^^^^^^^^^^^^^^^^^^^^^^^^^^^^^^^^^^^
  File "/content/neuromorphic_decision_transformer/src/models/snn_lif.py", line 11, in <module>
    import norse.torch as norse
ModuleNotFoundError: No module named 'norse'
  Error running job: Command '['/usr/bin/python3', '/content/neuromorphic_decision_transformer/ablation_studies/run_experiment.py', '--variant', 'dt', '--env', 'Pendulum-v1', '--seed', '3', '--contract', 'experiment_contract_light.yaml']' returned non-zero exit status 1.
--- Finished: Variant=dt, Env=Pendulum-v1, Seed=3 (Failed) ---

--- [90/140] Running: Variant=dt, Env=Pendulum-v1, Seed=4 ---
Traceback (most recent call last):
  File "/content/neuromorphic_decision_transformer/ablation_studies/run_experiment.py", line 234, in <module>
    main()
  File "/content/neuromorphic_decision_transformer/ablation_studies/run_experiment.py", line 231, in main
    train(cfg, logger)
  File "/content/neuromorphic_decision_transformer/ablation_studies/run_experiment.py", line 170, in train
    model = get_model(cfg).to(cfg.device)
            ^^^^^^^^^^^^^^
  File "/content/neuromorphic_decision_transformer/ablation_studies/run_experiment.py", line 70, in get_model
    module = __import__(module_name, fromlist=[class_name])
             ^^^^^^^^^^^^^^^^^^^^^^^^^^^^^^^^^^^^^^^^^^^^^^
  File "/content/neuromorphic_decision_transformer/snn-dt/src/models/dt.py", line 5, in <module>
    from src.models.base import BasePolicy
  File "/content/neuromorphic_decision_transformer/src/models/__init__.py", line 7, in <module>
    from .spiking_layers import SpikingSelfAttention
  File "/content/neuromorphic_decision_transformer/src/models/spiking_layers.py", line 9, in <module>
    from .snn_lif import LIFNeuronLayer # This import is from the original file, kept for other components
    ^^^^^^^^^^^^^^^^^^^^^^^^^^^^^^^^^^^
  File "/content/neuromorphic_decision_transformer/src/models/snn_lif.py", line 11, in <module>
    import norse.torch as norse
ModuleNotFoundError: No module named 'norse'
  Error running job: Command '['/usr/bin/python3', '/content/neuromorphic_decision_transformer/ablation_studies/run_experiment.py', '--variant', 'dt', '--env', 'Pendulum-v1', '--seed', '4', '--contract', 'experiment_contract_light.yaml']' returned non-zero exit status 1.
--- Finished: Variant=dt, Env=Pendulum-v1, Seed=4 (Failed) ---

--- [91/140] Running: Variant=snn_dt, Env=Pendulum-v1, Seed=0 ---
Traceback (most recent call last):
  File "/content/neuromorphic_decision_transformer/ablation_studies/run_experiment.py", line 234, in <module>
    main()
  File "/content/neuromorphic_decision_transformer/ablation_studies/run_experiment.py", line 231, in main
    train(cfg, logger)
  File "/content/neuromorphic_decision_transformer/ablation_studies/run_experiment.py", line 170, in train
    model = get_model(cfg).to(cfg.device)
            ^^^^^^^^^^^^^^
  File "/content/neuromorphic_decision_transformer/ablation_studies/run_experiment.py", line 70, in get_model
    module = __import__(module_name, fromlist=[class_name])
             ^^^^^^^^^^^^^^^^^^^^^^^^^^^^^^^^^^^^^^^^^^^^^^
  File "/content/neuromorphic_decision_transformer/snn-dt/src/models/snn_dt.py", line 23, in <module>
    from src.models.base import BasePolicy
  File "/content/neuromorphic_decision_transformer/src/models/__init__.py", line 7, in <module>
    from .spiking_layers import SpikingSelfAttention
  File "/content/neuromorphic_decision_transformer/src/models/spiking_layers.py", line 9, in <module>
    from .snn_lif import LIFNeuronLayer # This import is from the original file, kept for other components
    ^^^^^^^^^^^^^^^^^^^^^^^^^^^^^^^^^^^
  File "/content/neuromorphic_decision_transformer/src/models/snn_lif.py", line 11, in <module>
    import norse.torch as norse
ModuleNotFoundError: No module named 'norse'
  Error running job: Command '['/usr/bin/python3', '/content/neuromorphic_decision_transformer/ablation_studies/run_experiment.py', '--variant', 'snn_dt', '--env', 'Pendulum-v1', '--seed', '0', '--contract', 'experiment_contract_light.yaml']' returned non-zero exit status 1.
--- Finished: Variant=snn_dt, Env=Pendulum-v1, Seed=0 (Failed) ---

--- [92/140] Running: Variant=snn_dt, Env=Pendulum-v1, Seed=1 ---
Traceback (most recent call last):
  File "/content/neuromorphic_decision_transformer/ablation_studies/run_experiment.py", line 234, in <module>
    main()
  File "/content/neuromorphic_decision_transformer/ablation_studies/run_experiment.py", line 231, in main
    train(cfg, logger)
  File "/content/neuromorphic_decision_transformer/ablation_studies/run_experiment.py", line 170, in train
    model = get_model(cfg).to(cfg.device)
            ^^^^^^^^^^^^^^
  File "/content/neuromorphic_decision_transformer/ablation_studies/run_experiment.py", line 70, in get_model
    module = __import__(module_name, fromlist=[class_name])
             ^^^^^^^^^^^^^^^^^^^^^^^^^^^^^^^^^^^^^^^^^^^^^^
  File "/content/neuromorphic_decision_transformer/snn-dt/src/models/snn_dt.py", line 23, in <module>
    from src.models.base import BasePolicy
  File "/content/neuromorphic_decision_transformer/src/models/__init__.py", line 7, in <module>
    from .spiking_layers import SpikingSelfAttention
  File "/content/neuromorphic_decision_transformer/src/models/spiking_layers.py", line 9, in <module>
    from .snn_lif import LIFNeuronLayer # This import is from the original file, kept for other components
    ^^^^^^^^^^^^^^^^^^^^^^^^^^^^^^^^^^^
  File "/content/neuromorphic_decision_transformer/src/models/snn_lif.py", line 11, in <module>
    import norse.torch as norse
ModuleNotFoundError: No module named 'norse'
  Error running job: Command '['/usr/bin/python3', '/content/neuromorphic_decision_transformer/ablation_studies/run_experiment.py', '--variant', 'snn_dt', '--env', 'Pendulum-v1', '--seed', '1', '--contract', 'experiment_contract_light.yaml']' returned non-zero exit status 1.
--- Finished: Variant=snn_dt, Env=Pendulum-v1, Seed=1 (Failed) ---

--- [93/140] Running: Variant=snn_dt, Env=Pendulum-v1, Seed=2 ---
Traceback (most recent call last):
  File "/content/neuromorphic_decision_transformer/ablation_studies/run_experiment.py", line 234, in <module>
    main()
  File "/content/neuromorphic_decision_transformer/ablation_studies/run_experiment.py", line 231, in main
    train(cfg, logger)
  File "/content/neuromorphic_decision_transformer/ablation_studies/run_experiment.py", line 170, in train
    model = get_model(cfg).to(cfg.device)
            ^^^^^^^^^^^^^^
  File "/content/neuromorphic_decision_transformer/ablation_studies/run_experiment.py", line 70, in get_model
    module = __import__(module_name, fromlist=[class_name])
             ^^^^^^^^^^^^^^^^^^^^^^^^^^^^^^^^^^^^^^^^^^^^^^
  File "/content/neuromorphic_decision_transformer/snn-dt/src/models/snn_dt.py", line 23, in <module>
    from src.models.base import BasePolicy
  File "/content/neuromorphic_decision_transformer/src/models/__init__.py", line 7, in <module>
    from .spiking_layers import SpikingSelfAttention
  File "/content/neuromorphic_decision_transformer/src/models/spiking_layers.py", line 9, in <module>
    from .snn_lif import LIFNeuronLayer # This import is from the original file, kept for other components
    ^^^^^^^^^^^^^^^^^^^^^^^^^^^^^^^^^^^
  File "/content/neuromorphic_decision_transformer/src/models/snn_lif.py", line 11, in <module>
    import norse.torch as norse
ModuleNotFoundError: No module named 'norse'
  Error running job: Command '['/usr/bin/python3', '/content/neuromorphic_decision_transformer/ablation_studies/run_experiment.py', '--variant', 'snn_dt', '--env', 'Pendulum-v1', '--seed', '2', '--contract', 'experiment_contract_light.yaml']' returned non-zero exit status 1.
--- Finished: Variant=snn_dt, Env=Pendulum-v1, Seed=2 (Failed) ---

--- [94/140] Running: Variant=snn_dt, Env=Pendulum-v1, Seed=3 ---
Traceback (most recent call last):
  File "/content/neuromorphic_decision_transformer/ablation_studies/run_experiment.py", line 234, in <module>
    main()
  File "/content/neuromorphic_decision_transformer/ablation_studies/run_experiment.py", line 231, in main
    train(cfg, logger)
  File "/content/neuromorphic_decision_transformer/ablation_studies/run_experiment.py", line 170, in train
    model = get_model(cfg).to(cfg.device)
            ^^^^^^^^^^^^^^
  File "/content/neuromorphic_decision_transformer/ablation_studies/run_experiment.py", line 70, in get_model
    module = __import__(module_name, fromlist=[class_name])
             ^^^^^^^^^^^^^^^^^^^^^^^^^^^^^^^^^^^^^^^^^^^^^^
  File "/content/neuromorphic_decision_transformer/snn-dt/src/models/snn_dt.py", line 23, in <module>
    from src.models.base import BasePolicy
  File "/content/neuromorphic_decision_transformer/src/models/__init__.py", line 7, in <module>
    from .spiking_layers import SpikingSelfAttention
  File "/content/neuromorphic_decision_transformer/src/models/spiking_layers.py", line 9, in <module>
    from .snn_lif import LIFNeuronLayer # This import is from the original file, kept for other components
    ^^^^^^^^^^^^^^^^^^^^^^^^^^^^^^^^^^^
  File "/content/neuromorphic_decision_transformer/src/models/snn_lif.py", line 11, in <module>
    import norse.torch as norse
ModuleNotFoundError: No module named 'norse'
  Error running job: Command '['/usr/bin/python3', '/content/neuromorphic_decision_transformer/ablation_studies/run_experiment.py', '--variant', 'snn_dt', '--env', 'Pendulum-v1', '--seed', '3', '--contract', 'experiment_contract_light.yaml']' returned non-zero exit status 1.
--- Finished: Variant=snn_dt, Env=Pendulum-v1, Seed=3 (Failed) ---

--- [95/140] Running: Variant=snn_dt, Env=Pendulum-v1, Seed=4 ---
Traceback (most recent call last):
  File "/content/neuromorphic_decision_transformer/ablation_studies/run_experiment.py", line 234, in <module>
    main()
  File "/content/neuromorphic_decision_transformer/ablation_studies/run_experiment.py", line 231, in main
    train(cfg, logger)
  File "/content/neuromorphic_decision_transformer/ablation_studies/run_experiment.py", line 170, in train
    model = get_model(cfg).to(cfg.device)
            ^^^^^^^^^^^^^^
  File "/content/neuromorphic_decision_transformer/ablation_studies/run_experiment.py", line 70, in get_model
    module = __import__(module_name, fromlist=[class_name])
             ^^^^^^^^^^^^^^^^^^^^^^^^^^^^^^^^^^^^^^^^^^^^^^
  File "/content/neuromorphic_decision_transformer/snn-dt/src/models/snn_dt.py", line 23, in <module>
    from src.models.base import BasePolicy
  File "/content/neuromorphic_decision_transformer/src/models/__init__.py", line 7, in <module>
    from .spiking_layers import SpikingSelfAttention
  File "/content/neuromorphic_decision_transformer/src/models/spiking_layers.py", line 9, in <module>
    from .snn_lif import LIFNeuronLayer # This import is from the original file, kept for other components
    ^^^^^^^^^^^^^^^^^^^^^^^^^^^^^^^^^^^
  File "/content/neuromorphic_decision_transformer/src/models/snn_lif.py", line 11, in <module>
    import norse.torch as norse
ModuleNotFoundError: No module named 'norse'
  Error running job: Command '['/usr/bin/python3', '/content/neuromorphic_decision_transformer/ablation_studies/run_experiment.py', '--variant', 'snn_dt', '--env', 'Pendulum-v1', '--seed', '4', '--contract', 'experiment_contract_light.yaml']' returned non-zero exit status 1.
--- Finished: Variant=snn_dt, Env=Pendulum-v1, Seed=4 (Failed) ---

--- [96/140] Running: Variant=iql, Env=Pendulum-v1, Seed=0 ---
Traceback (most recent call last):
  File "/content/neuromorphic_decision_transformer/ablation_studies/run_experiment.py", line 234, in <module>
    main()
  File "/content/neuromorphic_decision_transformer/ablation_studies/run_experiment.py", line 231, in main
    train(cfg, logger)
  File "/content/neuromorphic_decision_transformer/ablation_studies/run_experiment.py", line 170, in train
    model = get_model(cfg).to(cfg.device)
            ^^^^^^^^^^^^^^
  File "/content/neuromorphic_decision_transformer/ablation_studies/run_experiment.py", line 70, in get_model
    module = __import__(module_name, fromlist=[class_name])
             ^^^^^^^^^^^^^^^^^^^^^^^^^^^^^^^^^^^^^^^^^^^^^^
  File "/content/neuromorphic_decision_transformer/snn-dt/src/models/iql.py", line 7, in <module>
    from src.models.base import BasePolicy
  File "/content/neuromorphic_decision_transformer/src/models/__init__.py", line 7, in <module>
    from .spiking_layers import SpikingSelfAttention
  File "/content/neuromorphic_decision_transformer/src/models/spiking_layers.py", line 9, in <module>
    from .snn_lif import LIFNeuronLayer # This import is from the original file, kept for other components
    ^^^^^^^^^^^^^^^^^^^^^^^^^^^^^^^^^^^
  File "/content/neuromorphic_decision_transformer/src/models/snn_lif.py", line 11, in <module>
    import norse.torch as norse
ModuleNotFoundError: No module named 'norse'
  Error running job: Command '['/usr/bin/python3', '/content/neuromorphic_decision_transformer/ablation_studies/run_experiment.py', '--variant', 'iql', '--env', 'Pendulum-v1', '--seed', '0', '--contract', 'experiment_contract_light.yaml']' returned non-zero exit status 1.
--- Finished: Variant=iql, Env=Pendulum-v1, Seed=0 (Failed) ---

--- [97/140] Running: Variant=iql, Env=Pendulum-v1, Seed=1 ---
Traceback (most recent call last):
  File "/content/neuromorphic_decision_transformer/ablation_studies/run_experiment.py", line 234, in <module>
    main()
  File "/content/neuromorphic_decision_transformer/ablation_studies/run_experiment.py", line 231, in main
    train(cfg, logger)
  File "/content/neuromorphic_decision_transformer/ablation_studies/run_experiment.py", line 170, in train
    model = get_model(cfg).to(cfg.device)
            ^^^^^^^^^^^^^^
  File "/content/neuromorphic_decision_transformer/ablation_studies/run_experiment.py", line 70, in get_model
    module = __import__(module_name, fromlist=[class_name])
             ^^^^^^^^^^^^^^^^^^^^^^^^^^^^^^^^^^^^^^^^^^^^^^
  File "/content/neuromorphic_decision_transformer/snn-dt/src/models/iql.py", line 7, in <module>
    from src.models.base import BasePolicy
  File "/content/neuromorphic_decision_transformer/src/models/__init__.py", line 7, in <module>
    from .spiking_layers import SpikingSelfAttention
  File "/content/neuromorphic_decision_transformer/src/models/spiking_layers.py", line 9, in <module>
    from .snn_lif import LIFNeuronLayer # This import is from the original file, kept for other components
    ^^^^^^^^^^^^^^^^^^^^^^^^^^^^^^^^^^^
  File "/content/neuromorphic_decision_transformer/src/models/snn_lif.py", line 11, in <module>
    import norse.torch as norse
ModuleNotFoundError: No module named 'norse'
  Error running job: Command '['/usr/bin/python3', '/content/neuromorphic_decision_transformer/ablation_studies/run_experiment.py', '--variant', 'iql', '--env', 'Pendulum-v1', '--seed', '1', '--contract', 'experiment_contract_light.yaml']' returned non-zero exit status 1.
--- Finished: Variant=iql, Env=Pendulum-v1, Seed=1 (Failed) ---

--- [98/140] Running: Variant=iql, Env=Pendulum-v1, Seed=2 ---
Traceback (most recent call last):
  File "/content/neuromorphic_decision_transformer/ablation_studies/run_experiment.py", line 234, in <module>
    main()
  File "/content/neuromorphic_decision_transformer/ablation_studies/run_experiment.py", line 231, in main
    train(cfg, logger)
  File "/content/neuromorphic_decision_transformer/ablation_studies/run_experiment.py", line 170, in train
    model = get_model(cfg).to(cfg.device)
            ^^^^^^^^^^^^^^
  File "/content/neuromorphic_decision_transformer/ablation_studies/run_experiment.py", line 70, in get_model
    module = __import__(module_name, fromlist=[class_name])
             ^^^^^^^^^^^^^^^^^^^^^^^^^^^^^^^^^^^^^^^^^^^^^^
  File "/content/neuromorphic_decision_transformer/snn-dt/src/models/iql.py", line 7, in <module>
    from src.models.base import BasePolicy
  File "/content/neuromorphic_decision_transformer/src/models/__init__.py", line 7, in <module>
    from .spiking_layers import SpikingSelfAttention
  File "/content/neuromorphic_decision_transformer/src/models/spiking_layers.py", line 9, in <module>
    from .snn_lif import LIFNeuronLayer # This import is from the original file, kept for other components
    ^^^^^^^^^^^^^^^^^^^^^^^^^^^^^^^^^^^
  File "/content/neuromorphic_decision_transformer/src/models/snn_lif.py", line 11, in <module>
    import norse.torch as norse
ModuleNotFoundError: No module named 'norse'
  Error running job: Command '['/usr/bin/python3', '/content/neuromorphic_decision_transformer/ablation_studies/run_experiment.py', '--variant', 'iql', '--env', 'Pendulum-v1', '--seed', '2', '--contract', 'experiment_contract_light.yaml']' returned non-zero exit status 1.
--- Finished: Variant=iql, Env=Pendulum-v1, Seed=2 (Failed) ---

--- [99/140] Running: Variant=iql, Env=Pendulum-v1, Seed=3 ---
Traceback (most recent call last):
  File "/content/neuromorphic_decision_transformer/ablation_studies/run_experiment.py", line 234, in <module>
    main()
  File "/content/neuromorphic_decision_transformer/ablation_studies/run_experiment.py", line 231, in main
    train(cfg, logger)
  File "/content/neuromorphic_decision_transformer/ablation_studies/run_experiment.py", line 170, in train
    model = get_model(cfg).to(cfg.device)
            ^^^^^^^^^^^^^^
  File "/content/neuromorphic_decision_transformer/ablation_studies/run_experiment.py", line 70, in get_model
    module = __import__(module_name, fromlist=[class_name])
             ^^^^^^^^^^^^^^^^^^^^^^^^^^^^^^^^^^^^^^^^^^^^^^
  File "/content/neuromorphic_decision_transformer/snn-dt/src/models/iql.py", line 7, in <module>
    from src.models.base import BasePolicy
  File "/content/neuromorphic_decision_transformer/src/models/__init__.py", line 7, in <module>
    from .spiking_layers import SpikingSelfAttention
  File "/content/neuromorphic_decision_transformer/src/models/spiking_layers.py", line 9, in <module>
    from .snn_lif import LIFNeuronLayer # This import is from the original file, kept for other components
    ^^^^^^^^^^^^^^^^^^^^^^^^^^^^^^^^^^^
  File "/content/neuromorphic_decision_transformer/src/models/snn_lif.py", line 11, in <module>
    import norse.torch as norse
ModuleNotFoundError: No module named 'norse'
  Error running job: Command '['/usr/bin/python3', '/content/neuromorphic_decision_transformer/ablation_studies/run_experiment.py', '--variant', 'iql', '--env', 'Pendulum-v1', '--seed', '3', '--contract', 'experiment_contract_light.yaml']' returned non-zero exit status 1.
--- Finished: Variant=iql, Env=Pendulum-v1, Seed=3 (Failed) ---

--- [100/140] Running: Variant=iql, Env=Pendulum-v1, Seed=4 ---
Traceback (most recent call last):
  File "/content/neuromorphic_decision_transformer/ablation_studies/run_experiment.py", line 234, in <module>
    main()
  File "/content/neuromorphic_decision_transformer/ablation_studies/run_experiment.py", line 231, in main
    train(cfg, logger)
  File "/content/neuromorphic_decision_transformer/ablation_studies/run_experiment.py", line 170, in train
    model = get_model(cfg).to(cfg.device)
            ^^^^^^^^^^^^^^
  File "/content/neuromorphic_decision_transformer/ablation_studies/run_experiment.py", line 70, in get_model
    module = __import__(module_name, fromlist=[class_name])
             ^^^^^^^^^^^^^^^^^^^^^^^^^^^^^^^^^^^^^^^^^^^^^^
  File "/content/neuromorphic_decision_transformer/snn-dt/src/models/iql.py", line 7, in <module>
    from src.models.base import BasePolicy
  File "/content/neuromorphic_decision_transformer/src/models/__init__.py", line 7, in <module>
    from .spiking_layers import SpikingSelfAttention
  File "/content/neuromorphic_decision_transformer/src/models/spiking_layers.py", line 9, in <module>
    from .snn_lif import LIFNeuronLayer # This import is from the original file, kept for other components
    ^^^^^^^^^^^^^^^^^^^^^^^^^^^^^^^^^^^
  File "/content/neuromorphic_decision_transformer/src/models/snn_lif.py", line 11, in <module>
    import norse.torch as norse
ModuleNotFoundError: No module named 'norse'
  Error running job: Command '['/usr/bin/python3', '/content/neuromorphic_decision_transformer/ablation_studies/run_experiment.py', '--variant', 'iql', '--env', 'Pendulum-v1', '--seed', '4', '--contract', 'experiment_contract_light.yaml']' returned non-zero exit status 1.
--- Finished: Variant=iql, Env=Pendulum-v1, Seed=4 (Failed) ---

--- [101/140] Running: Variant=cql, Env=Pendulum-v1, Seed=0 ---
Traceback (most recent call last):
  File "/content/neuromorphic_decision_transformer/ablation_studies/run_experiment.py", line 234, in <module>
    main()
  File "/content/neuromorphic_decision_transformer/ablation_studies/run_experiment.py", line 231, in main
    train(cfg, logger)
  File "/content/neuromorphic_decision_transformer/ablation_studies/run_experiment.py", line 170, in train
    model = get_model(cfg).to(cfg.device)
            ^^^^^^^^^^^^^^
  File "/content/neuromorphic_decision_transformer/ablation_studies/run_experiment.py", line 70, in get_model
    module = __import__(module_name, fromlist=[class_name])
             ^^^^^^^^^^^^^^^^^^^^^^^^^^^^^^^^^^^^^^^^^^^^^^
  File "/content/neuromorphic_decision_transformer/snn-dt/src/models/cql.py", line 10, in <module>
    from src.models.base import BasePolicy
  File "/content/neuromorphic_decision_transformer/src/models/__init__.py", line 7, in <module>
    from .spiking_layers import SpikingSelfAttention
  File "/content/neuromorphic_decision_transformer/src/models/spiking_layers.py", line 9, in <module>
    from .snn_lif import LIFNeuronLayer # This import is from the original file, kept for other components
    ^^^^^^^^^^^^^^^^^^^^^^^^^^^^^^^^^^^
  File "/content/neuromorphic_decision_transformer/src/models/snn_lif.py", line 11, in <module>
    import norse.torch as norse
ModuleNotFoundError: No module named 'norse'
  Error running job: Command '['/usr/bin/python3', '/content/neuromorphic_decision_transformer/ablation_studies/run_experiment.py', '--variant', 'cql', '--env', 'Pendulum-v1', '--seed', '0', '--contract', 'experiment_contract_light.yaml']' returned non-zero exit status 1.
--- Finished: Variant=cql, Env=Pendulum-v1, Seed=0 (Failed) ---

--- [102/140] Running: Variant=cql, Env=Pendulum-v1, Seed=1 ---
Traceback (most recent call last):
  File "/content/neuromorphic_decision_transformer/ablation_studies/run_experiment.py", line 234, in <module>
    main()
  File "/content/neuromorphic_decision_transformer/ablation_studies/run_experiment.py", line 231, in main
    train(cfg, logger)
  File "/content/neuromorphic_decision_transformer/ablation_studies/run_experiment.py", line 170, in train
    model = get_model(cfg).to(cfg.device)
            ^^^^^^^^^^^^^^
  File "/content/neuromorphic_decision_transformer/ablation_studies/run_experiment.py", line 70, in get_model
    module = __import__(module_name, fromlist=[class_name])
             ^^^^^^^^^^^^^^^^^^^^^^^^^^^^^^^^^^^^^^^^^^^^^^
  File "/content/neuromorphic_decision_transformer/snn-dt/src/models/cql.py", line 10, in <module>
    from src.models.base import BasePolicy
  File "/content/neuromorphic_decision_transformer/src/models/__init__.py", line 7, in <module>
    from .spiking_layers import SpikingSelfAttention
  File "/content/neuromorphic_decision_transformer/src/models/spiking_layers.py", line 9, in <module>
    from .snn_lif import LIFNeuronLayer # This import is from the original file, kept for other components
    ^^^^^^^^^^^^^^^^^^^^^^^^^^^^^^^^^^^
  File "/content/neuromorphic_decision_transformer/src/models/snn_lif.py", line 11, in <module>
    import norse.torch as norse
ModuleNotFoundError: No module named 'norse'
  Error running job: Command '['/usr/bin/python3', '/content/neuromorphic_decision_transformer/ablation_studies/run_experiment.py', '--variant', 'cql', '--env', 'Pendulum-v1', '--seed', '1', '--contract', 'experiment_contract_light.yaml']' returned non-zero exit status 1.
--- Finished: Variant=cql, Env=Pendulum-v1, Seed=1 (Failed) ---

--- [103/140] Running: Variant=cql, Env=Pendulum-v1, Seed=2 ---
Traceback (most recent call last):
  File "/content/neuromorphic_decision_transformer/ablation_studies/run_experiment.py", line 234, in <module>
    main()
  File "/content/neuromorphic_decision_transformer/ablation_studies/run_experiment.py", line 231, in main
    train(cfg, logger)
  File "/content/neuromorphic_decision_transformer/ablation_studies/run_experiment.py", line 170, in train
    model = get_model(cfg).to(cfg.device)
            ^^^^^^^^^^^^^^
  File "/content/neuromorphic_decision_transformer/ablation_studies/run_experiment.py", line 70, in get_model
    module = __import__(module_name, fromlist=[class_name])
             ^^^^^^^^^^^^^^^^^^^^^^^^^^^^^^^^^^^^^^^^^^^^^^
  File "/content/neuromorphic_decision_transformer/snn-dt/src/models/cql.py", line 10, in <module>
    from src.models.base import BasePolicy
  File "/content/neuromorphic_decision_transformer/src/models/__init__.py", line 7, in <module>
    from .spiking_layers import SpikingSelfAttention
  File "/content/neuromorphic_decision_transformer/src/models/spiking_layers.py", line 9, in <module>
    from .snn_lif import LIFNeuronLayer # This import is from the original file, kept for other components
    ^^^^^^^^^^^^^^^^^^^^^^^^^^^^^^^^^^^
  File "/content/neuromorphic_decision_transformer/src/models/snn_lif.py", line 11, in <module>
    import norse.torch as norse
ModuleNotFoundError: No module named 'norse'
  Error running job: Command '['/usr/bin/python3', '/content/neuromorphic_decision_transformer/ablation_studies/run_experiment.py', '--variant', 'cql', '--env', 'Pendulum-v1', '--seed', '2', '--contract', 'experiment_contract_light.yaml']' returned non-zero exit status 1.
--- Finished: Variant=cql, Env=Pendulum-v1, Seed=2 (Failed) ---

--- [104/140] Running: Variant=cql, Env=Pendulum-v1, Seed=3 ---
Traceback (most recent call last):
  File "/content/neuromorphic_decision_transformer/ablation_studies/run_experiment.py", line 234, in <module>
    main()
  File "/content/neuromorphic_decision_transformer/ablation_studies/run_experiment.py", line 231, in main
    train(cfg, logger)
  File "/content/neuromorphic_decision_transformer/ablation_studies/run_experiment.py", line 170, in train
    model = get_model(cfg).to(cfg.device)
            ^^^^^^^^^^^^^^
  File "/content/neuromorphic_decision_transformer/ablation_studies/run_experiment.py", line 70, in get_model
    module = __import__(module_name, fromlist=[class_name])
             ^^^^^^^^^^^^^^^^^^^^^^^^^^^^^^^^^^^^^^^^^^^^^^
  File "/content/neuromorphic_decision_transformer/snn-dt/src/models/cql.py", line 10, in <module>
    from src.models.base import BasePolicy
  File "/content/neuromorphic_decision_transformer/src/models/__init__.py", line 7, in <module>
    from .spiking_layers import SpikingSelfAttention
  File "/content/neuromorphic_decision_transformer/src/models/spiking_layers.py", line 9, in <module>
    from .snn_lif import LIFNeuronLayer # This import is from the original file, kept for other components
    ^^^^^^^^^^^^^^^^^^^^^^^^^^^^^^^^^^^
  File "/content/neuromorphic_decision_transformer/src/models/snn_lif.py", line 11, in <module>
    import norse.torch as norse
ModuleNotFoundError: No module named 'norse'
  Error running job: Command '['/usr/bin/python3', '/content/neuromorphic_decision_transformer/ablation_studies/run_experiment.py', '--variant', 'cql', '--env', 'Pendulum-v1', '--seed', '3', '--contract', 'experiment_contract_light.yaml']' returned non-zero exit status 1.
--- Finished: Variant=cql, Env=Pendulum-v1, Seed=3 (Failed) ---

--- [105/140] Running: Variant=cql, Env=Pendulum-v1, Seed=4 ---
Traceback (most recent call last):
  File "/content/neuromorphic_decision_transformer/ablation_studies/run_experiment.py", line 234, in <module>
    main()
  File "/content/neuromorphic_decision_transformer/ablation_studies/run_experiment.py", line 231, in main
    train(cfg, logger)
  File "/content/neuromorphic_decision_transformer/ablation_studies/run_experiment.py", line 170, in train
    model = get_model(cfg).to(cfg.device)
            ^^^^^^^^^^^^^^
  File "/content/neuromorphic_decision_transformer/ablation_studies/run_experiment.py", line 70, in get_model
    module = __import__(module_name, fromlist=[class_name])
             ^^^^^^^^^^^^^^^^^^^^^^^^^^^^^^^^^^^^^^^^^^^^^^
  File "/content/neuromorphic_decision_transformer/snn-dt/src/models/cql.py", line 10, in <module>
    from src.models.base import BasePolicy
  File "/content/neuromorphic_decision_transformer/src/models/__init__.py", line 7, in <module>
    from .spiking_layers import SpikingSelfAttention
  File "/content/neuromorphic_decision_transformer/src/models/spiking_layers.py", line 9, in <module>
    from .snn_lif import LIFNeuronLayer # This import is from the original file, kept for other components
    ^^^^^^^^^^^^^^^^^^^^^^^^^^^^^^^^^^^
  File "/content/neuromorphic_decision_transformer/src/models/snn_lif.py", line 11, in <module>
    import norse.torch as norse
ModuleNotFoundError: No module named 'norse'
  Error running job: Command '['/usr/bin/python3', '/content/neuromorphic_decision_transformer/ablation_studies/run_experiment.py', '--variant', 'cql', '--env', 'Pendulum-v1', '--seed', '4', '--contract', 'experiment_contract_light.yaml']' returned non-zero exit status 1.
--- Finished: Variant=cql, Env=Pendulum-v1, Seed=4 (Failed) ---

--- [106/140] Running: Variant=no_plasticity, Env=MountainCar-v0, Seed=0 ---
{"train/param_count": 399633}
Epoch 1/100: 100% 47/47 [00:00<00:00, 48.51it/s]
Epoch 2/100: 100% 47/47 [00:00<00:00, 117.73it/s]
Epoch 3/100: 100% 47/47 [00:00<00:00, 112.72it/s]
Epoch 4/100: 100% 47/47 [00:00<00:00, 122.77it/s]
Epoch 5/100:  28% 13/47 [00:00<00:00, 126.14it/s]{"train/step": 250, "train/loss": 0.25556689500808716}
Epoch 5/100: 100% 47/47 [00:00<00:00, 118.71it/s]
Epoch 6/100: 100% 47/47 [00:00<00:00, 114.27it/s]
Epoch 7/100: 100% 47/47 [00:00<00:00, 123.15it/s]
Epoch 8/100: 100% 47/47 [00:00<00:00, 119.49it/s]
Epoch 9/100: 100% 47/47 [00:00<00:00, 115.24it/s]
Epoch 10/100:  53% 25/47 [00:00<00:00, 120.51it/s]{"train/step": 500, "train/loss": 0.224527046084404}
Epoch 10/100: 100% 47/47 [00:00<00:00, 117.51it/s]
{"epoch": 10, "val/mean_return": -20.0, "val/std_return": 0.0}
Epoch 11/100: 100% 47/47 [00:00<00:00, 112.64it/s]
Epoch 12/100: 100% 47/47 [00:00<00:00, 120.83it/s]
Epoch 13/100: 100% 47/47 [00:00<00:00, 79.70it/s]
Epoch 14/100: 100% 47/47 [00:00<00:00, 92.29it/s]
Epoch 15/100:  85% 40/47 [00:00<00:00, 90.26it/s]{"train/step": 750, "train/loss": 0.1820748895406723}
Epoch 15/100: 100% 47/47 [00:00<00:00, 90.98it/s]
Epoch 16/100: 100% 47/47 [00:00<00:00, 80.38it/s]
Epoch 17/100: 100% 47/47 [00:00<00:00, 122.75it/s]
Epoch 18/100: 100% 47/47 [00:00<00:00, 115.97it/s]
Epoch 19/100: 100% 47/47 [00:00<00:00, 120.31it/s]
Epoch 20/100: 100% 47/47 [00:00<00:00, 118.89it/s]
{"epoch": 20, "val/mean_return": -20.0, "val/std_return": 0.0}
Epoch 21/100:  23% 11/47 [00:00<00:00, 108.88it/s]{"train/step": 1000, "train/loss": 0.24039296805858612}
Epoch 21/100: 100% 47/47 [00:00<00:00, 111.73it/s]
Epoch 22/100: 100% 47/47 [00:00<00:00, 114.41it/s]
Epoch 23/100: 100% 47/47 [00:00<00:00, 117.94it/s]
Epoch 24/100: 100% 47/47 [00:00<00:00, 117.76it/s]
Epoch 25/100: 100% 47/47 [00:00<00:00, 125.36it/s]
Epoch 26/100:  60% 28/47 [00:00<00:00, 116.77it/s]{"train/step": 1250, "train/loss": 0.251032292842865}
Epoch 26/100: 100% 47/47 [00:00<00:00, 120.75it/s]
Epoch 27/100: 100% 47/47 [00:00<00:00, 121.98it/s]
Epoch 28/100: 100% 47/47 [00:00<00:00, 83.58it/s]
Epoch 29/100: 100% 47/47 [00:00<00:00, 90.04it/s]
Epoch 30/100: 100% 47/47 [00:00<00:00, 91.97it/s]
{"epoch": 30, "val/mean_return": -20.0, "val/std_return": 0.0}
Epoch 31/100:  77% 36/47 [00:00<00:00, 115.73it/s]{"train/step": 1500, "train/loss": 0.25509724020957947}
Epoch 31/100: 100% 47/47 [00:00<00:00, 117.65it/s]
Epoch 32/100: 100% 47/47 [00:00<00:00, 111.99it/s]
Epoch 33/100: 100% 47/47 [00:00<00:00, 124.58it/s]
Epoch 34/100: 100% 47/47 [00:00<00:00, 121.01it/s]
Epoch 35/100: 100% 47/47 [00:00<00:00, 119.96it/s]
Epoch 36/100: 100% 47/47 [00:00<00:00, 121.19it/s]
Epoch 37/100:   0% 0/47 [00:00<?, ?it/s]{"train/step": 1750, "train/loss": 0.14276614785194397}
Epoch 37/100: 100% 47/47 [00:00<00:00, 116.08it/s]
Epoch 38/100: 100% 47/47 [00:00<00:00, 123.97it/s]
Epoch 39/100: 100% 47/47 [00:00<00:00, 124.20it/s]
Epoch 40/100: 100% 47/47 [00:00<00:00, 116.35it/s]
{"epoch": 40, "val/mean_return": -20.0, "val/std_return": 0.0}
Epoch 41/100: 100% 47/47 [00:00<00:00, 112.09it/s]
Epoch 42/100:  55% 26/47 [00:00<00:00, 116.38it/s]{"train/step": 2000, "train/loss": 0.26370981335639954}
Epoch 42/100: 100% 47/47 [00:00<00:00, 121.75it/s]
Epoch 43/100: 100% 47/47 [00:00<00:00, 113.90it/s]
Epoch 44/100: 100% 47/47 [00:00<00:00, 122.65it/s]
Epoch 45/100: 100% 47/47 [00:00<00:00, 124.43it/s]
Epoch 46/100: 100% 47/47 [00:00<00:00, 119.78it/s]
Epoch 47/100:  81% 38/47 [00:00<00:00, 120.99it/s]{"train/step": 2250, "train/loss": 0.26372799277305603}
Epoch 47/100: 100% 47/47 [00:00<00:00, 120.37it/s]
Epoch 48/100: 100% 47/47 [00:00<00:00, 121.96it/s]
Epoch 49/100: 100% 47/47 [00:00<00:00, 112.71it/s]
Epoch 50/100: 100% 47/47 [00:00<00:00, 122.16it/s]
{"epoch": 50, "val/mean_return": -20.0, "val/std_return": 0.0}
Epoch 51/100: 100% 47/47 [00:00<00:00, 111.27it/s]
Epoch 52/100: 100% 47/47 [00:00<00:00, 112.68it/s]
Epoch 53/100:   0% 0/47 [00:00<?, ?it/s]{"train/step": 2500, "train/loss": 0.17556004226207733}
Epoch 53/100: 100% 47/47 [00:00<00:00, 120.17it/s]
Epoch 54/100: 100% 47/47 [00:00<00:00, 123.58it/s]
Epoch 55/100: 100% 47/47 [00:00<00:00, 113.96it/s]
Epoch 56/100: 100% 47/47 [00:00<00:00, 122.21it/s]
Epoch 57/100: 100% 47/47 [00:00<00:00, 119.55it/s]
Epoch 58/100:  26% 12/47 [00:00<00:00, 118.09it/s]{"train/step": 2750, "train/loss": 0.24825124442577362}
Epoch 58/100: 100% 47/47 [00:00<00:00, 118.74it/s]
Epoch 59/100: 100% 47/47 [00:00<00:00, 123.87it/s]
Epoch 60/100: 100% 47/47 [00:00<00:00, 117.90it/s]
{"epoch": 60, "val/mean_return": -20.0, "val/std_return": 0.0}
Epoch 61/100: 100% 47/47 [00:00<00:00, 86.59it/s]
Epoch 62/100: 100% 47/47 [00:00<00:00, 75.21it/s]
Epoch 63/100:  79% 37/47 [00:00<00:00, 109.99it/s]{"train/step": 3000, "train/loss": 0.22675955295562744}
Epoch 63/100: 100% 47/47 [00:00<00:00, 115.10it/s]
Epoch 64/100: 100% 47/47 [00:00<00:00, 124.51it/s]
Epoch 65/100: 100% 47/47 [00:00<00:00, 119.05it/s]
Epoch 66/100: 100% 47/47 [00:00<00:00, 117.98it/s]
Epoch 67/100: 100% 47/47 [00:00<00:00, 119.10it/s]
Epoch 68/100: 100% 47/47 [00:00<00:00, 111.66it/s]
Epoch 69/100:   0% 0/47 [00:00<?, ?it/s]{"train/step": 3250, "train/loss": 0.23955793678760529}
Epoch 69/100: 100% 47/47 [00:00<00:00, 118.77it/s]
Epoch 70/100: 100% 47/47 [00:00<00:00, 117.92it/s]
{"epoch": 70, "val/mean_return": -20.0, "val/std_return": 0.0}
Epoch 71/100: 100% 47/47 [00:00<00:00, 110.33it/s]
Epoch 72/100: 100% 47/47 [00:00<00:00, 122.37it/s]
Epoch 73/100: 100% 47/47 [00:00<00:00, 117.77it/s]
Epoch 74/100:  28% 13/47 [00:00<00:00, 128.63it/s]{"train/step": 3500, "train/loss": 0.26587721705436707}
Epoch 74/100: 100% 47/47 [00:00<00:00, 96.08it/s]
Epoch 75/100: 100% 47/47 [00:00<00:00, 87.97it/s]
Epoch 76/100: 100% 47/47 [00:00<00:00, 96.79it/s]
Epoch 77/100: 100% 47/47 [00:00<00:00, 80.84it/s]
Epoch 78/100: 100% 47/47 [00:00<00:00, 104.25it/s]
Epoch 79/100:  77% 36/47 [00:00<00:00, 108.82it/s]{"train/step": 3750, "train/loss": 0.23334760963916779}
Epoch 79/100: 100% 47/47 [00:00<00:00, 109.22it/s]
Epoch 80/100: 100% 47/47 [00:00<00:00, 112.77it/s]
{"epoch": 80, "val/mean_return": -20.0, "val/std_return": 0.0}
Epoch 81/100: 100% 47/47 [00:00<00:00, 108.74it/s]
Epoch 82/100: 100% 47/47 [00:00<00:00, 121.30it/s]
Epoch 83/100: 100% 47/47 [00:00<00:00, 117.98it/s]
Epoch 84/100: 100% 47/47 [00:00<00:00, 120.02it/s]
Epoch 85/100:   0% 0/47 [00:00<?, ?it/s]{"train/step": 4000, "train/loss": 0.31398168206214905}
Epoch 85/100: 100% 47/47 [00:00<00:00, 122.36it/s]
Epoch 86/100: 100% 47/47 [00:00<00:00, 118.57it/s]
Epoch 87/100: 100% 47/47 [00:00<00:00, 118.66it/s]
Epoch 88/100: 100% 47/47 [00:00<00:00, 125.74it/s]
Epoch 89/100: 100% 47/47 [00:00<00:00, 98.21it/s] 
Epoch 90/100:  40% 19/47 [00:00<00:00, 86.34it/s]{"train/step": 4250, "train/loss": 0.2270745486021042}
Epoch 90/100: 100% 47/47 [00:00<00:00, 86.15it/s]
{"epoch": 90, "val/mean_return": -20.0, "val/std_return": 0.0}
Epoch 91/100: 100% 47/47 [00:00<00:00, 117.17it/s]
Epoch 92/100: 100% 47/47 [00:00<00:00, 114.76it/s]
Epoch 93/100: 100% 47/47 [00:00<00:00, 115.53it/s]
Epoch 94/100: 100% 47/47 [00:00<00:00, 122.30it/s]
Epoch 95/100:  51% 24/47 [00:00<00:00, 109.11it/s]{"train/step": 4500, "train/loss": 0.238032728433609}
Epoch 95/100: 100% 47/47 [00:00<00:00, 114.45it/s]
Epoch 96/100: 100% 47/47 [00:00<00:00, 121.62it/s]
Epoch 97/100: 100% 47/47 [00:00<00:00, 115.05it/s]
Epoch 98/100: 100% 47/47 [00:00<00:00, 122.21it/s]
Epoch 99/100: 100% 47/47 [00:00<00:00, 120.38it/s]
Epoch 100/100: 100% 47/47 [00:00<00:00, 112.26it/s]
{"epoch": 100, "val/mean_return": -20.0, "val/std_return": 0.0}
--- Finished: Variant=no_plasticity, Env=MountainCar-v0, Seed=0 (Success) ---

--- [107/140] Running: Variant=no_plasticity, Env=MountainCar-v0, Seed=1 ---
{"train/param_count": 399633}
Epoch 1/100: 100% 47/47 [00:00<00:00, 63.80it/s]
Epoch 2/100: 100% 47/47 [00:00<00:00, 116.08it/s]
Epoch 3/100: 100% 47/47 [00:00<00:00, 119.69it/s]
Epoch 4/100: 100% 47/47 [00:00<00:00, 121.10it/s]
Epoch 5/100:  26% 12/47 [00:00<00:00, 105.50it/s]{"train/step": 250, "train/loss": 0.18688756227493286}
Epoch 5/100: 100% 47/47 [00:00<00:00, 116.24it/s]
Epoch 6/100: 100% 47/47 [00:00<00:00, 117.79it/s]
Epoch 7/100: 100% 47/47 [00:00<00:00, 114.22it/s]
Epoch 8/100: 100% 47/47 [00:00<00:00, 122.01it/s]
Epoch 9/100: 100% 47/47 [00:00<00:00, 114.49it/s]
Epoch 10/100:  53% 25/47 [00:00<00:00, 82.31it/s]{"train/step": 500, "train/loss": 0.2783586382865906}
Epoch 10/100: 100% 47/47 [00:00<00:00, 83.09it/s]
{"epoch": 10, "val/mean_return": -20.0, "val/std_return": 0.0}
Epoch 11/100: 100% 47/47 [00:00<00:00, 112.39it/s]
Epoch 12/100: 100% 47/47 [00:00<00:00, 121.67it/s]
Epoch 13/100: 100% 47/47 [00:00<00:00, 117.93it/s]
Epoch 14/100: 100% 47/47 [00:00<00:00, 117.24it/s]
Epoch 15/100:  83% 39/47 [00:00<00:00, 119.30it/s]{"train/step": 750, "train/loss": 0.29933443665504456}
Epoch 15/100: 100% 47/47 [00:00<00:00, 118.20it/s]
Epoch 16/100: 100% 47/47 [00:00<00:00, 123.15it/s]
Epoch 17/100: 100% 47/47 [00:00<00:00, 117.93it/s]
Epoch 18/100: 100% 47/47 [00:00<00:00, 118.96it/s]
Epoch 19/100: 100% 47/47 [00:00<00:00, 119.88it/s]
Epoch 20/100: 100% 47/47 [00:00<00:00, 116.94it/s]
{"epoch": 20, "val/mean_return": -20.0, "val/std_return": 0.0}
Epoch 21/100:  23% 11/47 [00:00<00:00, 103.75it/s]{"train/step": 1000, "train/loss": 0.23661842942237854}
Epoch 21/100: 100% 47/47 [00:00<00:00, 109.86it/s]
Epoch 22/100: 100% 47/47 [00:00<00:00, 120.45it/s]
Epoch 23/100: 100% 47/47 [00:00<00:00, 117.42it/s]
Epoch 24/100: 100% 47/47 [00:00<00:00, 119.07it/s]
Epoch 25/100: 100% 47/47 [00:00<00:00, 118.80it/s]
Epoch 26/100:  55% 26/47 [00:00<00:00, 125.39it/s]{"train/step": 1250, "train/loss": 0.27358946204185486}
Epoch 26/100: 100% 47/47 [00:00<00:00, 121.77it/s]
Epoch 27/100: 100% 47/47 [00:00<00:00, 113.47it/s]
Epoch 28/100: 100% 47/47 [00:00<00:00, 121.66it/s]
Epoch 29/100: 100% 47/47 [00:00<00:00, 118.99it/s]
Epoch 30/100: 100% 47/47 [00:00<00:00, 118.00it/s]
{"epoch": 30, "val/mean_return": -20.0, "val/std_return": 0.0}
Epoch 31/100:  72% 34/47 [00:00<00:00, 107.61it/s]{"train/step": 1500, "train/loss": 0.23624522984027863}
Epoch 31/100: 100% 47/47 [00:00<00:00, 112.23it/s]
Epoch 32/100: 100% 47/47 [00:00<00:00, 111.29it/s]
Epoch 33/100: 100% 47/47 [00:00<00:00, 118.17it/s]
Epoch 34/100: 100% 47/47 [00:00<00:00, 124.73it/s]
Epoch 35/100: 100% 47/47 [00:00<00:00, 115.58it/s]
Epoch 36/100: 100% 47/47 [00:00<00:00, 121.55it/s]
Epoch 37/100:   0% 0/47 [00:00<?, ?it/s]{"train/step": 1750, "train/loss": 0.21106810867786407}
Epoch 37/100: 100% 47/47 [00:00<00:00, 121.06it/s]
Epoch 38/100: 100% 47/47 [00:00<00:00, 112.78it/s]
Epoch 39/100: 100% 47/47 [00:00<00:00, 111.60it/s]
Epoch 40/100: 100% 47/47 [00:00<00:00, 117.45it/s]
{"epoch": 40, "val/mean_return": -20.0, "val/std_return": 0.0}
Epoch 41/100: 100% 47/47 [00:00<00:00, 93.59it/s]
Epoch 42/100:  38% 18/47 [00:00<00:00, 86.91it/s]{"train/step": 2000, "train/loss": 0.22844545543193817}
Epoch 42/100: 100% 47/47 [00:00<00:00, 80.28it/s]
Epoch 43/100: 100% 47/47 [00:00<00:00, 101.79it/s]
Epoch 44/100: 100% 47/47 [00:00<00:00, 119.79it/s]
Epoch 45/100: 100% 47/47 [00:00<00:00, 116.01it/s]
Epoch 46/100: 100% 47/47 [00:00<00:00, 119.03it/s]
Epoch 47/100:  79% 37/47 [00:00<00:00, 123.89it/s]{"train/step": 2250, "train/loss": 0.17996647953987122}
Epoch 47/100: 100% 47/47 [00:00<00:00, 119.39it/s]
Epoch 48/100: 100% 47/47 [00:00<00:00, 118.38it/s]
Epoch 49/100: 100% 47/47 [00:00<00:00, 121.36it/s]
Epoch 50/100: 100% 47/47 [00:00<00:00, 118.83it/s]
{"epoch": 50, "val/mean_return": -20.0, "val/std_return": 0.0}
Epoch 51/100: 100% 47/47 [00:00<00:00, 109.99it/s]
Epoch 52/100: 100% 47/47 [00:00<00:00, 116.48it/s]
Epoch 53/100:   0% 0/47 [00:00<?, ?it/s]{"train/step": 2500, "train/loss": 0.2510879933834076}
Epoch 53/100: 100% 47/47 [00:00<00:00, 115.94it/s]
Epoch 54/100: 100% 47/47 [00:00<00:00, 76.44it/s]
Epoch 55/100: 100% 47/47 [00:00<00:00, 80.39it/s]
Epoch 56/100: 100% 47/47 [00:00<00:00, 84.80it/s]
Epoch 57/100: 100% 47/47 [00:00<00:00, 83.03it/s]
Epoch 58/100:  28% 13/47 [00:00<00:00, 124.46it/s]{"train/step": 2750, "train/loss": 0.17886708676815033}
Epoch 58/100: 100% 47/47 [00:00<00:00, 118.34it/s]
Epoch 59/100: 100% 47/47 [00:00<00:00, 116.36it/s]
Epoch 60/100: 100% 47/47 [00:00<00:00, 119.73it/s]
{"epoch": 60, "val/mean_return": -20.0, "val/std_return": 0.0}
Epoch 61/100: 100% 47/47 [00:00<00:00, 110.27it/s]
Epoch 62/100: 100% 47/47 [00:00<00:00, 122.86it/s]
Epoch 63/100:  77% 36/47 [00:00<00:00, 117.77it/s]{"train/step": 3000, "train/loss": 0.20805756747722626}
Epoch 63/100: 100% 47/47 [00:00<00:00, 113.25it/s]
Epoch 64/100: 100% 47/47 [00:00<00:00, 119.09it/s]
Epoch 65/100: 100% 47/47 [00:00<00:00, 113.18it/s]
Epoch 66/100: 100% 47/47 [00:00<00:00, 118.24it/s]
Epoch 67/100: 100% 47/47 [00:00<00:00, 121.42it/s]
Epoch 68/100: 100% 47/47 [00:00<00:00, 99.91it/s]
Epoch 69/100:   0% 0/47 [00:00<?, ?it/s]{"train/step": 3250, "train/loss": 0.2483539879322052}
Epoch 69/100: 100% 47/47 [00:00<00:00, 81.38it/s]
Epoch 70/100: 100% 47/47 [00:00<00:00, 93.40it/s]
{"epoch": 70, "val/mean_return": -20.0, "val/std_return": 0.0}
Epoch 71/100: 100% 47/47 [00:00<00:00, 109.73it/s]
Epoch 72/100: 100% 47/47 [00:00<00:00, 115.20it/s]
Epoch 73/100: 100% 47/47 [00:00<00:00, 115.11it/s]
Epoch 74/100:  28% 13/47 [00:00<00:00, 123.82it/s]{"train/step": 3500, "train/loss": 0.2508208453655243}
Epoch 74/100: 100% 47/47 [00:00<00:00, 116.50it/s]
Epoch 75/100: 100% 47/47 [00:00<00:00, 115.45it/s]
Epoch 76/100: 100% 47/47 [00:00<00:00, 116.49it/s]
Epoch 77/100: 100% 47/47 [00:00<00:00, 116.21it/s]
Epoch 78/100: 100% 47/47 [00:00<00:00, 114.08it/s]
Epoch 79/100:  55% 26/47 [00:00<00:00, 126.86it/s]{"train/step": 3750, "train/loss": 0.2193174809217453}
Epoch 79/100: 100% 47/47 [00:00<00:00, 121.22it/s]
Epoch 80/100: 100% 47/47 [00:00<00:00, 122.40it/s]
{"epoch": 80, "val/mean_return": -20.0, "val/std_return": 0.0}
Epoch 81/100: 100% 47/47 [00:00<00:00, 110.44it/s]
Epoch 82/100: 100% 47/47 [00:00<00:00, 119.81it/s]
Epoch 83/100: 100% 47/47 [00:00<00:00, 115.88it/s]
Epoch 84/100: 100% 47/47 [00:00<00:00, 112.84it/s]
Epoch 85/100:   0% 0/47 [00:00<?, ?it/s]{"train/step": 4000, "train/loss": 0.2366633266210556}
Epoch 85/100: 100% 47/47 [00:00<00:00, 120.67it/s]
Epoch 86/100: 100% 47/47 [00:00<00:00, 122.04it/s]
Epoch 87/100: 100% 47/47 [00:00<00:00, 112.93it/s]
Epoch 88/100: 100% 47/47 [00:00<00:00, 120.42it/s]
Epoch 89/100: 100% 47/47 [00:00<00:00, 112.73it/s]
Epoch 90/100:  28% 13/47 [00:00<00:00, 123.17it/s]{"train/step": 4250, "train/loss": 0.21624842286109924}
Epoch 90/100: 100% 47/47 [00:00<00:00, 118.63it/s]
{"epoch": 90, "val/mean_return": -20.0, "val/std_return": 0.0}
Epoch 91/100: 100% 47/47 [00:00<00:00, 109.47it/s]
Epoch 92/100: 100% 47/47 [00:00<00:00, 110.53it/s]
Epoch 93/100: 100% 47/47 [00:00<00:00, 123.17it/s]
Epoch 94/100: 100% 47/47 [00:00<00:00, 115.43it/s]
Epoch 95/100:  55% 26/47 [00:00<00:00, 121.53it/s]{"train/step": 4500, "train/loss": 0.24949853122234344}
Epoch 95/100: 100% 47/47 [00:00<00:00, 121.14it/s]
Epoch 96/100: 100% 47/47 [00:00<00:00, 121.74it/s]
Epoch 97/100: 100% 47/47 [00:00<00:00, 117.39it/s]
Epoch 98/100: 100% 47/47 [00:00<00:00, 115.70it/s]
Epoch 99/100: 100% 47/47 [00:00<00:00, 113.76it/s]
Epoch 100/100: 100% 47/47 [00:00<00:00, 112.60it/s]
{"epoch": 100, "val/mean_return": -20.0, "val/std_return": 0.0}
--- Finished: Variant=no_plasticity, Env=MountainCar-v0, Seed=1 (Success) ---

--- [108/140] Running: Variant=no_plasticity, Env=MountainCar-v0, Seed=2 ---
{"train/param_count": 399633}
Epoch 1/100: 100% 47/47 [00:00<00:00, 63.66it/s]
Epoch 2/100: 100% 47/47 [00:00<00:00, 119.71it/s]
Epoch 3/100: 100% 47/47 [00:00<00:00, 122.30it/s]
Epoch 4/100: 100% 47/47 [00:00<00:00, 118.61it/s]
Epoch 5/100:  28% 13/47 [00:00<00:00, 126.64it/s]{"train/step": 250, "train/loss": 0.23395834863185883}
Epoch 5/100: 100% 47/47 [00:00<00:00, 115.00it/s]
Epoch 6/100: 100% 47/47 [00:00<00:00, 118.84it/s]
Epoch 7/100: 100% 47/47 [00:00<00:00, 114.05it/s]
Epoch 8/100: 100% 47/47 [00:00<00:00, 121.98it/s]
Epoch 9/100: 100% 47/47 [00:00<00:00, 114.15it/s]
Epoch 10/100:  60% 28/47 [00:00<00:00, 120.91it/s]{"train/step": 500, "train/loss": 0.23426008224487305}
Epoch 10/100: 100% 47/47 [00:00<00:00, 119.05it/s]
{"epoch": 10, "val/mean_return": -20.0, "val/std_return": 0.0}
Epoch 11/100: 100% 47/47 [00:00<00:00, 112.52it/s]
Epoch 12/100: 100% 47/47 [00:00<00:00, 116.14it/s]
Epoch 13/100: 100% 47/47 [00:00<00:00, 122.49it/s]
Epoch 14/100: 100% 47/47 [00:00<00:00, 121.97it/s]
Epoch 15/100:  85% 40/47 [00:00<00:00, 117.76it/s]{"train/step": 750, "train/loss": 0.27499762177467346}
Epoch 15/100: 100% 47/47 [00:00<00:00, 120.04it/s]
Epoch 16/100: 100% 47/47 [00:00<00:00, 119.08it/s]
Epoch 17/100: 100% 47/47 [00:00<00:00, 122.51it/s]
Epoch 18/100: 100% 47/47 [00:00<00:00, 113.79it/s]
Epoch 19/100: 100% 47/47 [00:00<00:00, 124.48it/s]
Epoch 20/100: 100% 47/47 [00:00<00:00, 113.45it/s]
{"epoch": 20, "val/mean_return": -20.0, "val/std_return": 0.0}
Epoch 21/100:  21% 10/47 [00:00<00:00, 98.64it/s]{"train/step": 1000, "train/loss": 0.2951989471912384}
Epoch 21/100: 100% 47/47 [00:00<00:00, 108.84it/s]
Epoch 22/100: 100% 47/47 [00:00<00:00, 124.16it/s]
Epoch 23/100: 100% 47/47 [00:00<00:00, 122.34it/s]
Epoch 24/100: 100% 47/47 [00:00<00:00, 114.17it/s]
Epoch 25/100: 100% 47/47 [00:00<00:00, 122.68it/s]
Epoch 26/100:  60% 28/47 [00:00<00:00, 119.71it/s]{"train/step": 1250, "train/loss": 0.24063363671302795}
Epoch 26/100: 100% 47/47 [00:00<00:00, 118.85it/s]
Epoch 27/100: 100% 47/47 [00:00<00:00, 118.81it/s]
Epoch 28/100: 100% 47/47 [00:00<00:00, 122.89it/s]
Epoch 29/100: 100% 47/47 [00:00<00:00, 114.16it/s]
Epoch 30/100: 100% 47/47 [00:00<00:00, 121.69it/s]
{"epoch": 30, "val/mean_return": -20.0, "val/std_return": 0.0}
Epoch 31/100:  68% 32/47 [00:00<00:00, 101.96it/s]{"train/step": 1500, "train/loss": 0.22326238453388214}
Epoch 31/100: 100% 47/47 [00:00<00:00, 107.88it/s]
Epoch 32/100: 100% 47/47 [00:00<00:00, 93.78it/s]
Epoch 33/100: 100% 47/47 [00:00<00:00, 80.43it/s]
Epoch 34/100: 100% 47/47 [00:00<00:00, 87.33it/s]
Epoch 35/100: 100% 47/47 [00:00<00:00, 79.55it/s]
Epoch 36/100: 100% 47/47 [00:00<00:00, 114.45it/s]
Epoch 37/100:   0% 0/47 [00:00<?, ?it/s]{"train/step": 1750, "train/loss": 0.1246599480509758}
Epoch 37/100: 100% 47/47 [00:00<00:00, 116.33it/s]
Epoch 38/100: 100% 47/47 [00:00<00:00, 118.63it/s]
Epoch 39/100: 100% 47/47 [00:00<00:00, 123.23it/s]
Epoch 40/100: 100% 47/47 [00:00<00:00, 112.80it/s]
{"epoch": 40, "val/mean_return": -20.0, "val/std_return": 0.0}
Epoch 41/100: 100% 47/47 [00:00<00:00, 110.41it/s]
Epoch 42/100:  55% 26/47 [00:00<00:00, 114.95it/s]{"train/step": 2000, "train/loss": 0.28486862778663635}
Epoch 42/100: 100% 47/47 [00:00<00:00, 117.26it/s]
Epoch 43/100: 100% 47/47 [00:00<00:00, 114.88it/s]
Epoch 44/100: 100% 47/47 [00:00<00:00, 119.99it/s]
Epoch 45/100: 100% 47/47 [00:00<00:00, 121.72it/s]
Epoch 46/100: 100% 47/47 [00:00<00:00, 117.81it/s]
Epoch 47/100:  74% 35/47 [00:00<00:00, 82.50it/s]{"train/step": 2250, "train/loss": 0.26631590723991394}
Epoch 47/100: 100% 47/47 [00:00<00:00, 83.39it/s]
Epoch 48/100: 100% 47/47 [00:00<00:00, 88.27it/s]
Epoch 49/100: 100% 47/47 [00:00<00:00, 86.89it/s]
Epoch 50/100: 100% 47/47 [00:00<00:00, 79.89it/s]
{"epoch": 50, "val/mean_return": -20.0, "val/std_return": 0.0}
Epoch 51/100: 100% 47/47 [00:00<00:00, 104.68it/s]
Epoch 52/100: 100% 47/47 [00:00<00:00, 114.87it/s]
Epoch 53/100:   0% 0/47 [00:00<?, ?it/s]{"train/step": 2500, "train/loss": 0.23208241164684296}
Epoch 53/100: 100% 47/47 [00:00<00:00, 122.28it/s]
Epoch 54/100: 100% 47/47 [00:00<00:00, 123.79it/s]
Epoch 55/100: 100% 47/47 [00:00<00:00, 113.89it/s]
Epoch 56/100: 100% 47/47 [00:00<00:00, 118.77it/s]
Epoch 57/100: 100% 47/47 [00:00<00:00, 117.47it/s]
Epoch 58/100:  51% 24/47 [00:00<00:00, 117.70it/s]{"train/step": 2750, "train/loss": 0.24922823905944824}
Epoch 58/100: 100% 47/47 [00:00<00:00, 117.33it/s]
Epoch 59/100: 100% 47/47 [00:00<00:00, 123.18it/s]
Epoch 60/100: 100% 47/47 [00:00<00:00, 116.81it/s]
{"epoch": 60, "val/mean_return": -20.0, "val/std_return": 0.0}
Epoch 61/100: 100% 47/47 [00:00<00:00, 114.00it/s]
Epoch 62/100: 100% 47/47 [00:00<00:00, 123.97it/s]
Epoch 63/100:  81% 38/47 [00:00<00:00, 115.86it/s]{"train/step": 3000, "train/loss": 0.2100769579410553}
Epoch 63/100: 100% 47/47 [00:00<00:00, 113.32it/s]
Epoch 64/100: 100% 47/47 [00:00<00:00, 118.88it/s]
Epoch 65/100: 100% 47/47 [00:00<00:00, 121.23it/s]
Epoch 66/100: 100% 47/47 [00:00<00:00, 114.78it/s]
Epoch 67/100: 100% 47/47 [00:00<00:00, 122.55it/s]
Epoch 68/100: 100% 47/47 [00:00<00:00, 114.35it/s]
Epoch 69/100:   0% 0/47 [00:00<?, ?it/s]{"train/step": 3250, "train/loss": 0.1831057071685791}
Epoch 69/100: 100% 47/47 [00:00<00:00, 120.99it/s]
Epoch 70/100: 100% 47/47 [00:00<00:00, 119.07it/s]
{"epoch": 70, "val/mean_return": -20.0, "val/std_return": 0.0}
Epoch 71/100: 100% 47/47 [00:00<00:00, 115.12it/s]
Epoch 72/100: 100% 47/47 [00:00<00:00, 111.56it/s]
Epoch 73/100: 100% 47/47 [00:00<00:00, 121.11it/s]
Epoch 74/100:  28% 13/47 [00:00<00:00, 127.53it/s]{"train/step": 3500, "train/loss": 0.16370201110839844}
Epoch 74/100: 100% 47/47 [00:00<00:00, 115.65it/s]
Epoch 75/100: 100% 47/47 [00:00<00:00, 115.32it/s]
Epoch 76/100: 100% 47/47 [00:00<00:00, 117.08it/s]
Epoch 77/100: 100% 47/47 [00:00<00:00, 116.13it/s]
Epoch 78/100: 100% 47/47 [00:00<00:00, 117.48it/s]
Epoch 79/100:  55% 26/47 [00:00<00:00, 124.32it/s]{"train/step": 3750, "train/loss": 0.277778685092926}
Epoch 79/100: 100% 47/47 [00:00<00:00, 118.75it/s]
Epoch 80/100: 100% 47/47 [00:00<00:00, 123.53it/s]
{"epoch": 80, "val/mean_return": -20.0, "val/std_return": 0.0}
Epoch 81/100: 100% 47/47 [00:00<00:00, 109.22it/s]
Epoch 82/100: 100% 47/47 [00:00<00:00, 101.96it/s]
Epoch 83/100: 100% 47/47 [00:00<00:00, 116.75it/s]
Epoch 84/100: 100% 47/47 [00:00<00:00, 119.83it/s]
Epoch 85/100:   0% 0/47 [00:00<?, ?it/s]{"train/step": 4000, "train/loss": 0.19893212616443634}
Epoch 85/100: 100% 47/47 [00:00<00:00, 116.96it/s]
Epoch 86/100: 100% 47/47 [00:00<00:00, 117.31it/s]
Epoch 87/100: 100% 47/47 [00:00<00:00, 120.72it/s]
Epoch 88/100: 100% 47/47 [00:00<00:00, 112.10it/s]
Epoch 89/100: 100% 47/47 [00:00<00:00, 122.07it/s]
Epoch 90/100:  28% 13/47 [00:00<00:00, 128.19it/s]{"train/step": 4250, "train/loss": 0.24789586663246155}
Epoch 90/100: 100% 47/47 [00:00<00:00, 118.04it/s]
{"epoch": 90, "val/mean_return": -20.0, "val/std_return": 0.0}
Epoch 91/100: 100% 47/47 [00:00<00:00, 113.34it/s]
Epoch 92/100: 100% 47/47 [00:00<00:00, 80.56it/s]
Epoch 93/100: 100% 47/47 [00:00<00:00, 93.13it/s]
Epoch 94/100: 100% 47/47 [00:00<00:00, 88.68it/s]
Epoch 95/100:  57% 27/47 [00:00<00:00, 81.88it/s]{"train/step": 4500, "train/loss": 0.2212495058774948}
Epoch 95/100: 100% 47/47 [00:00<00:00, 83.05it/s]
Epoch 96/100: 100% 47/47 [00:00<00:00, 117.13it/s]
Epoch 97/100: 100% 47/47 [00:00<00:00, 117.82it/s]
Epoch 98/100: 100% 47/47 [00:00<00:00, 120.40it/s]
Epoch 99/100: 100% 47/47 [00:00<00:00, 114.43it/s]
Epoch 100/100: 100% 47/47 [00:00<00:00, 124.81it/s]
{"epoch": 100, "val/mean_return": -20.0, "val/std_return": 0.0}
--- Finished: Variant=no_plasticity, Env=MountainCar-v0, Seed=2 (Success) ---

--- [109/140] Running: Variant=no_plasticity, Env=MountainCar-v0, Seed=3 ---
{"train/param_count": 399633}
Epoch 1/100: 100% 47/47 [00:00<00:00, 49.40it/s]
Epoch 2/100: 100% 47/47 [00:00<00:00, 121.93it/s]
Epoch 3/100: 100% 47/47 [00:00<00:00, 115.95it/s]
Epoch 4/100: 100% 47/47 [00:00<00:00, 119.20it/s]
Epoch 5/100:  23% 11/47 [00:00<00:00, 107.48it/s]{"train/step": 250, "train/loss": 0.26303258538246155}
Epoch 5/100: 100% 47/47 [00:00<00:00, 114.39it/s]
Epoch 6/100: 100% 47/47 [00:00<00:00, 116.82it/s]
Epoch 7/100: 100% 47/47 [00:00<00:00, 119.79it/s]
Epoch 8/100: 100% 47/47 [00:00<00:00, 113.81it/s]
Epoch 9/100: 100% 47/47 [00:00<00:00, 121.10it/s]
Epoch 10/100:  51% 24/47 [00:00<00:00, 118.66it/s]{"train/step": 500, "train/loss": 0.22788000106811523}
Epoch 10/100: 100% 47/47 [00:00<00:00, 117.35it/s]
{"epoch": 10, "val/mean_return": -20.0, "val/std_return": 0.0}
Epoch 11/100: 100% 47/47 [00:00<00:00, 118.26it/s]
Epoch 12/100: 100% 47/47 [00:00<00:00, 106.90it/s]
Epoch 13/100: 100% 47/47 [00:00<00:00, 83.78it/s]
Epoch 14/100: 100% 47/47 [00:00<00:00, 90.33it/s]
Epoch 15/100:  85% 40/47 [00:00<00:00, 82.75it/s]{"train/step": 750, "train/loss": 0.2184034138917923}
Epoch 15/100: 100% 47/47 [00:00<00:00, 86.53it/s]
Epoch 16/100: 100% 47/47 [00:00<00:00, 93.53it/s]
Epoch 17/100: 100% 47/47 [00:00<00:00, 116.31it/s]
Epoch 18/100: 100% 47/47 [00:00<00:00, 126.66it/s]
Epoch 19/100: 100% 47/47 [00:00<00:00, 115.53it/s]
Epoch 20/100: 100% 47/47 [00:00<00:00, 125.85it/s]
{"epoch": 20, "val/mean_return": -20.0, "val/std_return": 0.0}
Epoch 21/100:  23% 11/47 [00:00<00:00, 104.83it/s]{"train/step": 1000, "train/loss": 0.19800303876399994}
Epoch 21/100: 100% 47/47 [00:00<00:00, 111.53it/s]
Epoch 22/100: 100% 47/47 [00:00<00:00, 125.86it/s]
Epoch 23/100: 100% 47/47 [00:00<00:00, 120.60it/s]
Epoch 24/100: 100% 47/47 [00:00<00:00, 121.55it/s]
Epoch 25/100: 100% 47/47 [00:00<00:00, 119.78it/s]
Epoch 26/100:  57% 27/47 [00:00<00:00, 129.45it/s]{"train/step": 1250, "train/loss": 0.269114226102829}
Epoch 26/100: 100% 47/47 [00:00<00:00, 120.50it/s]
Epoch 27/100: 100% 47/47 [00:00<00:00, 119.91it/s]
Epoch 28/100: 100% 47/47 [00:00<00:00, 82.82it/s]
Epoch 29/100: 100% 47/47 [00:00<00:00, 92.74it/s]
Epoch 30/100: 100% 47/47 [00:00<00:00, 91.67it/s]
{"epoch": 30, "val/mean_return": -20.0, "val/std_return": 0.0}
Epoch 31/100:  77% 36/47 [00:00<00:00, 112.18it/s]{"train/step": 1500, "train/loss": 0.2770498991012573}
Epoch 31/100: 100% 47/47 [00:00<00:00, 114.25it/s]
Epoch 32/100: 100% 47/47 [00:00<00:00, 113.61it/s]
Epoch 33/100: 100% 47/47 [00:00<00:00, 115.93it/s]
Epoch 34/100: 100% 47/47 [00:00<00:00, 120.53it/s]
Epoch 35/100: 100% 47/47 [00:00<00:00, 119.87it/s]
Epoch 36/100: 100% 47/47 [00:00<00:00, 118.43it/s]
Epoch 37/100:   0% 0/47 [00:00<?, ?it/s]{"train/step": 1750, "train/loss": 0.2061358541250229}
Epoch 37/100: 100% 47/47 [00:00<00:00, 119.97it/s]
Epoch 38/100: 100% 47/47 [00:00<00:00, 113.65it/s]
Epoch 39/100: 100% 47/47 [00:00<00:00, 125.96it/s]
Epoch 40/100: 100% 47/47 [00:00<00:00, 121.18it/s]
{"epoch": 40, "val/mean_return": -20.0, "val/std_return": 0.0}
Epoch 41/100: 100% 47/47 [00:00<00:00, 113.65it/s]
Epoch 42/100:  55% 26/47 [00:00<00:00, 126.63it/s]{"train/step": 2000, "train/loss": 0.13494400680065155}
Epoch 42/100: 100% 47/47 [00:00<00:00, 124.02it/s]
Epoch 43/100: 100% 47/47 [00:00<00:00, 123.89it/s]
Epoch 44/100: 100% 47/47 [00:00<00:00, 120.09it/s]
Epoch 45/100: 100% 47/47 [00:00<00:00, 122.19it/s]
Epoch 46/100: 100% 47/47 [00:00<00:00, 118.34it/s]
Epoch 47/100:  81% 38/47 [00:00<00:00, 121.55it/s]{"train/step": 2250, "train/loss": 0.29836639761924744}
Epoch 47/100: 100% 47/47 [00:00<00:00, 118.58it/s]
Epoch 48/100: 100% 47/47 [00:00<00:00, 122.40it/s]
Epoch 49/100: 100% 47/47 [00:00<00:00, 120.13it/s]
Epoch 50/100: 100% 47/47 [00:00<00:00, 124.04it/s]
{"epoch": 50, "val/mean_return": -20.0, "val/std_return": 0.0}
Epoch 51/100: 100% 47/47 [00:00<00:00, 113.61it/s]
Epoch 52/100: 100% 47/47 [00:00<00:00, 121.37it/s]
Epoch 53/100:   0% 0/47 [00:00<?, ?it/s]{"train/step": 2500, "train/loss": 0.23459425568580627}
Epoch 53/100: 100% 47/47 [00:00<00:00, 119.15it/s]
Epoch 54/100: 100% 47/47 [00:00<00:00, 119.01it/s]
Epoch 55/100: 100% 47/47 [00:00<00:00, 114.66it/s]
Epoch 56/100: 100% 47/47 [00:00<00:00, 124.68it/s]
Epoch 57/100: 100% 47/47 [00:00<00:00, 123.07it/s]
Epoch 58/100:  51% 24/47 [00:00<00:00, 111.92it/s]{"train/step": 2750, "train/loss": 0.15634696185588837}
Epoch 58/100: 100% 47/47 [00:00<00:00, 117.26it/s]
Epoch 59/100: 100% 47/47 [00:00<00:00, 122.61it/s]
Epoch 60/100: 100% 47/47 [00:00<00:00, 116.39it/s]
{"epoch": 60, "val/mean_return": -20.0, "val/std_return": 0.0}
Epoch 61/100: 100% 47/47 [00:00<00:00, 89.30it/s]
Epoch 62/100: 100% 47/47 [00:00<00:00, 79.02it/s]
Epoch 63/100:  60% 28/47 [00:00<00:00, 90.57it/s]{"train/step": 3000, "train/loss": 0.21370530128479004}
Epoch 63/100: 100% 47/47 [00:00<00:00, 94.37it/s] 
Epoch 64/100: 100% 47/47 [00:00<00:00, 116.58it/s]
Epoch 65/100: 100% 47/47 [00:00<00:00, 124.17it/s]
Epoch 66/100: 100% 47/47 [00:00<00:00, 118.72it/s]
Epoch 67/100: 100% 47/47 [00:00<00:00, 117.33it/s]
Epoch 68/100: 100% 47/47 [00:00<00:00, 121.68it/s]
Epoch 69/100:   0% 0/47 [00:00<?, ?it/s]{"train/step": 3250, "train/loss": 0.2235247641801834}
Epoch 69/100: 100% 47/47 [00:00<00:00, 112.73it/s]
Epoch 70/100: 100% 47/47 [00:00<00:00, 121.72it/s]
{"epoch": 70, "val/mean_return": -20.0, "val/std_return": 0.0}
Epoch 71/100: 100% 47/47 [00:00<00:00, 111.81it/s]
Epoch 72/100: 100% 47/47 [00:00<00:00, 122.16it/s]
Epoch 73/100: 100% 47/47 [00:00<00:00, 112.85it/s]
Epoch 74/100:  28% 13/47 [00:00<00:00, 124.80it/s]{"train/step": 3500, "train/loss": 0.22348256409168243}
Epoch 74/100: 100% 47/47 [00:00<00:00, 122.39it/s]
Epoch 75/100: 100% 47/47 [00:00<00:00, 77.38it/s]
Epoch 76/100: 100% 47/47 [00:00<00:00, 88.60it/s]
Epoch 77/100: 100% 47/47 [00:00<00:00, 85.43it/s]
Epoch 78/100: 100% 47/47 [00:00<00:00, 84.67it/s]
Epoch 79/100:  79% 37/47 [00:00<00:00, 123.33it/s]{"train/step": 3750, "train/loss": 0.2122577279806137}
Epoch 79/100: 100% 47/47 [00:00<00:00, 122.24it/s]
Epoch 80/100: 100% 47/47 [00:00<00:00, 114.18it/s]
{"epoch": 80, "val/mean_return": -20.0, "val/std_return": 0.0}
Epoch 81/100: 100% 47/47 [00:00<00:00, 110.94it/s]
Epoch 82/100: 100% 47/47 [00:00<00:00, 116.99it/s]
Epoch 83/100: 100% 47/47 [00:00<00:00, 123.04it/s]
Epoch 84/100: 100% 47/47 [00:00<00:00, 112.04it/s]
Epoch 85/100:   0% 0/47 [00:00<?, ?it/s]{"train/step": 4000, "train/loss": 0.24913577735424042}
Epoch 85/100: 100% 47/47 [00:00<00:00, 120.70it/s]
Epoch 86/100: 100% 47/47 [00:00<00:00, 123.60it/s]
Epoch 87/100: 100% 47/47 [00:00<00:00, 118.92it/s]
Epoch 88/100: 100% 47/47 [00:00<00:00, 118.38it/s]
Epoch 89/100: 100% 47/47 [00:00<00:00, 117.00it/s]
Epoch 90/100:  23% 11/47 [00:00<00:00, 109.42it/s]{"train/step": 4250, "train/loss": 0.24624590575695038}
Epoch 90/100: 100% 47/47 [00:00<00:00, 88.39it/s]
{"epoch": 90, "val/mean_return": -20.0, "val/std_return": 0.0}
Epoch 91/100: 100% 47/47 [00:00<00:00, 114.47it/s]
Epoch 92/100: 100% 47/47 [00:00<00:00, 119.73it/s]
Epoch 93/100: 100% 47/47 [00:00<00:00, 118.07it/s]
Epoch 94/100: 100% 47/47 [00:00<00:00, 122.42it/s]
Epoch 95/100:  55% 26/47 [00:00<00:00, 119.12it/s]{"train/step": 4500, "train/loss": 0.2785467803478241}
Epoch 95/100: 100% 47/47 [00:00<00:00, 115.23it/s]
Epoch 96/100: 100% 47/47 [00:00<00:00, 119.84it/s]
Epoch 97/100: 100% 47/47 [00:00<00:00, 124.23it/s]
Epoch 98/100: 100% 47/47 [00:00<00:00, 115.11it/s]
Epoch 99/100: 100% 47/47 [00:00<00:00, 117.75it/s]
Epoch 100/100: 100% 47/47 [00:00<00:00, 122.60it/s]
{"epoch": 100, "val/mean_return": -20.0, "val/std_return": 0.0}
--- Finished: Variant=no_plasticity, Env=MountainCar-v0, Seed=3 (Success) ---

--- [110/140] Running: Variant=no_plasticity, Env=MountainCar-v0, Seed=4 ---
{"train/param_count": 399633}
Epoch 1/100: 100% 47/47 [00:00<00:00, 63.75it/s]
Epoch 2/100: 100% 47/47 [00:00<00:00, 115.47it/s]
Epoch 3/100: 100% 47/47 [00:00<00:00, 126.29it/s]
Epoch 4/100: 100% 47/47 [00:00<00:00, 121.64it/s]
Epoch 5/100:  28% 13/47 [00:00<00:00, 126.95it/s]{"train/step": 250, "train/loss": 0.22315552830696106}
Epoch 5/100: 100% 47/47 [00:00<00:00, 116.97it/s]
Epoch 6/100: 100% 47/47 [00:00<00:00, 117.98it/s]
Epoch 7/100: 100% 47/47 [00:00<00:00, 121.23it/s]
Epoch 8/100: 100% 47/47 [00:00<00:00, 111.58it/s]
Epoch 9/100: 100% 47/47 [00:00<00:00, 124.41it/s]
Epoch 10/100:  51% 24/47 [00:00<00:00, 112.87it/s]{"train/step": 500, "train/loss": 0.288336843252182}
Epoch 10/100: 100% 47/47 [00:00<00:00, 103.36it/s]
{"epoch": 10, "val/mean_return": -20.0, "val/std_return": 0.0}
Epoch 11/100: 100% 47/47 [00:00<00:00, 111.66it/s]
Epoch 12/100: 100% 47/47 [00:00<00:00, 113.79it/s]
Epoch 13/100: 100% 47/47 [00:00<00:00, 113.81it/s]
Epoch 14/100: 100% 47/47 [00:00<00:00, 113.94it/s]
Epoch 15/100:  83% 39/47 [00:00<00:00, 117.63it/s]{"train/step": 750, "train/loss": 0.2551300525665283}
Epoch 15/100: 100% 47/47 [00:00<00:00, 121.07it/s]
Epoch 16/100: 100% 47/47 [00:00<00:00, 117.80it/s]
Epoch 17/100: 100% 47/47 [00:00<00:00, 117.70it/s]
Epoch 18/100: 100% 47/47 [00:00<00:00, 122.45it/s]
Epoch 19/100: 100% 47/47 [00:00<00:00, 117.46it/s]
Epoch 20/100: 100% 47/47 [00:00<00:00, 116.23it/s]
{"epoch": 20, "val/mean_return": -20.0, "val/std_return": 0.0}
Epoch 21/100:  23% 11/47 [00:00<00:00, 101.67it/s]{"train/step": 1000, "train/loss": 0.24180030822753906}
Epoch 21/100: 100% 47/47 [00:00<00:00, 107.26it/s]
Epoch 22/100: 100% 47/47 [00:00<00:00, 108.22it/s]
Epoch 23/100: 100% 47/47 [00:00<00:00, 115.72it/s]
Epoch 24/100: 100% 47/47 [00:00<00:00, 114.25it/s]
Epoch 25/100: 100% 47/47 [00:00<00:00, 116.69it/s]
Epoch 26/100:  53% 25/47 [00:00<00:00, 121.78it/s]{"train/step": 1250, "train/loss": 0.17860610783100128}
Epoch 26/100: 100% 47/47 [00:00<00:00, 118.19it/s]
Epoch 27/100: 100% 47/47 [00:00<00:00, 111.08it/s]
Epoch 28/100: 100% 47/47 [00:00<00:00, 117.24it/s]
Epoch 29/100: 100% 47/47 [00:00<00:00, 114.99it/s]
Epoch 30/100: 100% 47/47 [00:00<00:00, 103.16it/s]
{"epoch": 30, "val/mean_return": -20.0, "val/std_return": 0.0}
Epoch 31/100:  72% 34/47 [00:00<00:00, 107.07it/s]{"train/step": 1500, "train/loss": 0.2263057678937912}
Epoch 31/100: 100% 47/47 [00:00<00:00, 112.31it/s]
Epoch 32/100: 100% 47/47 [00:00<00:00, 118.41it/s]
Epoch 33/100: 100% 47/47 [00:00<00:00, 118.78it/s]
Epoch 34/100: 100% 47/47 [00:00<00:00, 119.07it/s]
Epoch 35/100: 100% 47/47 [00:00<00:00, 115.22it/s]
Epoch 36/100: 100% 47/47 [00:00<00:00, 122.33it/s]
Epoch 37/100:   0% 0/47 [00:00<?, ?it/s]{"train/step": 1750, "train/loss": 0.23149119317531586}
Epoch 37/100: 100% 47/47 [00:00<00:00, 120.41it/s]
Epoch 38/100: 100% 47/47 [00:00<00:00, 108.62it/s]
Epoch 39/100: 100% 47/47 [00:00<00:00, 112.74it/s]
Epoch 40/100: 100% 47/47 [00:00<00:00, 115.92it/s]
{"epoch": 40, "val/mean_return": -20.0, "val/std_return": 0.0}
Epoch 41/100: 100% 47/47 [00:00<00:00, 90.82it/s]
Epoch 42/100:  40% 19/47 [00:00<00:00, 88.96it/s]{"train/step": 2000, "train/loss": 0.26547160744667053}
Epoch 42/100: 100% 47/47 [00:00<00:00, 93.20it/s]
Epoch 43/100: 100% 47/47 [00:00<00:00, 87.68it/s]
Epoch 44/100: 100% 47/47 [00:00<00:00, 92.11it/s]
Epoch 45/100: 100% 47/47 [00:00<00:00, 125.71it/s]
Epoch 46/100: 100% 47/47 [00:00<00:00, 119.83it/s]
Epoch 47/100:  81% 38/47 [00:00<00:00, 120.27it/s]{"train/step": 2250, "train/loss": 0.2530075013637543}
Epoch 47/100: 100% 47/47 [00:00<00:00, 121.84it/s]
Epoch 48/100: 100% 47/47 [00:00<00:00, 124.66it/s]
Epoch 49/100: 100% 47/47 [00:00<00:00, 115.26it/s]
Epoch 50/100: 100% 47/47 [00:00<00:00, 120.47it/s]
{"epoch": 50, "val/mean_return": -20.0, "val/std_return": 0.0}
Epoch 51/100: 100% 47/47 [00:00<00:00, 109.97it/s]
Epoch 52/100: 100% 47/47 [00:00<00:00, 114.16it/s]
Epoch 53/100:   0% 0/47 [00:00<?, ?it/s]{"train/step": 2500, "train/loss": 0.2756575644016266}
Epoch 53/100: 100% 47/47 [00:00<00:00, 116.41it/s]
Epoch 54/100: 100% 47/47 [00:00<00:00, 112.70it/s]
Epoch 55/100: 100% 47/47 [00:00<00:00, 123.47it/s]
Epoch 56/100: 100% 47/47 [00:00<00:00, 79.90it/s]
Epoch 57/100: 100% 47/47 [00:00<00:00, 94.12it/s]
Epoch 58/100:  47% 22/47 [00:00<00:00, 100.08it/s]{"train/step": 2750, "train/loss": 0.25311151146888733}
Epoch 58/100: 100% 47/47 [00:00<00:00, 93.49it/s]
Epoch 59/100: 100% 47/47 [00:00<00:00, 81.40it/s]
Epoch 60/100: 100% 47/47 [00:00<00:00, 115.33it/s]
{"epoch": 60, "val/mean_return": -20.0, "val/std_return": 0.0}
Epoch 61/100: 100% 47/47 [00:00<00:00, 115.82it/s]
Epoch 62/100: 100% 47/47 [00:00<00:00, 116.63it/s]
Epoch 63/100:  79% 37/47 [00:00<00:00, 121.36it/s]{"train/step": 3000, "train/loss": 0.21880872547626495}
Epoch 63/100: 100% 47/47 [00:00<00:00, 120.11it/s]
Epoch 64/100: 100% 47/47 [00:00<00:00, 118.00it/s]
Epoch 65/100: 100% 47/47 [00:00<00:00, 116.41it/s]
Epoch 66/100: 100% 47/47 [00:00<00:00, 124.94it/s]
Epoch 67/100: 100% 47/47 [00:00<00:00, 115.64it/s]
Epoch 68/100: 100% 47/47 [00:00<00:00, 123.97it/s]
Epoch 69/100:   0% 0/47 [00:00<?, ?it/s]{"train/step": 3250, "train/loss": 0.23380084335803986}
Epoch 69/100: 100% 47/47 [00:00<00:00, 121.20it/s]
Epoch 70/100: 100% 47/47 [00:00<00:00, 116.66it/s]
{"epoch": 70, "val/mean_return": -20.0, "val/std_return": 0.0}
Epoch 71/100: 100% 47/47 [00:00<00:00, 113.65it/s]
Epoch 72/100: 100% 47/47 [00:00<00:00, 115.83it/s]
Epoch 73/100: 100% 47/47 [00:00<00:00, 113.40it/s]
Epoch 74/100:  28% 13/47 [00:00<00:00, 123.21it/s]{"train/step": 3500, "train/loss": 0.18458586931228638}
Epoch 74/100: 100% 47/47 [00:00<00:00, 121.92it/s]
Epoch 75/100: 100% 47/47 [00:00<00:00, 116.41it/s]
Epoch 76/100: 100% 47/47 [00:00<00:00, 118.95it/s]
Epoch 77/100: 100% 47/47 [00:00<00:00, 121.71it/s]
Epoch 78/100: 100% 47/47 [00:00<00:00, 117.42it/s]
Epoch 79/100:  77% 36/47 [00:00<00:00, 118.20it/s]{"train/step": 3750, "train/loss": 0.2217395156621933}
Epoch 79/100: 100% 47/47 [00:00<00:00, 117.94it/s]
Epoch 80/100: 100% 47/47 [00:00<00:00, 118.66it/s]
{"epoch": 80, "val/mean_return": -20.0, "val/std_return": 0.0}
Epoch 81/100: 100% 47/47 [00:00<00:00, 114.07it/s]
Epoch 82/100: 100% 47/47 [00:00<00:00, 115.39it/s]
Epoch 83/100: 100% 47/47 [00:00<00:00, 118.54it/s]
Epoch 84/100: 100% 47/47 [00:00<00:00, 115.85it/s]
Epoch 85/100:   0% 0/47 [00:00<?, ?it/s]{"train/step": 4000, "train/loss": 0.2084995061159134}
Epoch 85/100: 100% 47/47 [00:00<00:00, 117.78it/s]
Epoch 86/100: 100% 47/47 [00:00<00:00, 119.92it/s]
Epoch 87/100: 100% 47/47 [00:00<00:00, 119.62it/s]
Epoch 88/100: 100% 47/47 [00:00<00:00, 122.90it/s]
Epoch 89/100: 100% 47/47 [00:00<00:00, 117.27it/s]
Epoch 90/100:  23% 11/47 [00:00<00:00, 104.01it/s]{"train/step": 4250, "train/loss": 0.2642037868499756}
Epoch 90/100: 100% 47/47 [00:00<00:00, 112.43it/s]
{"epoch": 90, "val/mean_return": -20.0, "val/std_return": 0.0}
Epoch 91/100: 100% 47/47 [00:00<00:00, 114.69it/s]
Epoch 92/100: 100% 47/47 [00:00<00:00, 116.75it/s]
Epoch 93/100: 100% 47/47 [00:00<00:00, 117.09it/s]
Epoch 94/100: 100% 47/47 [00:00<00:00, 119.64it/s]
Epoch 95/100:  55% 26/47 [00:00<00:00, 116.29it/s]{"train/step": 4500, "train/loss": 0.23807859420776367}
Epoch 95/100: 100% 47/47 [00:00<00:00, 112.30it/s]
Epoch 96/100: 100% 47/47 [00:00<00:00, 120.26it/s]
Epoch 97/100: 100% 47/47 [00:00<00:00, 116.57it/s]
Epoch 98/100: 100% 47/47 [00:00<00:00, 110.10it/s]
Epoch 99/100: 100% 47/47 [00:00<00:00, 116.81it/s]
Epoch 100/100: 100% 47/47 [00:00<00:00, 104.54it/s]
{"epoch": 100, "val/mean_return": -20.0, "val/std_return": 0.0}
--- Finished: Variant=no_plasticity, Env=MountainCar-v0, Seed=4 (Success) ---

--- [111/140] Running: Variant=no_routing, Env=MountainCar-v0, Seed=0 ---
{"train/param_count": 398089}
Epoch 1/100: 100% 47/47 [00:00<00:00, 67.36it/s]
Epoch 2/100: 100% 47/47 [00:00<00:00, 124.25it/s]
Epoch 3/100: 100% 47/47 [00:00<00:00, 128.70it/s]
Epoch 4/100: 100% 47/47 [00:00<00:00, 131.01it/s]
Epoch 5/100:  21% 10/47 [00:00<00:00, 96.79it/s]{"train/step": 250, "train/loss": 0.2847207486629486}
Epoch 5/100: 100% 47/47 [00:00<00:00, 117.45it/s]
Epoch 6/100: 100% 47/47 [00:00<00:00, 123.49it/s]
Epoch 7/100: 100% 47/47 [00:00<00:00, 120.24it/s]
Epoch 8/100: 100% 47/47 [00:00<00:00, 126.99it/s]
Epoch 9/100: 100% 47/47 [00:00<00:00, 131.09it/s]
Epoch 10/100:  55% 26/47 [00:00<00:00, 126.06it/s]{"train/step": 500, "train/loss": 0.22045786678791046}
Epoch 10/100: 100% 47/47 [00:00<00:00, 118.72it/s]
{"epoch": 10, "val/mean_return": -20.0, "val/std_return": 0.0}
Epoch 11/100: 100% 47/47 [00:00<00:00, 109.75it/s]
Epoch 12/100: 100% 47/47 [00:00<00:00, 123.95it/s]
Epoch 13/100: 100% 47/47 [00:00<00:00, 128.64it/s]
Epoch 14/100: 100% 47/47 [00:00<00:00, 124.36it/s]
Epoch 15/100:  85% 40/47 [00:00<00:00, 130.20it/s]{"train/step": 750, "train/loss": 0.3205893933773041}
Epoch 15/100: 100% 47/47 [00:00<00:00, 128.59it/s]
Epoch 16/100: 100% 47/47 [00:00<00:00, 124.01it/s]
Epoch 17/100: 100% 47/47 [00:00<00:00, 121.08it/s]
Epoch 18/100: 100% 47/47 [00:00<00:00, 113.00it/s]
Epoch 19/100: 100% 47/47 [00:00<00:00, 120.37it/s]
Epoch 20/100: 100% 47/47 [00:00<00:00, 126.03it/s]
{"epoch": 20, "val/mean_return": -20.0, "val/std_return": 0.0}
Epoch 21/100:  26% 12/47 [00:00<00:00, 116.83it/s]{"train/step": 1000, "train/loss": 0.1991523653268814}
Epoch 21/100: 100% 47/47 [00:00<00:00, 123.62it/s]
Epoch 22/100: 100% 47/47 [00:00<00:00, 120.90it/s]
Epoch 23/100: 100% 47/47 [00:00<00:00, 115.07it/s]
Epoch 24/100: 100% 47/47 [00:00<00:00, 88.51it/s]
Epoch 25/100: 100% 47/47 [00:00<00:00, 91.94it/s]
Epoch 26/100:  47% 22/47 [00:00<00:00, 103.57it/s]{"train/step": 1250, "train/loss": 0.2549794316291809}
Epoch 26/100: 100% 47/47 [00:00<00:00, 98.30it/s]
Epoch 27/100: 100% 47/47 [00:00<00:00, 87.03it/s]
Epoch 28/100: 100% 47/47 [00:00<00:00, 127.35it/s]
Epoch 29/100: 100% 47/47 [00:00<00:00, 122.81it/s]
Epoch 30/100: 100% 47/47 [00:00<00:00, 129.79it/s]
{"epoch": 30, "val/mean_return": -20.0, "val/std_return": 0.0}
Epoch 31/100:  77% 36/47 [00:00<00:00, 117.12it/s]{"train/step": 1500, "train/loss": 0.3179323375225067}
Epoch 31/100: 100% 47/47 [00:00<00:00, 120.94it/s]
Epoch 32/100: 100% 47/47 [00:00<00:00, 118.38it/s]
Epoch 33/100: 100% 47/47 [00:00<00:00, 127.44it/s]
Epoch 34/100: 100% 47/47 [00:00<00:00, 132.08it/s]
Epoch 35/100: 100% 47/47 [00:00<00:00, 126.73it/s]
Epoch 36/100: 100% 47/47 [00:00<00:00, 128.58it/s]
Epoch 37/100:   0% 0/47 [00:00<?, ?it/s]{"train/step": 1750, "train/loss": 0.21719908714294434}
Epoch 37/100: 100% 47/47 [00:00<00:00, 125.24it/s]
Epoch 38/100: 100% 47/47 [00:00<00:00, 130.19it/s]
Epoch 39/100: 100% 47/47 [00:00<00:00, 129.80it/s]
Epoch 40/100: 100% 47/47 [00:00<00:00, 98.10it/s] 
{"epoch": 40, "val/mean_return": -20.0, "val/std_return": 0.0}
Epoch 41/100: 100% 47/47 [00:00<00:00, 124.69it/s]
Epoch 42/100:  53% 25/47 [00:00<00:00, 119.35it/s]{"train/step": 2000, "train/loss": 0.229410320520401}
Epoch 42/100: 100% 47/47 [00:00<00:00, 124.19it/s]
Epoch 43/100: 100% 47/47 [00:00<00:00, 127.27it/s]
Epoch 44/100: 100% 47/47 [00:00<00:00, 131.36it/s]
Epoch 45/100: 100% 47/47 [00:00<00:00, 125.27it/s]
Epoch 46/100: 100% 47/47 [00:00<00:00, 131.25it/s]
Epoch 47/100:  85% 40/47 [00:00<00:00, 131.51it/s]{"train/step": 2250, "train/loss": 0.24141283333301544}
Epoch 47/100: 100% 47/47 [00:00<00:00, 120.62it/s]
Epoch 48/100: 100% 47/47 [00:00<00:00, 128.56it/s]
Epoch 49/100: 100% 47/47 [00:00<00:00, 132.38it/s]
Epoch 50/100: 100% 47/47 [00:00<00:00, 122.77it/s]
{"epoch": 50, "val/mean_return": -20.0, "val/std_return": 0.0}
Epoch 51/100: 100% 47/47 [00:00<00:00, 123.73it/s]
Epoch 52/100: 100% 47/47 [00:00<00:00, 125.48it/s]
Epoch 53/100:   0% 0/47 [00:00<?, ?it/s]{"train/step": 2500, "train/loss": 0.22390735149383545}
Epoch 53/100: 100% 47/47 [00:00<00:00, 130.99it/s]
Epoch 54/100: 100% 47/47 [00:00<00:00, 125.17it/s]
Epoch 55/100: 100% 47/47 [00:00<00:00, 122.26it/s]
Epoch 56/100: 100% 47/47 [00:00<00:00, 124.44it/s]
Epoch 57/100: 100% 47/47 [00:00<00:00, 111.51it/s]
Epoch 58/100:  28% 13/47 [00:00<00:00, 118.24it/s]{"train/step": 2750, "train/loss": 0.16837456822395325}
Epoch 58/100: 100% 47/47 [00:00<00:00, 130.74it/s]
Epoch 59/100: 100% 47/47 [00:00<00:00, 120.64it/s]
Epoch 60/100: 100% 47/47 [00:00<00:00, 126.37it/s]
{"epoch": 60, "val/mean_return": -20.0, "val/std_return": 0.0}
Epoch 61/100: 100% 47/47 [00:00<00:00, 102.37it/s]
Epoch 62/100: 100% 47/47 [00:00<00:00, 90.55it/s]
Epoch 63/100:  77% 36/47 [00:00<00:00, 84.56it/s]{"train/step": 3000, "train/loss": 0.1883438676595688}
Epoch 63/100: 100% 47/47 [00:00<00:00, 91.47it/s]
Epoch 64/100: 100% 47/47 [00:00<00:00, 124.52it/s]
Epoch 65/100: 100% 47/47 [00:00<00:00, 129.68it/s]
Epoch 66/100: 100% 47/47 [00:00<00:00, 130.46it/s]
Epoch 67/100: 100% 47/47 [00:00<00:00, 115.13it/s]
Epoch 68/100: 100% 47/47 [00:00<00:00, 133.49it/s]
Epoch 69/100:   0% 0/47 [00:00<?, ?it/s]{"train/step": 3250, "train/loss": 0.20155560970306396}
Epoch 69/100: 100% 47/47 [00:00<00:00, 131.61it/s]
Epoch 70/100: 100% 47/47 [00:00<00:00, 122.97it/s]
{"epoch": 70, "val/mean_return": -20.0, "val/std_return": 0.0}
Epoch 71/100: 100% 47/47 [00:00<00:00, 123.53it/s]
Epoch 72/100: 100% 47/47 [00:00<00:00, 128.11it/s]
Epoch 73/100: 100% 47/47 [00:00<00:00, 129.74it/s]
Epoch 74/100:  28% 13/47 [00:00<00:00, 120.14it/s]{"train/step": 3500, "train/loss": 0.25319164991378784}
Epoch 74/100: 100% 47/47 [00:00<00:00, 131.22it/s]
Epoch 75/100: 100% 47/47 [00:00<00:00, 123.62it/s]
Epoch 76/100: 100% 47/47 [00:00<00:00, 111.87it/s]
Epoch 77/100: 100% 47/47 [00:00<00:00, 91.88it/s]
Epoch 78/100: 100% 47/47 [00:00<00:00, 92.51it/s]
Epoch 79/100:  66% 31/47 [00:00<00:00, 91.86it/s]{"train/step": 3750, "train/loss": 0.2836478650569916}
Epoch 79/100: 100% 47/47 [00:00<00:00, 92.54it/s]
Epoch 80/100: 100% 47/47 [00:00<00:00, 83.12it/s]
{"epoch": 80, "val/mean_return": -20.0, "val/std_return": 0.0}
Epoch 81/100: 100% 47/47 [00:00<00:00, 122.10it/s]
Epoch 82/100: 100% 47/47 [00:00<00:00, 117.72it/s]
Epoch 83/100: 100% 47/47 [00:00<00:00, 132.80it/s]
Epoch 84/100: 100% 47/47 [00:00<00:00, 128.52it/s]
Epoch 85/100:   0% 0/47 [00:00<?, ?it/s]{"train/step": 4000, "train/loss": 0.21908001601696014}
Epoch 85/100: 100% 47/47 [00:00<00:00, 121.20it/s]
Epoch 86/100: 100% 47/47 [00:00<00:00, 128.78it/s]
Epoch 87/100: 100% 47/47 [00:00<00:00, 129.12it/s]
Epoch 88/100: 100% 47/47 [00:00<00:00, 124.53it/s]
Epoch 89/100: 100% 47/47 [00:00<00:00, 125.80it/s]
Epoch 90/100:  30% 14/47 [00:00<00:00, 132.41it/s]{"train/step": 4250, "train/loss": 0.2222684919834137}
Epoch 90/100: 100% 47/47 [00:00<00:00, 118.71it/s]
{"epoch": 90, "val/mean_return": -20.0, "val/std_return": 0.0}
Epoch 91/100: 100% 47/47 [00:00<00:00, 121.01it/s]
Epoch 92/100: 100% 47/47 [00:00<00:00, 123.25it/s]
Epoch 93/100: 100% 47/47 [00:00<00:00, 129.24it/s]
Epoch 94/100: 100% 47/47 [00:00<00:00, 123.37it/s]
Epoch 95/100:  51% 24/47 [00:00<00:00, 114.68it/s]{"train/step": 4500, "train/loss": 0.2290744036436081}
Epoch 95/100: 100% 47/47 [00:00<00:00, 118.31it/s]
Epoch 96/100: 100% 47/47 [00:00<00:00, 128.41it/s]
Epoch 97/100: 100% 47/47 [00:00<00:00, 127.13it/s]
Epoch 98/100: 100% 47/47 [00:00<00:00, 129.15it/s]
Epoch 99/100: 100% 47/47 [00:00<00:00, 128.77it/s]
Epoch 100/100: 100% 47/47 [00:00<00:00, 121.49it/s]
{"epoch": 100, "val/mean_return": -20.0, "val/std_return": 0.0}
--- Finished: Variant=no_routing, Env=MountainCar-v0, Seed=0 (Success) ---

--- [112/140] Running: Variant=no_routing, Env=MountainCar-v0, Seed=1 ---
{"train/param_count": 398089}
Epoch 1/100: 100% 47/47 [00:00<00:00, 66.37it/s]
Epoch 2/100: 100% 47/47 [00:00<00:00, 126.28it/s]
Epoch 3/100: 100% 47/47 [00:00<00:00, 124.13it/s]
Epoch 4/100: 100% 47/47 [00:00<00:00, 130.88it/s]
Epoch 5/100:  30% 14/47 [00:00<00:00, 137.51it/s]{"train/step": 250, "train/loss": 0.30746230483055115}
Epoch 5/100: 100% 47/47 [00:00<00:00, 126.73it/s]
Epoch 6/100: 100% 47/47 [00:00<00:00, 125.13it/s]
Epoch 7/100: 100% 47/47 [00:00<00:00, 130.18it/s]
Epoch 8/100: 100% 47/47 [00:00<00:00, 120.59it/s]
Epoch 9/100: 100% 47/47 [00:00<00:00, 129.44it/s]
Epoch 10/100:  60% 28/47 [00:00<00:00, 123.38it/s]{"train/step": 500, "train/loss": 0.269508421421051}
Epoch 10/100: 100% 47/47 [00:00<00:00, 128.65it/s]
{"epoch": 10, "val/mean_return": -20.0, "val/std_return": 0.0}
Epoch 11/100: 100% 47/47 [00:00<00:00, 125.77it/s]
Epoch 12/100: 100% 47/47 [00:00<00:00, 125.83it/s]
Epoch 13/100: 100% 47/47 [00:00<00:00, 126.79it/s]
Epoch 14/100: 100% 47/47 [00:00<00:00, 127.94it/s]
Epoch 15/100:  85% 40/47 [00:00<00:00, 124.01it/s]{"train/step": 750, "train/loss": 0.21504023671150208}
Epoch 15/100: 100% 47/47 [00:00<00:00, 120.59it/s]
Epoch 16/100: 100% 47/47 [00:00<00:00, 128.71it/s]
Epoch 17/100: 100% 47/47 [00:00<00:00, 129.39it/s]
Epoch 18/100: 100% 47/47 [00:00<00:00, 124.07it/s]
Epoch 19/100: 100% 47/47 [00:00<00:00, 122.49it/s]
Epoch 20/100: 100% 47/47 [00:00<00:00, 117.93it/s]
{"epoch": 20, "val/mean_return": -20.0, "val/std_return": 0.0}
Epoch 21/100:  23% 11/47 [00:00<00:00, 103.92it/s]{"train/step": 1000, "train/loss": 0.23455289006233215}
Epoch 21/100: 100% 47/47 [00:00<00:00, 93.30it/s]
Epoch 22/100: 100% 47/47 [00:00<00:00, 99.71it/s] 
Epoch 23/100: 100% 47/47 [00:00<00:00, 124.28it/s]
Epoch 24/100: 100% 47/47 [00:00<00:00, 130.16it/s]
Epoch 25/100: 100% 47/47 [00:00<00:00, 125.76it/s]
Epoch 26/100:  55% 26/47 [00:00<00:00, 126.06it/s]{"train/step": 1250, "train/loss": 0.25042924284935}
Epoch 26/100: 100% 47/47 [00:00<00:00, 123.02it/s]
Epoch 27/100: 100% 47/47 [00:00<00:00, 126.81it/s]
Epoch 28/100: 100% 47/47 [00:00<00:00, 122.33it/s]
Epoch 29/100: 100% 47/47 [00:00<00:00, 121.66it/s]
Epoch 30/100: 100% 47/47 [00:00<00:00, 129.31it/s]
{"epoch": 30, "val/mean_return": -20.0, "val/std_return": 0.0}
Epoch 31/100:  77% 36/47 [00:00<00:00, 112.27it/s]{"train/step": 1500, "train/loss": 0.2276279479265213}
Epoch 31/100: 100% 47/47 [00:00<00:00, 115.49it/s]
Epoch 32/100: 100% 47/47 [00:00<00:00, 125.88it/s]
Epoch 33/100: 100% 47/47 [00:00<00:00, 117.86it/s]
Epoch 34/100: 100% 47/47 [00:00<00:00, 125.10it/s]
Epoch 35/100: 100% 47/47 [00:00<00:00, 85.03it/s]
Epoch 36/100: 100% 47/47 [00:00<00:00, 81.07it/s]
Epoch 37/100:  19% 9/47 [00:00<00:00, 82.01it/s]{"train/step": 1750, "train/loss": 0.23054516315460205}
Epoch 37/100: 100% 47/47 [00:00<00:00, 85.69it/s]
Epoch 38/100: 100% 47/47 [00:00<00:00, 81.08it/s]
Epoch 39/100: 100% 47/47 [00:00<00:00, 121.18it/s]
Epoch 40/100: 100% 47/47 [00:00<00:00, 125.54it/s]
{"epoch": 40, "val/mean_return": -20.0, "val/std_return": 0.0}
Epoch 41/100: 100% 47/47 [00:00<00:00, 120.56it/s]
Epoch 42/100:  55% 26/47 [00:00<00:00, 125.82it/s]{"train/step": 2000, "train/loss": 0.20181205868721008}
Epoch 42/100: 100% 47/47 [00:00<00:00, 123.21it/s]
Epoch 43/100: 100% 47/47 [00:00<00:00, 126.71it/s]
Epoch 44/100: 100% 47/47 [00:00<00:00, 132.01it/s]
Epoch 45/100: 100% 47/47 [00:00<00:00, 126.44it/s]
Epoch 46/100: 100% 47/47 [00:00<00:00, 133.85it/s]
Epoch 47/100:  62% 29/47 [00:00<00:00, 126.53it/s]{"train/step": 2250, "train/loss": 0.2767430543899536}
Epoch 47/100: 100% 47/47 [00:00<00:00, 127.75it/s]
Epoch 48/100: 100% 47/47 [00:00<00:00, 112.91it/s]
Epoch 49/100: 100% 47/47 [00:00<00:00, 124.49it/s]
Epoch 50/100: 100% 47/47 [00:00<00:00, 123.77it/s]
{"epoch": 50, "val/mean_return": -20.0, "val/std_return": 0.0}
Epoch 51/100: 100% 47/47 [00:00<00:00, 124.83it/s]
Epoch 52/100: 100% 47/47 [00:00<00:00, 126.82it/s]
Epoch 53/100:   0% 0/47 [00:00<?, ?it/s]{"train/step": 2500, "train/loss": 0.27219057083129883}
Epoch 53/100: 100% 47/47 [00:00<00:00, 124.50it/s]
Epoch 54/100: 100% 47/47 [00:00<00:00, 129.91it/s]
Epoch 55/100: 100% 47/47 [00:00<00:00, 121.07it/s]
Epoch 56/100: 100% 47/47 [00:00<00:00, 127.39it/s]
Epoch 57/100: 100% 47/47 [00:00<00:00, 125.82it/s]
Epoch 58/100:  51% 24/47 [00:00<00:00, 112.79it/s]{"train/step": 2750, "train/loss": 0.234148308634758}
Epoch 58/100: 100% 47/47 [00:00<00:00, 116.98it/s]
Epoch 59/100: 100% 47/47 [00:00<00:00, 126.89it/s]
Epoch 60/100: 100% 47/47 [00:00<00:00, 127.26it/s]
{"epoch": 60, "val/mean_return": -20.0, "val/std_return": 0.0}
Epoch 61/100: 100% 47/47 [00:00<00:00, 124.13it/s]
Epoch 62/100: 100% 47/47 [00:00<00:00, 118.74it/s]
Epoch 63/100:  57% 27/47 [00:00<00:00, 130.76it/s]{"train/step": 3000, "train/loss": 0.23376379907131195}
Epoch 63/100: 100% 47/47 [00:00<00:00, 126.55it/s]
Epoch 64/100: 100% 47/47 [00:00<00:00, 125.80it/s]
Epoch 65/100: 100% 47/47 [00:00<00:00, 118.65it/s]
Epoch 66/100: 100% 47/47 [00:00<00:00, 128.76it/s]
Epoch 67/100: 100% 47/47 [00:00<00:00, 128.28it/s]
Epoch 68/100: 100% 47/47 [00:00<00:00, 119.07it/s]
Epoch 69/100:   0% 0/47 [00:00<?, ?it/s]{"train/step": 3250, "train/loss": 0.21245253086090088}
Epoch 69/100: 100% 47/47 [00:00<00:00, 128.11it/s]
Epoch 70/100: 100% 47/47 [00:00<00:00, 129.96it/s]
{"epoch": 70, "val/mean_return": -20.0, "val/std_return": 0.0}
Epoch 71/100: 100% 47/47 [00:00<00:00, 87.90it/s]
Epoch 72/100: 100% 47/47 [00:00<00:00, 88.41it/s]
Epoch 73/100: 100% 47/47 [00:00<00:00, 83.48it/s]
Epoch 74/100:  38% 18/47 [00:00<00:00, 86.83it/s]{"train/step": 3500, "train/loss": 0.25376319885253906}
Epoch 74/100: 100% 47/47 [00:00<00:00, 95.07it/s]
Epoch 75/100: 100% 47/47 [00:00<00:00, 119.62it/s]
Epoch 76/100: 100% 47/47 [00:00<00:00, 123.60it/s]
Epoch 77/100: 100% 47/47 [00:00<00:00, 120.37it/s]
Epoch 78/100: 100% 47/47 [00:00<00:00, 126.80it/s]
Epoch 79/100:  55% 26/47 [00:00<00:00, 124.68it/s]{"train/step": 3750, "train/loss": 0.21514081954956055}
Epoch 79/100: 100% 47/47 [00:00<00:00, 126.26it/s]
Epoch 80/100: 100% 47/47 [00:00<00:00, 121.84it/s]
{"epoch": 80, "val/mean_return": -20.0, "val/std_return": 0.0}
Epoch 81/100: 100% 47/47 [00:00<00:00, 119.64it/s]
Epoch 82/100: 100% 47/47 [00:00<00:00, 120.80it/s]
Epoch 83/100: 100% 47/47 [00:00<00:00, 126.01it/s]
Epoch 84/100: 100% 47/47 [00:00<00:00, 130.10it/s]
Epoch 85/100:   0% 0/47 [00:00<?, ?it/s]{"train/step": 4000, "train/loss": 0.20952239632606506}
Epoch 85/100: 100% 47/47 [00:00<00:00, 120.84it/s]
Epoch 86/100: 100% 47/47 [00:00<00:00, 128.65it/s]
Epoch 87/100: 100% 47/47 [00:00<00:00, 93.79it/s]
Epoch 88/100: 100% 47/47 [00:00<00:00, 95.20it/s]
Epoch 89/100: 100% 47/47 [00:00<00:00, 101.27it/s]
Epoch 90/100:  23% 11/47 [00:00<00:00, 97.18it/s]{"train/step": 4250, "train/loss": 0.2566286027431488}
Epoch 90/100: 100% 47/47 [00:00<00:00, 83.71it/s]
{"epoch": 90, "val/mean_return": -20.0, "val/std_return": 0.0}
Epoch 91/100: 100% 47/47 [00:00<00:00, 123.41it/s]
Epoch 92/100: 100% 47/47 [00:00<00:00, 118.98it/s]
Epoch 93/100: 100% 47/47 [00:00<00:00, 128.02it/s]
Epoch 94/100: 100% 47/47 [00:00<00:00, 128.14it/s]
Epoch 95/100:  57% 27/47 [00:00<00:00, 115.31it/s]{"train/step": 4500, "train/loss": 0.2497815638780594}
Epoch 95/100: 100% 47/47 [00:00<00:00, 119.55it/s]
Epoch 96/100: 100% 47/47 [00:00<00:00, 127.71it/s]
Epoch 97/100: 100% 47/47 [00:00<00:00, 120.91it/s]
Epoch 98/100: 100% 47/47 [00:00<00:00, 129.49it/s]
Epoch 99/100: 100% 47/47 [00:00<00:00, 124.91it/s]
Epoch 100/100: 100% 47/47 [00:00<00:00, 121.11it/s]
{"epoch": 100, "val/mean_return": -20.0, "val/std_return": 0.0}
--- Finished: Variant=no_routing, Env=MountainCar-v0, Seed=1 (Success) ---

--- [113/140] Running: Variant=no_routing, Env=MountainCar-v0, Seed=2 ---
{"train/param_count": 398089}
Epoch 1/100: 100% 47/47 [00:00<00:00, 65.92it/s]
Epoch 2/100: 100% 47/47 [00:00<00:00, 127.56it/s]
Epoch 3/100: 100% 47/47 [00:00<00:00, 121.10it/s]
Epoch 4/100: 100% 47/47 [00:00<00:00, 125.98it/s]
Epoch 5/100:  30% 14/47 [00:00<00:00, 137.12it/s]{"train/step": 250, "train/loss": 0.2799210548400879}
Epoch 5/100: 100% 47/47 [00:00<00:00, 124.97it/s]
Epoch 6/100: 100% 47/47 [00:00<00:00, 126.79it/s]
Epoch 7/100: 100% 47/47 [00:00<00:00, 128.73it/s]
Epoch 8/100: 100% 47/47 [00:00<00:00, 124.34it/s]
Epoch 9/100: 100% 47/47 [00:00<00:00, 125.75it/s]
Epoch 10/100:  60% 28/47 [00:00<00:00, 106.27it/s]{"train/step": 500, "train/loss": 0.20750728249549866}
Epoch 10/100: 100% 47/47 [00:00<00:00, 96.39it/s]
{"epoch": 10, "val/mean_return": -20.0, "val/std_return": 0.0}
Epoch 11/100: 100% 47/47 [00:00<00:00, 122.60it/s]
Epoch 12/100: 100% 47/47 [00:00<00:00, 120.53it/s]
Epoch 13/100: 100% 47/47 [00:00<00:00, 129.70it/s]
Epoch 14/100: 100% 47/47 [00:00<00:00, 128.70it/s]
Epoch 15/100:  87% 41/47 [00:00<00:00, 119.74it/s]{"train/step": 750, "train/loss": 0.3023553788661957}
Epoch 15/100: 100% 47/47 [00:00<00:00, 120.08it/s]
Epoch 16/100: 100% 47/47 [00:00<00:00, 129.76it/s]
Epoch 17/100: 100% 47/47 [00:00<00:00, 125.97it/s]
Epoch 18/100: 100% 47/47 [00:00<00:00, 124.94it/s]
Epoch 19/100: 100% 47/47 [00:00<00:00, 122.43it/s]
Epoch 20/100: 100% 47/47 [00:00<00:00, 124.88it/s]
{"epoch": 20, "val/mean_return": -20.0, "val/std_return": 0.0}
Epoch 21/100:  26% 12/47 [00:00<00:00, 117.87it/s]{"train/step": 1000, "train/loss": 0.20366986095905304}
Epoch 21/100: 100% 47/47 [00:00<00:00, 120.05it/s]
Epoch 22/100: 100% 47/47 [00:00<00:00, 120.39it/s]
Epoch 23/100: 100% 47/47 [00:00<00:00, 130.10it/s]
Epoch 24/100: 100% 47/47 [00:00<00:00, 130.10it/s]
Epoch 25/100: 100% 47/47 [00:00<00:00, 126.43it/s]
Epoch 26/100:  60% 28/47 [00:00<00:00, 133.64it/s]{"train/step": 1250, "train/loss": 0.2603223919868469}
Epoch 26/100: 100% 47/47 [00:00<00:00, 128.92it/s]
Epoch 27/100: 100% 47/47 [00:00<00:00, 130.29it/s]
Epoch 28/100: 100% 47/47 [00:00<00:00, 124.72it/s]
Epoch 29/100: 100% 47/47 [00:00<00:00, 119.00it/s]
Epoch 30/100: 100% 47/47 [00:00<00:00, 120.77it/s]
{"epoch": 30, "val/mean_return": -20.0, "val/std_return": 0.0}
Epoch 31/100:  91% 43/47 [00:00<00:00, 103.52it/s]{"train/step": 1500, "train/loss": 0.253282368183136}
Epoch 31/100: 100% 47/47 [00:00<00:00, 100.59it/s]
Epoch 32/100: 100% 47/47 [00:00<00:00, 83.23it/s]
Epoch 33/100: 100% 47/47 [00:00<00:00, 101.21it/s]
Epoch 34/100: 100% 47/47 [00:00<00:00, 126.35it/s]
Epoch 35/100: 100% 47/47 [00:00<00:00, 124.55it/s]
Epoch 36/100: 100% 47/47 [00:00<00:00, 129.48it/s]
Epoch 37/100:   0% 0/47 [00:00<?, ?it/s]{"train/step": 1750, "train/loss": 0.22115980088710785}
Epoch 37/100: 100% 47/47 [00:00<00:00, 126.95it/s]
Epoch 38/100: 100% 47/47 [00:00<00:00, 124.27it/s]
Epoch 39/100: 100% 47/47 [00:00<00:00, 131.01it/s]
Epoch 40/100: 100% 47/47 [00:00<00:00, 116.77it/s]
{"epoch": 40, "val/mean_return": -20.0, "val/std_return": 0.0}
Epoch 41/100: 100% 47/47 [00:00<00:00, 123.23it/s]
Epoch 42/100:  30% 14/47 [00:00<00:00, 135.65it/s]{"train/step": 2000, "train/loss": 0.3125677704811096}
Epoch 42/100: 100% 47/47 [00:00<00:00, 128.42it/s]
Epoch 43/100: 100% 47/47 [00:00<00:00, 120.60it/s]
Epoch 44/100: 100% 47/47 [00:00<00:00, 130.79it/s]
Epoch 45/100: 100% 47/47 [00:00<00:00, 124.41it/s]
Epoch 46/100: 100% 47/47 [00:00<00:00, 86.33it/s]
Epoch 47/100:  85% 40/47 [00:00<00:00, 98.50it/s]{"train/step": 2250, "train/loss": 0.18177345395088196}
Epoch 47/100: 100% 47/47 [00:00<00:00, 97.66it/s]
Epoch 48/100: 100% 47/47 [00:00<00:00, 96.94it/s]
Epoch 49/100: 100% 47/47 [00:00<00:00, 77.47it/s]
Epoch 50/100: 100% 47/47 [00:00<00:00, 100.46it/s]
{"epoch": 50, "val/mean_return": -20.0, "val/std_return": 0.0}
Epoch 51/100: 100% 47/47 [00:00<00:00, 120.51it/s]
Epoch 52/100: 100% 47/47 [00:00<00:00, 124.55it/s]
Epoch 53/100:   0% 0/47 [00:00<?, ?it/s]{"train/step": 2500, "train/loss": 0.19656328856945038}
Epoch 53/100: 100% 47/47 [00:00<00:00, 127.04it/s]
Epoch 54/100: 100% 47/47 [00:00<00:00, 127.57it/s]
Epoch 55/100: 100% 47/47 [00:00<00:00, 126.28it/s]
Epoch 56/100: 100% 47/47 [00:00<00:00, 127.39it/s]
Epoch 57/100: 100% 47/47 [00:00<00:00, 129.07it/s]
Epoch 58/100:  28% 13/47 [00:00<00:00, 129.60it/s]{"train/step": 2750, "train/loss": 0.2662869095802307}
Epoch 58/100: 100% 47/47 [00:00<00:00, 126.76it/s]
Epoch 59/100: 100% 47/47 [00:00<00:00, 127.12it/s]
Epoch 60/100: 100% 47/47 [00:00<00:00, 129.49it/s]
{"epoch": 60, "val/mean_return": -20.0, "val/std_return": 0.0}
Epoch 61/100: 100% 47/47 [00:00<00:00, 122.67it/s]
Epoch 62/100: 100% 47/47 [00:00<00:00, 128.69it/s]
Epoch 63/100:  55% 26/47 [00:00<00:00, 131.17it/s]{"train/step": 3000, "train/loss": 0.2117598056793213}
Epoch 63/100: 100% 47/47 [00:00<00:00, 129.20it/s]
Epoch 64/100: 100% 47/47 [00:00<00:00, 133.03it/s]
Epoch 65/100: 100% 47/47 [00:00<00:00, 128.78it/s]
Epoch 66/100: 100% 47/47 [00:00<00:00, 132.36it/s]
Epoch 67/100: 100% 47/47 [00:00<00:00, 117.01it/s]
Epoch 68/100: 100% 47/47 [00:00<00:00, 124.18it/s]
Epoch 69/100:   0% 0/47 [00:00<?, ?it/s]{"train/step": 3250, "train/loss": 0.20698712766170502}
Epoch 69/100: 100% 47/47 [00:00<00:00, 130.57it/s]
Epoch 70/100: 100% 47/47 [00:00<00:00, 132.04it/s]
{"epoch": 70, "val/mean_return": -20.0, "val/std_return": 0.0}
Epoch 71/100: 100% 47/47 [00:00<00:00, 124.46it/s]
Epoch 72/100: 100% 47/47 [00:00<00:00, 131.47it/s]
Epoch 73/100: 100% 47/47 [00:00<00:00, 120.95it/s]
Epoch 74/100:  28% 13/47 [00:00<00:00, 121.26it/s]{"train/step": 3500, "train/loss": 0.16932368278503418}
Epoch 74/100: 100% 47/47 [00:00<00:00, 129.99it/s]
Epoch 75/100: 100% 47/47 [00:00<00:00, 131.75it/s]
Epoch 76/100: 100% 47/47 [00:00<00:00, 124.23it/s]
Epoch 77/100: 100% 47/47 [00:00<00:00, 127.44it/s]
Epoch 78/100: 100% 47/47 [00:00<00:00, 127.14it/s]
Epoch 79/100:  60% 28/47 [00:00<00:00, 125.60it/s]{"train/step": 3750, "train/loss": 0.21688099205493927}
Epoch 79/100: 100% 47/47 [00:00<00:00, 131.12it/s]
Epoch 80/100: 100% 47/47 [00:00<00:00, 129.89it/s]
{"epoch": 80, "val/mean_return": -20.0, "val/std_return": 0.0}
Epoch 81/100: 100% 47/47 [00:00<00:00, 114.68it/s]
Epoch 82/100: 100% 47/47 [00:00<00:00, 121.47it/s]
Epoch 83/100: 100% 47/47 [00:00<00:00, 91.50it/s]
Epoch 84/100: 100% 47/47 [00:00<00:00, 98.60it/s]
Epoch 85/100:   0% 0/47 [00:00<?, ?it/s]{"train/step": 4000, "train/loss": 0.27542218565940857}
Epoch 85/100: 100% 47/47 [00:00<00:00, 96.94it/s]
Epoch 86/100: 100% 47/47 [00:00<00:00, 81.91it/s]
Epoch 87/100: 100% 47/47 [00:00<00:00, 121.31it/s]
Epoch 88/100: 100% 47/47 [00:00<00:00, 127.17it/s]
Epoch 89/100: 100% 47/47 [00:00<00:00, 130.42it/s]
Epoch 90/100:  26% 12/47 [00:00<00:00, 117.21it/s]{"train/step": 4250, "train/loss": 0.23510299623012543}
Epoch 90/100: 100% 47/47 [00:00<00:00, 127.40it/s]
{"epoch": 90, "val/mean_return": -20.0, "val/std_return": 0.0}
Epoch 91/100: 100% 47/47 [00:00<00:00, 120.38it/s]
Epoch 92/100: 100% 47/47 [00:00<00:00, 130.46it/s]
Epoch 93/100: 100% 47/47 [00:00<00:00, 132.67it/s]
Epoch 94/100: 100% 47/47 [00:00<00:00, 126.84it/s]
Epoch 95/100:  60% 28/47 [00:00<00:00, 125.98it/s]{"train/step": 4500, "train/loss": 0.202439546585083}
Epoch 95/100: 100% 47/47 [00:00<00:00, 128.55it/s]
Epoch 96/100: 100% 47/47 [00:00<00:00, 130.16it/s]
Epoch 97/100: 100% 47/47 [00:00<00:00, 126.31it/s]
Epoch 98/100: 100% 47/47 [00:00<00:00, 133.48it/s]
Epoch 99/100: 100% 47/47 [00:00<00:00, 129.19it/s]
Epoch 100/100: 100% 47/47 [00:00<00:00, 96.27it/s]
{"epoch": 100, "val/mean_return": -20.0, "val/std_return": 0.0}
--- Finished: Variant=no_routing, Env=MountainCar-v0, Seed=2 (Success) ---

--- [114/140] Running: Variant=no_routing, Env=MountainCar-v0, Seed=3 ---
{"train/param_count": 398089}
Epoch 1/100: 100% 47/47 [00:00<00:00, 65.68it/s]
Epoch 2/100: 100% 47/47 [00:00<00:00, 124.74it/s]
Epoch 3/100: 100% 47/47 [00:00<00:00, 129.46it/s]
Epoch 4/100: 100% 47/47 [00:00<00:00, 128.50it/s]
Epoch 5/100:  28% 13/47 [00:00<00:00, 128.64it/s]{"train/step": 250, "train/loss": 0.3066716194152832}
Epoch 5/100: 100% 47/47 [00:00<00:00, 122.75it/s]
Epoch 6/100: 100% 47/47 [00:00<00:00, 124.37it/s]
Epoch 7/100: 100% 47/47 [00:00<00:00, 91.06it/s]
Epoch 8/100: 100% 47/47 [00:00<00:00, 88.23it/s]
Epoch 9/100: 100% 47/47 [00:00<00:00, 102.62it/s]
Epoch 10/100:  55% 26/47 [00:00<00:00, 88.01it/s]{"train/step": 500, "train/loss": 0.19022716581821442}
Epoch 10/100: 100% 47/47 [00:00<00:00, 83.11it/s]
{"epoch": 10, "val/mean_return": -20.0, "val/std_return": 0.0}
Epoch 11/100: 100% 47/47 [00:00<00:00, 116.20it/s]
Epoch 12/100: 100% 47/47 [00:00<00:00, 129.75it/s]
Epoch 13/100: 100% 47/47 [00:00<00:00, 131.17it/s]
Epoch 14/100: 100% 47/47 [00:00<00:00, 126.29it/s]
Epoch 15/100:  85% 40/47 [00:00<00:00, 130.50it/s]{"train/step": 750, "train/loss": 0.24329903721809387}
Epoch 15/100: 100% 47/47 [00:00<00:00, 130.28it/s]
Epoch 16/100: 100% 47/47 [00:00<00:00, 125.67it/s]
Epoch 17/100: 100% 47/47 [00:00<00:00, 125.14it/s]
Epoch 18/100: 100% 47/47 [00:00<00:00, 132.38it/s]
Epoch 19/100: 100% 47/47 [00:00<00:00, 122.18it/s]
Epoch 20/100: 100% 47/47 [00:00<00:00, 122.37it/s]
{"epoch": 20, "val/mean_return": -20.0, "val/std_return": 0.0}
Epoch 21/100:  26% 12/47 [00:00<00:00, 116.49it/s]{"train/step": 1000, "train/loss": 0.23062096536159515}
Epoch 21/100: 100% 47/47 [00:00<00:00, 114.31it/s]
Epoch 22/100: 100% 47/47 [00:00<00:00, 125.27it/s]
Epoch 23/100: 100% 47/47 [00:00<00:00, 128.97it/s]
Epoch 24/100: 100% 47/47 [00:00<00:00, 126.82it/s]
Epoch 25/100: 100% 47/47 [00:00<00:00, 124.19it/s]
Epoch 26/100:  60% 28/47 [00:00<00:00, 134.99it/s]{"train/step": 1250, "train/loss": 0.2704082131385803}
Epoch 26/100: 100% 47/47 [00:00<00:00, 129.26it/s]
Epoch 27/100: 100% 47/47 [00:00<00:00, 125.37it/s]
Epoch 28/100: 100% 47/47 [00:00<00:00, 122.45it/s]
Epoch 29/100: 100% 47/47 [00:00<00:00, 115.81it/s]
Epoch 30/100: 100% 47/47 [00:00<00:00, 126.11it/s]
{"epoch": 30, "val/mean_return": -20.0, "val/std_return": 0.0}
Epoch 31/100:  77% 36/47 [00:00<00:00, 113.83it/s]{"train/step": 1500, "train/loss": 0.23471908271312714}
Epoch 31/100: 100% 47/47 [00:00<00:00, 117.69it/s]
Epoch 32/100: 100% 47/47 [00:00<00:00, 130.15it/s]
Epoch 33/100: 100% 47/47 [00:00<00:00, 131.17it/s]
Epoch 34/100: 100% 47/47 [00:00<00:00, 120.62it/s]
Epoch 35/100: 100% 47/47 [00:00<00:00, 129.72it/s]
Epoch 36/100: 100% 47/47 [00:00<00:00, 127.04it/s]
Epoch 37/100:   0% 0/47 [00:00<?, ?it/s]{"train/step": 1750, "train/loss": 0.20630554854869843}
Epoch 37/100: 100% 47/47 [00:00<00:00, 120.34it/s]
Epoch 38/100: 100% 47/47 [00:00<00:00, 129.64it/s]
Epoch 39/100: 100% 47/47 [00:00<00:00, 123.32it/s]
Epoch 40/100: 100% 47/47 [00:00<00:00, 127.73it/s]
{"epoch": 40, "val/mean_return": -20.0, "val/std_return": 0.0}
Epoch 41/100: 100% 47/47 [00:00<00:00, 117.74it/s]
Epoch 42/100:  43% 20/47 [00:00<00:00, 83.05it/s]{"train/step": 2000, "train/loss": 0.3100954294204712}
Epoch 42/100: 100% 47/47 [00:00<00:00, 88.39it/s]
Epoch 43/100: 100% 47/47 [00:00<00:00, 92.46it/s]
Epoch 44/100: 100% 47/47 [00:00<00:00, 92.27it/s]
Epoch 45/100: 100% 47/47 [00:00<00:00, 79.59it/s]
Epoch 46/100: 100% 47/47 [00:00<00:00, 123.96it/s]
Epoch 47/100:  60% 28/47 [00:00<00:00, 124.13it/s]{"train/step": 2250, "train/loss": 0.24674561619758606}
Epoch 47/100: 100% 47/47 [00:00<00:00, 130.39it/s]
Epoch 48/100: 100% 47/47 [00:00<00:00, 126.62it/s]
Epoch 49/100: 100% 47/47 [00:00<00:00, 130.92it/s]
Epoch 50/100: 100% 47/47 [00:00<00:00, 125.29it/s]
{"epoch": 50, "val/mean_return": -20.0, "val/std_return": 0.0}
Epoch 51/100: 100% 47/47 [00:00<00:00, 117.87it/s]
Epoch 52/100: 100% 47/47 [00:00<00:00, 130.43it/s]
Epoch 53/100:   0% 0/47 [00:00<?, ?it/s]{"train/step": 2500, "train/loss": 0.23277895152568817}
Epoch 53/100: 100% 47/47 [00:00<00:00, 127.26it/s]
Epoch 54/100: 100% 47/47 [00:00<00:00, 129.43it/s]
Epoch 55/100: 100% 47/47 [00:00<00:00, 127.72it/s]
Epoch 56/100: 100% 47/47 [00:00<00:00, 125.47it/s]
Epoch 57/100: 100% 47/47 [00:00<00:00, 122.74it/s]
Epoch 58/100:  28% 13/47 [00:00<00:00, 121.47it/s]{"train/step": 2750, "train/loss": 0.22933118045330048}
Epoch 58/100: 100% 47/47 [00:00<00:00, 106.77it/s]
Epoch 59/100: 100% 47/47 [00:00<00:00, 90.34it/s]
Epoch 60/100: 100% 47/47 [00:00<00:00, 96.94it/s]
{"epoch": 60, "val/mean_return": -20.0, "val/std_return": 0.0}
Epoch 61/100: 100% 47/47 [00:00<00:00, 127.93it/s]
Epoch 62/100: 100% 47/47 [00:00<00:00, 128.73it/s]
Epoch 63/100:  55% 26/47 [00:00<00:00, 115.54it/s]{"train/step": 3000, "train/loss": 0.19067975878715515}
Epoch 63/100: 100% 47/47 [00:00<00:00, 122.52it/s]
Epoch 64/100: 100% 47/47 [00:00<00:00, 122.72it/s]
Epoch 65/100: 100% 47/47 [00:00<00:00, 125.73it/s]
Epoch 66/100: 100% 47/47 [00:00<00:00, 118.35it/s]
Epoch 67/100: 100% 47/47 [00:00<00:00, 128.55it/s]
Epoch 68/100: 100% 47/47 [00:00<00:00, 125.78it/s]
Epoch 69/100:   0% 0/47 [00:00<?, ?it/s]{"train/step": 3250, "train/loss": 0.28525716066360474}
Epoch 69/100: 100% 47/47 [00:00<00:00, 127.87it/s]
Epoch 70/100: 100% 47/47 [00:00<00:00, 130.08it/s]
{"epoch": 70, "val/mean_return": -20.0, "val/std_return": 0.0}
Epoch 71/100: 100% 47/47 [00:00<00:00, 124.58it/s]
Epoch 72/100: 100% 47/47 [00:00<00:00, 125.05it/s]
Epoch 73/100: 100% 47/47 [00:00<00:00, 125.97it/s]
Epoch 74/100:  28% 13/47 [00:00<00:00, 128.27it/s]{"train/step": 3500, "train/loss": 0.19910962879657745}
Epoch 74/100: 100% 47/47 [00:00<00:00, 123.49it/s]
Epoch 75/100: 100% 47/47 [00:00<00:00, 118.95it/s]
Epoch 76/100: 100% 47/47 [00:00<00:00, 128.94it/s]
Epoch 77/100: 100% 47/47 [00:00<00:00, 125.48it/s]
Epoch 78/100: 100% 47/47 [00:00<00:00, 126.15it/s]
Epoch 79/100:  55% 26/47 [00:00<00:00, 125.89it/s]{"train/step": 3750, "train/loss": 0.21345706284046173}
Epoch 79/100: 100% 47/47 [00:00<00:00, 124.37it/s]
Epoch 80/100: 100% 47/47 [00:00<00:00, 122.64it/s]
{"epoch": 80, "val/mean_return": -20.0, "val/std_return": 0.0}
Epoch 81/100: 100% 47/47 [00:00<00:00, 125.31it/s]
Epoch 82/100: 100% 47/47 [00:00<00:00, 125.93it/s]
Epoch 83/100: 100% 47/47 [00:00<00:00, 125.22it/s]
Epoch 84/100: 100% 47/47 [00:00<00:00, 121.52it/s]
Epoch 85/100:   0% 0/47 [00:00<?, ?it/s]{"train/step": 4000, "train/loss": 0.29249316453933716}
Epoch 85/100: 100% 47/47 [00:00<00:00, 124.57it/s]
Epoch 86/100: 100% 47/47 [00:00<00:00, 127.66it/s]
Epoch 87/100: 100% 47/47 [00:00<00:00, 119.57it/s]
Epoch 88/100: 100% 47/47 [00:00<00:00, 132.19it/s]
Epoch 89/100: 100% 47/47 [00:00<00:00, 128.72it/s]
Epoch 90/100:  26% 12/47 [00:00<00:00, 117.55it/s]{"train/step": 4250, "train/loss": 0.23985421657562256}
Epoch 90/100: 100% 47/47 [00:00<00:00, 118.47it/s]
{"epoch": 90, "val/mean_return": -20.0, "val/std_return": 0.0}
Epoch 91/100: 100% 47/47 [00:00<00:00, 118.96it/s]
Epoch 92/100: 100% 47/47 [00:00<00:00, 122.72it/s]
Epoch 93/100: 100% 47/47 [00:00<00:00, 88.57it/s]
Epoch 94/100: 100% 47/47 [00:00<00:00, 90.91it/s]
Epoch 95/100:  62% 29/47 [00:00<00:00, 91.92it/s]{"train/step": 4500, "train/loss": 0.2270449846982956}
Epoch 95/100: 100% 47/47 [00:00<00:00, 92.36it/s]
Epoch 96/100: 100% 47/47 [00:00<00:00, 81.74it/s]
Epoch 97/100: 100% 47/47 [00:00<00:00, 125.54it/s]
Epoch 98/100: 100% 47/47 [00:00<00:00, 129.56it/s]
Epoch 99/100: 100% 47/47 [00:00<00:00, 115.82it/s]
Epoch 100/100: 100% 47/47 [00:00<00:00, 123.37it/s]
{"epoch": 100, "val/mean_return": -20.0, "val/std_return": 0.0}
--- Finished: Variant=no_routing, Env=MountainCar-v0, Seed=3 (Success) ---

--- [115/140] Running: Variant=no_routing, Env=MountainCar-v0, Seed=4 ---
{"train/param_count": 398089}
Epoch 1/100: 100% 47/47 [00:00<00:00, 52.72it/s]
Epoch 2/100: 100% 47/47 [00:00<00:00, 80.05it/s]
Epoch 3/100: 100% 47/47 [00:00<00:00, 118.88it/s]
Epoch 4/100: 100% 47/47 [00:00<00:00, 123.43it/s]
Epoch 5/100:  28% 13/47 [00:00<00:00, 121.01it/s]{"train/step": 250, "train/loss": 0.24751770496368408}
Epoch 5/100: 100% 47/47 [00:00<00:00, 120.28it/s]
Epoch 6/100: 100% 47/47 [00:00<00:00, 123.71it/s]
Epoch 7/100: 100% 47/47 [00:00<00:00, 120.93it/s]
Epoch 8/100: 100% 47/47 [00:00<00:00, 123.25it/s]
Epoch 9/100: 100% 47/47 [00:00<00:00, 121.83it/s]
Epoch 10/100:  53% 25/47 [00:00<00:00, 123.08it/s]{"train/step": 500, "train/loss": 0.2940821349620819}
Epoch 10/100: 100% 47/47 [00:00<00:00, 123.73it/s]
{"epoch": 10, "val/mean_return": -20.0, "val/std_return": 0.0}
Epoch 11/100: 100% 47/47 [00:00<00:00, 124.13it/s]
Epoch 12/100: 100% 47/47 [00:00<00:00, 121.57it/s]
Epoch 13/100: 100% 47/47 [00:00<00:00, 126.50it/s]
Epoch 14/100: 100% 47/47 [00:00<00:00, 123.23it/s]
Epoch 15/100:  87% 41/47 [00:00<00:00, 102.25it/s]{"train/step": 750, "train/loss": 0.20749282836914062}
Epoch 15/100: 100% 47/47 [00:00<00:00, 103.61it/s]
Epoch 16/100: 100% 47/47 [00:00<00:00, 94.14it/s]
Epoch 17/100: 100% 47/47 [00:00<00:00, 87.30it/s]
Epoch 18/100: 100% 47/47 [00:00<00:00, 90.17it/s]
Epoch 19/100: 100% 47/47 [00:00<00:00, 106.01it/s]
Epoch 20/100: 100% 47/47 [00:00<00:00, 115.65it/s]
{"epoch": 20, "val/mean_return": -20.0, "val/std_return": 0.0}
Epoch 21/100:  26% 12/47 [00:00<00:00, 116.89it/s]{"train/step": 1000, "train/loss": 0.26968541741371155}
Epoch 21/100: 100% 47/47 [00:00<00:00, 114.86it/s]
Epoch 22/100: 100% 47/47 [00:00<00:00, 123.50it/s]
Epoch 23/100: 100% 47/47 [00:00<00:00, 128.98it/s]
Epoch 24/100: 100% 47/47 [00:00<00:00, 114.05it/s]
Epoch 25/100: 100% 47/47 [00:00<00:00, 125.24it/s]
Epoch 26/100:  60% 28/47 [00:00<00:00, 136.56it/s]{"train/step": 1250, "train/loss": 0.32759785652160645}
Epoch 26/100: 100% 47/47 [00:00<00:00, 131.69it/s]
Epoch 27/100: 100% 47/47 [00:00<00:00, 124.69it/s]
Epoch 28/100: 100% 47/47 [00:00<00:00, 120.65it/s]
Epoch 29/100: 100% 47/47 [00:00<00:00, 128.81it/s]
Epoch 30/100: 100% 47/47 [00:00<00:00, 119.87it/s]
{"epoch": 30, "val/mean_return": -20.0, "val/std_return": 0.0}
Epoch 31/100:  77% 36/47 [00:00<00:00, 111.53it/s]{"train/step": 1500, "train/loss": 0.18812859058380127}
Epoch 31/100: 100% 47/47 [00:00<00:00, 115.59it/s]
Epoch 32/100: 100% 47/47 [00:00<00:00, 122.69it/s]
Epoch 33/100: 100% 47/47 [00:00<00:00, 121.97it/s]
Epoch 34/100: 100% 47/47 [00:00<00:00, 120.07it/s]
Epoch 35/100: 100% 47/47 [00:00<00:00, 128.95it/s]
Epoch 36/100: 100% 47/47 [00:00<00:00, 124.21it/s]
Epoch 37/100:   0% 0/47 [00:00<?, ?it/s]{"train/step": 1750, "train/loss": 0.22645536065101624}
Epoch 37/100: 100% 47/47 [00:00<00:00, 124.34it/s]
Epoch 38/100: 100% 47/47 [00:00<00:00, 131.86it/s]
Epoch 39/100: 100% 47/47 [00:00<00:00, 115.08it/s]
Epoch 40/100: 100% 47/47 [00:00<00:00, 127.71it/s]
{"epoch": 40, "val/mean_return": -20.0, "val/std_return": 0.0}
Epoch 41/100: 100% 47/47 [00:00<00:00, 116.30it/s]
Epoch 42/100:  53% 25/47 [00:00<00:00, 124.11it/s]{"train/step": 2000, "train/loss": 0.2528650462627411}
Epoch 42/100: 100% 47/47 [00:00<00:00, 123.81it/s]
Epoch 43/100: 100% 47/47 [00:00<00:00, 125.85it/s]
Epoch 44/100: 100% 47/47 [00:00<00:00, 130.30it/s]
Epoch 45/100: 100% 47/47 [00:00<00:00, 127.93it/s]
Epoch 46/100: 100% 47/47 [00:00<00:00, 127.11it/s]
Epoch 47/100:  83% 39/47 [00:00<00:00, 126.96it/s]{"train/step": 2250, "train/loss": 0.2179488241672516}
Epoch 47/100: 100% 47/47 [00:00<00:00, 126.76it/s]
Epoch 48/100: 100% 47/47 [00:00<00:00, 128.12it/s]
Epoch 49/100: 100% 47/47 [00:00<00:00, 121.21it/s]
Epoch 50/100: 100% 47/47 [00:00<00:00, 127.43it/s]
{"epoch": 50, "val/mean_return": -20.0, "val/std_return": 0.0}
Epoch 51/100: 100% 47/47 [00:00<00:00, 83.89it/s]
Epoch 52/100: 100% 47/47 [00:00<00:00, 97.53it/s]
Epoch 53/100:   0% 0/47 [00:00<?, ?it/s]{"train/step": 2500, "train/loss": 0.22753095626831055}
Epoch 53/100: 100% 47/47 [00:00<00:00, 90.92it/s]
Epoch 54/100: 100% 47/47 [00:00<00:00, 84.15it/s]
Epoch 55/100: 100% 47/47 [00:00<00:00, 123.75it/s]
Epoch 56/100: 100% 47/47 [00:00<00:00, 118.88it/s]
Epoch 57/100: 100% 47/47 [00:00<00:00, 126.72it/s]
Epoch 58/100:  30% 14/47 [00:00<00:00, 134.33it/s]{"train/step": 2750, "train/loss": 0.3025290071964264}
Epoch 58/100: 100% 47/47 [00:00<00:00, 127.93it/s]
Epoch 59/100: 100% 47/47 [00:00<00:00, 118.29it/s]
Epoch 60/100: 100% 47/47 [00:00<00:00, 124.48it/s]
{"epoch": 60, "val/mean_return": -20.0, "val/std_return": 0.0}
Epoch 61/100: 100% 47/47 [00:00<00:00, 115.58it/s]
Epoch 62/100: 100% 47/47 [00:00<00:00, 121.32it/s]
Epoch 63/100:  55% 26/47 [00:00<00:00, 118.47it/s]{"train/step": 3000, "train/loss": 0.2412203997373581}
Epoch 63/100: 100% 47/47 [00:00<00:00, 125.79it/s]
Epoch 64/100: 100% 47/47 [00:00<00:00, 121.42it/s]
Epoch 65/100: 100% 47/47 [00:00<00:00, 128.65it/s]
Epoch 66/100: 100% 47/47 [00:00<00:00, 121.38it/s]
Epoch 67/100: 100% 47/47 [00:00<00:00, 96.71it/s]
Epoch 68/100: 100% 47/47 [00:00<00:00, 101.33it/s]
Epoch 69/100:   0% 0/47 [00:00<?, ?it/s]{"train/step": 3250, "train/loss": 0.2736671566963196}
Epoch 69/100: 100% 47/47 [00:00<00:00, 97.78it/s]
Epoch 70/100: 100% 47/47 [00:00<00:00, 90.14it/s]
{"epoch": 70, "val/mean_return": -20.0, "val/std_return": 0.0}
Epoch 71/100: 100% 47/47 [00:00<00:00, 121.31it/s]
Epoch 72/100: 100% 47/47 [00:00<00:00, 124.87it/s]
Epoch 73/100: 100% 47/47 [00:00<00:00, 120.03it/s]
Epoch 74/100:  26% 12/47 [00:00<00:00, 119.40it/s]{"train/step": 3500, "train/loss": 0.2502059042453766}
Epoch 74/100: 100% 47/47 [00:00<00:00, 127.96it/s]
Epoch 75/100: 100% 47/47 [00:00<00:00, 123.45it/s]
Epoch 76/100: 100% 47/47 [00:00<00:00, 120.91it/s]
Epoch 77/100: 100% 47/47 [00:00<00:00, 125.46it/s]
Epoch 78/100: 100% 47/47 [00:00<00:00, 120.24it/s]
Epoch 79/100:  79% 37/47 [00:00<00:00, 117.28it/s]{"train/step": 3750, "train/loss": 0.27395468950271606}
Epoch 79/100: 100% 47/47 [00:00<00:00, 120.41it/s]
Epoch 80/100: 100% 47/47 [00:00<00:00, 125.08it/s]
{"epoch": 80, "val/mean_return": -20.0, "val/std_return": 0.0}
Epoch 81/100: 100% 47/47 [00:00<00:00, 120.43it/s]
Epoch 82/100: 100% 47/47 [00:00<00:00, 119.31it/s]
Epoch 83/100: 100% 47/47 [00:00<00:00, 118.98it/s]
Epoch 84/100: 100% 47/47 [00:00<00:00, 129.63it/s]
Epoch 85/100:   0% 0/47 [00:00<?, ?it/s]{"train/step": 4000, "train/loss": 0.15666304528713226}
Epoch 85/100: 100% 47/47 [00:00<00:00, 130.78it/s]
Epoch 86/100: 100% 47/47 [00:00<00:00, 119.19it/s]
Epoch 87/100: 100% 47/47 [00:00<00:00, 130.85it/s]
Epoch 88/100: 100% 47/47 [00:00<00:00, 128.74it/s]
Epoch 89/100: 100% 47/47 [00:00<00:00, 119.69it/s]
Epoch 90/100:  28% 13/47 [00:00<00:00, 129.24it/s]{"train/step": 4250, "train/loss": 0.2939867079257965}
Epoch 90/100: 100% 47/47 [00:00<00:00, 128.23it/s]
{"epoch": 90, "val/mean_return": -20.0, "val/std_return": 0.0}
Epoch 91/100: 100% 47/47 [00:00<00:00, 126.56it/s]
Epoch 92/100: 100% 47/47 [00:00<00:00, 123.44it/s]
Epoch 93/100: 100% 47/47 [00:00<00:00, 125.82it/s]
Epoch 94/100: 100% 47/47 [00:00<00:00, 125.01it/s]
Epoch 95/100:  60% 28/47 [00:00<00:00, 131.21it/s]{"train/step": 4500, "train/loss": 0.19681046903133392}
Epoch 95/100: 100% 47/47 [00:00<00:00, 124.22it/s]
Epoch 96/100: 100% 47/47 [00:00<00:00, 129.38it/s]
Epoch 97/100: 100% 47/47 [00:00<00:00, 129.80it/s]
Epoch 98/100: 100% 47/47 [00:00<00:00, 117.24it/s]
Epoch 99/100: 100% 47/47 [00:00<00:00, 122.15it/s]
Epoch 100/100: 100% 47/47 [00:00<00:00, 119.37it/s]
{"epoch": 100, "val/mean_return": -20.0, "val/std_return": 0.0}
--- Finished: Variant=no_routing, Env=MountainCar-v0, Seed=4 (Success) ---

--- [116/140] Running: Variant=no_phase, Env=MountainCar-v0, Seed=0 ---
{"train/param_count": 425353}
Epoch 1/100: 100% 47/47 [00:00<00:00, 62.36it/s]
Epoch 2/100: 100% 47/47 [00:00<00:00, 114.48it/s]
Epoch 3/100: 100% 47/47 [00:00<00:00, 117.79it/s]
Epoch 4/100: 100% 47/47 [00:00<00:00, 122.76it/s]
Epoch 5/100:  28% 13/47 [00:00<00:00, 124.59it/s]{"train/step": 250, "train/loss": 0.20773522555828094}
Epoch 5/100: 100% 47/47 [00:00<00:00, 112.51it/s]
Epoch 6/100: 100% 47/47 [00:00<00:00, 121.11it/s]
Epoch 7/100: 100% 47/47 [00:00<00:00, 112.07it/s]
Epoch 8/100: 100% 47/47 [00:00<00:00, 121.73it/s]
Epoch 9/100: 100% 47/47 [00:00<00:00, 122.35it/s]
Epoch 10/100:  55% 26/47 [00:00<00:00, 112.97it/s]{"train/step": 500, "train/loss": 0.24839046597480774}
Epoch 10/100: 100% 47/47 [00:00<00:00, 118.25it/s]
{"epoch": 10, "val/mean_return": -20.0, "val/std_return": 0.0}
Epoch 11/100: 100% 47/47 [00:00<00:00, 109.48it/s]
Epoch 12/100: 100% 47/47 [00:00<00:00, 118.38it/s]
Epoch 13/100: 100% 47/47 [00:00<00:00, 122.97it/s]
Epoch 14/100: 100% 47/47 [00:00<00:00, 113.57it/s]
Epoch 15/100:  81% 38/47 [00:00<00:00, 121.08it/s]{"train/step": 750, "train/loss": 0.22688841819763184}
Epoch 15/100: 100% 47/47 [00:00<00:00, 121.72it/s]
Epoch 16/100: 100% 47/47 [00:00<00:00, 111.83it/s]
Epoch 17/100: 100% 47/47 [00:00<00:00, 117.71it/s]
Epoch 18/100: 100% 47/47 [00:00<00:00, 117.79it/s]
Epoch 19/100: 100% 47/47 [00:00<00:00, 111.78it/s]
Epoch 20/100: 100% 47/47 [00:00<00:00, 115.69it/s]
{"epoch": 20, "val/mean_return": -20.0, "val/std_return": 0.0}
Epoch 21/100:  23% 11/47 [00:00<00:00, 102.40it/s]{"train/step": 1000, "train/loss": 0.23817835748195648}
Epoch 21/100: 100% 47/47 [00:00<00:00, 110.01it/s]
Epoch 22/100: 100% 47/47 [00:00<00:00, 86.21it/s]
Epoch 23/100: 100% 47/47 [00:00<00:00, 86.20it/s]
Epoch 24/100: 100% 47/47 [00:00<00:00, 83.34it/s]
Epoch 25/100: 100% 47/47 [00:00<00:00, 76.87it/s]
Epoch 26/100:  47% 22/47 [00:00<00:00, 110.11it/s]{"train/step": 1250, "train/loss": 0.2666548192501068}
Epoch 26/100: 100% 47/47 [00:00<00:00, 111.80it/s]
Epoch 27/100: 100% 47/47 [00:00<00:00, 110.09it/s]
Epoch 28/100: 100% 47/47 [00:00<00:00, 120.48it/s]
Epoch 29/100: 100% 47/47 [00:00<00:00, 120.87it/s]
Epoch 30/100: 100% 47/47 [00:00<00:00, 112.75it/s]
{"epoch": 30, "val/mean_return": -20.0, "val/std_return": 0.0}
Epoch 31/100:  77% 36/47 [00:00<00:00, 108.95it/s]{"train/step": 1500, "train/loss": 0.17859075963497162}
Epoch 31/100: 100% 47/47 [00:00<00:00, 112.24it/s]
Epoch 32/100: 100% 47/47 [00:00<00:00, 113.81it/s]
Epoch 33/100: 100% 47/47 [00:00<00:00, 119.72it/s]
Epoch 34/100: 100% 47/47 [00:00<00:00, 115.88it/s]
Epoch 35/100: 100% 47/47 [00:00<00:00, 117.05it/s]
Epoch 36/100: 100% 47/47 [00:00<00:00, 116.44it/s]
Epoch 37/100:  23% 11/47 [00:00<00:00, 109.77it/s]{"train/step": 1750, "train/loss": 0.19028936326503754}
Epoch 37/100: 100% 47/47 [00:00<00:00, 88.58it/s]
Epoch 38/100: 100% 47/47 [00:00<00:00, 89.84it/s]
Epoch 39/100: 100% 47/47 [00:00<00:00, 93.73it/s]
Epoch 40/100: 100% 47/47 [00:00<00:00, 88.67it/s]
{"epoch": 40, "val/mean_return": -20.0, "val/std_return": 0.0}
Epoch 41/100: 100% 47/47 [00:00<00:00, 105.07it/s]
Epoch 42/100:  53% 25/47 [00:00<00:00, 119.50it/s]{"train/step": 2000, "train/loss": 0.2040996551513672}
Epoch 42/100: 100% 47/47 [00:00<00:00, 118.63it/s]
Epoch 43/100: 100% 47/47 [00:00<00:00, 115.73it/s]
Epoch 44/100: 100% 47/47 [00:00<00:00, 120.62it/s]
Epoch 45/100: 100% 47/47 [00:00<00:00, 120.14it/s]
Epoch 46/100: 100% 47/47 [00:00<00:00, 116.77it/s]
Epoch 47/100:  77% 36/47 [00:00<00:00, 118.79it/s]{"train/step": 2250, "train/loss": 0.271219938993454}
Epoch 47/100: 100% 47/47 [00:00<00:00, 113.50it/s]
Epoch 48/100: 100% 47/47 [00:00<00:00, 115.19it/s]
Epoch 49/100: 100% 47/47 [00:00<00:00, 122.35it/s]
Epoch 50/100: 100% 47/47 [00:00<00:00, 120.18it/s]
{"epoch": 50, "val/mean_return": -20.0, "val/std_return": 0.0}
Epoch 51/100: 100% 47/47 [00:00<00:00, 106.46it/s]
Epoch 52/100: 100% 47/47 [00:00<00:00, 116.50it/s]
Epoch 53/100:   0% 0/47 [00:00<?, ?it/s]{"train/step": 2500, "train/loss": 0.1735720932483673}
Epoch 53/100: 100% 47/47 [00:00<00:00, 120.79it/s]
Epoch 54/100: 100% 47/47 [00:00<00:00, 116.14it/s]
Epoch 55/100: 100% 47/47 [00:00<00:00, 118.23it/s]
Epoch 56/100: 100% 47/47 [00:00<00:00, 121.10it/s]
Epoch 57/100: 100% 47/47 [00:00<00:00, 113.87it/s]
Epoch 58/100:  28% 13/47 [00:00<00:00, 127.79it/s]{"train/step": 2750, "train/loss": 0.23734049499034882}
Epoch 58/100: 100% 47/47 [00:00<00:00, 121.64it/s]
Epoch 59/100: 100% 47/47 [00:00<00:00, 116.63it/s]
Epoch 60/100: 100% 47/47 [00:00<00:00, 118.37it/s]
{"epoch": 60, "val/mean_return": -20.0, "val/std_return": 0.0}
Epoch 61/100: 100% 47/47 [00:00<00:00, 108.79it/s]
Epoch 62/100: 100% 47/47 [00:00<00:00, 117.41it/s]
Epoch 63/100:  81% 38/47 [00:00<00:00, 112.85it/s]{"train/step": 3000, "train/loss": 0.19989989697933197}
Epoch 63/100: 100% 47/47 [00:00<00:00, 115.95it/s]
Epoch 64/100: 100% 47/47 [00:00<00:00, 112.19it/s]
Epoch 65/100: 100% 47/47 [00:00<00:00, 119.20it/s]
Epoch 66/100: 100% 47/47 [00:00<00:00, 109.99it/s]
Epoch 67/100: 100% 47/47 [00:00<00:00, 120.02it/s]
Epoch 68/100: 100% 47/47 [00:00<00:00, 119.29it/s]
Epoch 69/100:   0% 0/47 [00:00<?, ?it/s]{"train/step": 3250, "train/loss": 0.24466028809547424}
Epoch 69/100: 100% 47/47 [00:00<00:00, 112.90it/s]
Epoch 70/100: 100% 47/47 [00:00<00:00, 122.08it/s]
{"epoch": 70, "val/mean_return": -20.0, "val/std_return": 0.0}
Epoch 71/100: 100% 47/47 [00:00<00:00, 88.04it/s]
Epoch 72/100: 100% 47/47 [00:00<00:00, 72.99it/s]
Epoch 73/100: 100% 47/47 [00:00<00:00, 106.80it/s]
Epoch 74/100:  28% 13/47 [00:00<00:00, 118.43it/s]{"train/step": 3500, "train/loss": 0.2125733196735382}
Epoch 74/100: 100% 47/47 [00:00<00:00, 114.81it/s]
Epoch 75/100: 100% 47/47 [00:00<00:00, 114.11it/s]
Epoch 76/100: 100% 47/47 [00:00<00:00, 113.36it/s]
Epoch 77/100: 100% 47/47 [00:00<00:00, 115.23it/s]
Epoch 78/100: 100% 47/47 [00:00<00:00, 120.17it/s]
Epoch 79/100:  55% 26/47 [00:00<00:00, 124.47it/s]{"train/step": 3750, "train/loss": 0.24465084075927734}
Epoch 79/100: 100% 47/47 [00:00<00:00, 117.54it/s]
Epoch 80/100: 100% 47/47 [00:00<00:00, 116.08it/s]
{"epoch": 80, "val/mean_return": -20.0, "val/std_return": 0.0}
Epoch 81/100: 100% 47/47 [00:00<00:00, 110.36it/s]
Epoch 82/100: 100% 47/47 [00:00<00:00, 116.21it/s]
Epoch 83/100: 100% 47/47 [00:00<00:00, 118.43it/s]
Epoch 84/100: 100% 47/47 [00:00<00:00, 104.95it/s]
Epoch 85/100:   0% 0/47 [00:00<?, ?it/s]{"train/step": 4000, "train/loss": 0.18153609335422516}
Epoch 85/100: 100% 47/47 [00:00<00:00, 82.79it/s]
Epoch 86/100: 100% 47/47 [00:00<00:00, 91.11it/s]
Epoch 87/100: 100% 47/47 [00:00<00:00, 80.95it/s]
Epoch 88/100: 100% 47/47 [00:00<00:00, 92.51it/s]
Epoch 89/100: 100% 47/47 [00:00<00:00, 109.62it/s]
Epoch 90/100:  23% 11/47 [00:00<00:00, 102.65it/s]{"train/step": 4250, "train/loss": 0.18952621519565582}
Epoch 90/100: 100% 47/47 [00:00<00:00, 115.26it/s]
{"epoch": 90, "val/mean_return": -20.0, "val/std_return": 0.0}
Epoch 91/100: 100% 47/47 [00:00<00:00, 109.56it/s]
Epoch 92/100: 100% 47/47 [00:00<00:00, 114.65it/s]
Epoch 93/100: 100% 47/47 [00:00<00:00, 116.16it/s]
Epoch 94/100: 100% 47/47 [00:00<00:00, 118.74it/s]
Epoch 95/100:  51% 24/47 [00:00<00:00, 119.22it/s]{"train/step": 4500, "train/loss": 0.24310575425624847}
Epoch 95/100: 100% 47/47 [00:00<00:00, 114.01it/s]
Epoch 96/100: 100% 47/47 [00:00<00:00, 111.41it/s]
Epoch 97/100: 100% 47/47 [00:00<00:00, 118.45it/s]
Epoch 98/100: 100% 47/47 [00:00<00:00, 114.19it/s]
Epoch 99/100: 100% 47/47 [00:00<00:00, 117.28it/s]
Epoch 100/100: 100% 47/47 [00:00<00:00, 78.82it/s]
{"epoch": 100, "val/mean_return": -20.0, "val/std_return": 0.0}
--- Finished: Variant=no_phase, Env=MountainCar-v0, Seed=0 (Success) ---

--- [117/140] Running: Variant=no_phase, Env=MountainCar-v0, Seed=1 ---
{"train/param_count": 425353}
Epoch 1/100: 100% 47/47 [00:00<00:00, 61.28it/s]
Epoch 2/100: 100% 47/47 [00:00<00:00, 111.11it/s]
Epoch 3/100: 100% 47/47 [00:00<00:00, 115.60it/s]
Epoch 4/100: 100% 47/47 [00:00<00:00, 118.67it/s]
Epoch 5/100:  23% 11/47 [00:00<00:00, 105.95it/s]{"train/step": 250, "train/loss": 0.26626330614089966}
Epoch 5/100: 100% 47/47 [00:00<00:00, 103.44it/s]
Epoch 6/100: 100% 47/47 [00:00<00:00, 78.71it/s]
Epoch 7/100: 100% 47/47 [00:00<00:00, 88.71it/s]
Epoch 8/100: 100% 47/47 [00:00<00:00, 82.97it/s]
Epoch 9/100: 100% 47/47 [00:00<00:00, 94.24it/s]
Epoch 10/100:  53% 25/47 [00:00<00:00, 119.04it/s]{"train/step": 500, "train/loss": 0.2742748558521271}
Epoch 10/100: 100% 47/47 [00:00<00:00, 117.05it/s]
{"epoch": 10, "val/mean_return": -20.0, "val/std_return": 0.0}
Epoch 11/100: 100% 47/47 [00:00<00:00, 109.24it/s]
Epoch 12/100: 100% 47/47 [00:00<00:00, 119.05it/s]
Epoch 13/100: 100% 47/47 [00:00<00:00, 113.91it/s]
Epoch 14/100: 100% 47/47 [00:00<00:00, 109.41it/s]
Epoch 15/100:  83% 39/47 [00:00<00:00, 119.78it/s]{"train/step": 750, "train/loss": 0.1911199986934662}
Epoch 15/100: 100% 47/47 [00:00<00:00, 121.47it/s]
Epoch 16/100: 100% 47/47 [00:00<00:00, 111.26it/s]
Epoch 17/100: 100% 47/47 [00:00<00:00, 121.73it/s]
Epoch 18/100: 100% 47/47 [00:00<00:00, 123.76it/s]
Epoch 19/100: 100% 47/47 [00:00<00:00, 113.37it/s]
Epoch 20/100: 100% 47/47 [00:00<00:00, 121.42it/s]
{"epoch": 20, "val/mean_return": -20.0, "val/std_return": 0.0}
Epoch 21/100:  23% 11/47 [00:00<00:00, 102.84it/s]{"train/step": 1000, "train/loss": 0.22554178535938263}
Epoch 21/100: 100% 47/47 [00:00<00:00, 106.42it/s]
Epoch 22/100: 100% 47/47 [00:00<00:00, 107.24it/s]
Epoch 23/100: 100% 47/47 [00:00<00:00, 111.94it/s]
Epoch 24/100: 100% 47/47 [00:00<00:00, 112.71it/s]
Epoch 25/100: 100% 47/47 [00:00<00:00, 111.95it/s]
Epoch 26/100:  55% 26/47 [00:00<00:00, 126.74it/s]{"train/step": 1250, "train/loss": 0.14330409467220306}
Epoch 26/100: 100% 47/47 [00:00<00:00, 121.79it/s]
Epoch 27/100: 100% 47/47 [00:00<00:00, 112.28it/s]
Epoch 28/100: 100% 47/47 [00:00<00:00, 113.31it/s]
Epoch 29/100: 100% 47/47 [00:00<00:00, 117.72it/s]
Epoch 30/100: 100% 47/47 [00:00<00:00, 117.71it/s]
{"epoch": 30, "val/mean_return": -20.0, "val/std_return": 0.0}
Epoch 31/100:  77% 36/47 [00:00<00:00, 112.45it/s]{"train/step": 1500, "train/loss": 0.21415133774280548}
Epoch 31/100: 100% 47/47 [00:00<00:00, 110.34it/s]
Epoch 32/100: 100% 47/47 [00:00<00:00, 122.37it/s]
Epoch 33/100: 100% 47/47 [00:00<00:00, 122.09it/s]
Epoch 34/100: 100% 47/47 [00:00<00:00, 113.24it/s]
Epoch 35/100: 100% 47/47 [00:00<00:00, 119.83it/s]
Epoch 36/100: 100% 47/47 [00:00<00:00, 116.77it/s]
Epoch 37/100:   0% 0/47 [00:00<?, ?it/s]{"train/step": 1750, "train/loss": 0.2340334951877594}
Epoch 37/100: 100% 47/47 [00:00<00:00, 118.63it/s]
Epoch 38/100: 100% 47/47 [00:00<00:00, 116.79it/s]
Epoch 39/100: 100% 47/47 [00:00<00:00, 114.64it/s]
Epoch 40/100: 100% 47/47 [00:00<00:00, 116.21it/s]
{"epoch": 40, "val/mean_return": -20.0, "val/std_return": 0.0}
Epoch 41/100: 100% 47/47 [00:00<00:00, 108.66it/s]
Epoch 42/100:  55% 26/47 [00:00<00:00, 115.82it/s]{"train/step": 2000, "train/loss": 0.19660630822181702}
Epoch 42/100: 100% 47/47 [00:00<00:00, 121.34it/s]
Epoch 43/100: 100% 47/47 [00:00<00:00, 115.53it/s]
Epoch 44/100: 100% 47/47 [00:00<00:00, 115.75it/s]
Epoch 45/100: 100% 47/47 [00:00<00:00, 109.60it/s]
Epoch 46/100: 100% 47/47 [00:00<00:00, 118.86it/s]
Epoch 47/100:  81% 38/47 [00:00<00:00, 117.81it/s]{"train/step": 2250, "train/loss": 0.250040739774704}
Epoch 47/100: 100% 47/47 [00:00<00:00, 118.17it/s]
Epoch 48/100: 100% 47/47 [00:00<00:00, 115.38it/s]
Epoch 49/100: 100% 47/47 [00:00<00:00, 116.67it/s]
Epoch 50/100: 100% 47/47 [00:00<00:00, 110.99it/s]
{"epoch": 50, "val/mean_return": -20.0, "val/std_return": 0.0}
Epoch 51/100: 100% 47/47 [00:00<00:00, 115.49it/s]
Epoch 52/100: 100% 47/47 [00:00<00:00, 82.99it/s]
Epoch 53/100:   0% 0/47 [00:00<?, ?it/s]{"train/step": 2500, "train/loss": 0.2591789662837982}
Epoch 53/100: 100% 47/47 [00:00<00:00, 90.85it/s]
Epoch 54/100: 100% 47/47 [00:00<00:00, 83.88it/s]
Epoch 55/100: 100% 47/47 [00:00<00:00, 77.13it/s]
Epoch 56/100: 100% 47/47 [00:00<00:00, 114.60it/s]
Epoch 57/100: 100% 47/47 [00:00<00:00, 114.88it/s]
Epoch 58/100:  28% 13/47 [00:00<00:00, 125.68it/s]{"train/step": 2750, "train/loss": 0.1404157131910324}
Epoch 58/100: 100% 47/47 [00:00<00:00, 120.02it/s]
Epoch 59/100: 100% 47/47 [00:00<00:00, 111.48it/s]
Epoch 60/100: 100% 47/47 [00:00<00:00, 120.12it/s]
{"epoch": 60, "val/mean_return": -20.0, "val/std_return": 0.0}
Epoch 61/100: 100% 47/47 [00:00<00:00, 109.85it/s]
Epoch 62/100: 100% 47/47 [00:00<00:00, 113.88it/s]
Epoch 63/100:  83% 39/47 [00:00<00:00, 117.98it/s]{"train/step": 3000, "train/loss": 0.17717640101909637}
Epoch 63/100: 100% 47/47 [00:00<00:00, 120.17it/s]
Epoch 64/100: 100% 47/47 [00:00<00:00, 108.13it/s]
Epoch 65/100: 100% 47/47 [00:00<00:00, 113.88it/s]
Epoch 66/100: 100% 47/47 [00:00<00:00, 113.99it/s]
Epoch 67/100: 100% 47/47 [00:00<00:00, 88.82it/s]
Epoch 68/100: 100% 47/47 [00:00<00:00, 89.75it/s]
Epoch 69/100:   0% 0/47 [00:00<?, ?it/s]{"train/step": 3250, "train/loss": 0.20333035290241241}
Epoch 69/100: 100% 47/47 [00:00<00:00, 92.06it/s]
Epoch 70/100: 100% 47/47 [00:00<00:00, 77.40it/s]
{"epoch": 70, "val/mean_return": -20.0, "val/std_return": 0.0}
Epoch 71/100: 100% 47/47 [00:00<00:00, 113.41it/s]
Epoch 72/100: 100% 47/47 [00:00<00:00, 117.02it/s]
Epoch 73/100: 100% 47/47 [00:00<00:00, 114.82it/s]
Epoch 74/100:  26% 12/47 [00:00<00:00, 116.52it/s]{"train/step": 3500, "train/loss": 0.2398613542318344}
Epoch 74/100: 100% 47/47 [00:00<00:00, 116.68it/s]
Epoch 75/100: 100% 47/47 [00:00<00:00, 112.81it/s]
Epoch 76/100: 100% 47/47 [00:00<00:00, 112.37it/s]
Epoch 77/100: 100% 47/47 [00:00<00:00, 114.88it/s]
Epoch 78/100: 100% 47/47 [00:00<00:00, 115.71it/s]
Epoch 79/100:  55% 26/47 [00:00<00:00, 114.75it/s]{"train/step": 3750, "train/loss": 0.22899465262889862}
Epoch 79/100: 100% 47/47 [00:00<00:00, 118.75it/s]
Epoch 80/100: 100% 47/47 [00:00<00:00, 110.27it/s]
{"epoch": 80, "val/mean_return": -20.0, "val/std_return": 0.0}
Epoch 81/100: 100% 47/47 [00:00<00:00, 109.63it/s]
Epoch 82/100: 100% 47/47 [00:00<00:00, 117.38it/s]
Epoch 83/100: 100% 47/47 [00:00<00:00, 112.04it/s]
Epoch 84/100: 100% 47/47 [00:00<00:00, 121.33it/s]
Epoch 85/100:   0% 0/47 [00:00<?, ?it/s]{"train/step": 4000, "train/loss": 0.16880464553833008}
Epoch 85/100: 100% 47/47 [00:00<00:00, 115.73it/s]
Epoch 86/100: 100% 47/47 [00:00<00:00, 110.65it/s]
Epoch 87/100: 100% 47/47 [00:00<00:00, 118.88it/s]
Epoch 88/100: 100% 47/47 [00:00<00:00, 112.38it/s]
Epoch 89/100: 100% 47/47 [00:00<00:00, 117.16it/s]
Epoch 90/100:  26% 12/47 [00:00<00:00, 116.83it/s]{"train/step": 4250, "train/loss": 0.2878924310207367}
Epoch 90/100: 100% 47/47 [00:00<00:00, 117.13it/s]
{"epoch": 90, "val/mean_return": -20.0, "val/std_return": 0.0}
Epoch 91/100: 100% 47/47 [00:00<00:00, 114.19it/s]
Epoch 92/100: 100% 47/47 [00:00<00:00, 112.13it/s]
Epoch 93/100: 100% 47/47 [00:00<00:00, 119.70it/s]
Epoch 94/100: 100% 47/47 [00:00<00:00, 121.06it/s]
Epoch 95/100:  74% 35/47 [00:00<00:00, 117.44it/s]{"train/step": 4500, "train/loss": 0.23565439879894257}
Epoch 95/100: 100% 47/47 [00:00<00:00, 115.02it/s]
Epoch 96/100: 100% 47/47 [00:00<00:00, 117.40it/s]
Epoch 97/100: 100% 47/47 [00:00<00:00, 115.03it/s]
Epoch 98/100: 100% 47/47 [00:00<00:00, 116.92it/s]
Epoch 99/100: 100% 47/47 [00:00<00:00, 117.64it/s]
Epoch 100/100: 100% 47/47 [00:00<00:00, 112.81it/s]
{"epoch": 100, "val/mean_return": -20.0, "val/std_return": 0.0}
--- Finished: Variant=no_phase, Env=MountainCar-v0, Seed=1 (Success) ---

--- [118/140] Running: Variant=no_phase, Env=MountainCar-v0, Seed=2 ---
{"train/param_count": 425353}
Epoch 1/100: 100% 47/47 [00:00<00:00, 63.13it/s]
Epoch 2/100: 100% 47/47 [00:00<00:00, 113.45it/s]
Epoch 3/100: 100% 47/47 [00:00<00:00, 122.66it/s]
Epoch 4/100: 100% 47/47 [00:00<00:00, 113.89it/s]
Epoch 5/100:  28% 13/47 [00:00<00:00, 128.89it/s]{"train/step": 250, "train/loss": 0.19818571209907532}
Epoch 5/100: 100% 47/47 [00:00<00:00, 123.01it/s]
Epoch 6/100: 100% 47/47 [00:00<00:00, 118.56it/s]
Epoch 7/100: 100% 47/47 [00:00<00:00, 108.47it/s]
Epoch 8/100: 100% 47/47 [00:00<00:00, 102.53it/s]
Epoch 9/100: 100% 47/47 [00:00<00:00, 100.52it/s]
Epoch 10/100:  51% 24/47 [00:00<00:00, 115.64it/s]{"train/step": 500, "train/loss": 0.2341921180486679}
Epoch 10/100: 100% 47/47 [00:00<00:00, 113.07it/s]
{"epoch": 10, "val/mean_return": -20.0, "val/std_return": 0.0}
Epoch 11/100: 100% 47/47 [00:00<00:00, 112.64it/s]
Epoch 12/100: 100% 47/47 [00:00<00:00, 121.32it/s]
Epoch 13/100: 100% 47/47 [00:00<00:00, 112.66it/s]
Epoch 14/100: 100% 47/47 [00:00<00:00, 124.32it/s]
Epoch 15/100:  83% 39/47 [00:00<00:00, 122.55it/s]{"train/step": 750, "train/loss": 0.22590668499469757}
Epoch 15/100: 100% 47/47 [00:00<00:00, 122.41it/s]
Epoch 16/100: 100% 47/47 [00:00<00:00, 113.94it/s]
Epoch 17/100: 100% 47/47 [00:00<00:00, 112.60it/s]
Epoch 18/100: 100% 47/47 [00:00<00:00, 113.53it/s]
Epoch 19/100: 100% 47/47 [00:00<00:00, 122.37it/s]
Epoch 20/100: 100% 47/47 [00:00<00:00, 124.99it/s]
{"epoch": 20, "val/mean_return": -20.0, "val/std_return": 0.0}
Epoch 21/100:  21% 10/47 [00:00<00:00, 96.19it/s]{"train/step": 1000, "train/loss": 0.21775488555431366}
Epoch 21/100: 100% 47/47 [00:00<00:00, 93.32it/s]
Epoch 22/100: 100% 47/47 [00:00<00:00, 76.69it/s]
Epoch 23/100: 100% 47/47 [00:00<00:00, 119.12it/s]
Epoch 24/100: 100% 47/47 [00:00<00:00, 113.80it/s]
Epoch 25/100: 100% 47/47 [00:00<00:00, 116.71it/s]
Epoch 26/100:  53% 25/47 [00:00<00:00, 118.18it/s]{"train/step": 1250, "train/loss": 0.18602319061756134}
Epoch 26/100: 100% 47/47 [00:00<00:00, 122.55it/s]
Epoch 27/100: 100% 47/47 [00:00<00:00, 118.02it/s]
Epoch 28/100: 100% 47/47 [00:00<00:00, 118.56it/s]
Epoch 29/100: 100% 47/47 [00:00<00:00, 119.65it/s]
Epoch 30/100: 100% 47/47 [00:00<00:00, 117.05it/s]
{"epoch": 30, "val/mean_return": -20.0, "val/std_return": 0.0}
Epoch 31/100:  70% 33/47 [00:00<00:00, 103.97it/s]{"train/step": 1500, "train/loss": 0.16864798963069916}
Epoch 31/100: 100% 47/47 [00:00<00:00, 109.01it/s]
Epoch 32/100: 100% 47/47 [00:00<00:00, 118.57it/s]
Epoch 33/100: 100% 47/47 [00:00<00:00, 120.99it/s]
Epoch 34/100: 100% 47/47 [00:00<00:00, 110.25it/s]
Epoch 35/100: 100% 47/47 [00:00<00:00, 85.01it/s]
Epoch 36/100: 100% 47/47 [00:00<00:00, 88.82it/s]
Epoch 37/100:  17% 8/47 [00:00<00:00, 78.94it/s]{"train/step": 1750, "train/loss": 0.23115935921669006}
Epoch 37/100: 100% 47/47 [00:00<00:00, 84.90it/s]
Epoch 38/100: 100% 47/47 [00:00<00:00, 85.41it/s]
Epoch 39/100: 100% 47/47 [00:00<00:00, 117.24it/s]
Epoch 40/100: 100% 47/47 [00:00<00:00, 116.46it/s]
{"epoch": 40, "val/mean_return": -20.0, "val/std_return": 0.0}
Epoch 41/100: 100% 47/47 [00:00<00:00, 112.46it/s]
Epoch 42/100:  55% 26/47 [00:00<00:00, 116.83it/s]{"train/step": 2000, "train/loss": 0.194916233420372}
Epoch 42/100: 100% 47/47 [00:00<00:00, 118.24it/s]
Epoch 43/100: 100% 47/47 [00:00<00:00, 122.12it/s]
Epoch 44/100: 100% 47/47 [00:00<00:00, 111.63it/s]
Epoch 45/100: 100% 47/47 [00:00<00:00, 121.21it/s]
Epoch 46/100: 100% 47/47 [00:00<00:00, 115.03it/s]
Epoch 47/100:  81% 38/47 [00:00<00:00, 118.17it/s]{"train/step": 2250, "train/loss": 0.21826405823230743}
Epoch 47/100: 100% 47/47 [00:00<00:00, 119.94it/s]
Epoch 48/100: 100% 47/47 [00:00<00:00, 119.76it/s]
Epoch 49/100: 100% 47/47 [00:00<00:00, 118.05it/s]
Epoch 50/100: 100% 47/47 [00:00<00:00, 96.07it/s] 
{"epoch": 50, "val/mean_return": -20.0, "val/std_return": 0.0}
Epoch 51/100: 100% 47/47 [00:00<00:00, 110.61it/s]
Epoch 52/100: 100% 47/47 [00:00<00:00, 118.34it/s]
Epoch 53/100:   0% 0/47 [00:00<?, ?it/s]{"train/step": 2500, "train/loss": 0.2924775779247284}
Epoch 53/100: 100% 47/47 [00:00<00:00, 116.51it/s]
Epoch 54/100: 100% 47/47 [00:00<00:00, 119.01it/s]
Epoch 55/100: 100% 47/47 [00:00<00:00, 114.45it/s]
Epoch 56/100: 100% 47/47 [00:00<00:00, 116.82it/s]
Epoch 57/100: 100% 47/47 [00:00<00:00, 119.12it/s]
Epoch 58/100:  28% 13/47 [00:00<00:00, 127.50it/s]{"train/step": 2750, "train/loss": 0.16508571803569794}
Epoch 58/100: 100% 47/47 [00:00<00:00, 119.22it/s]
Epoch 59/100: 100% 47/47 [00:00<00:00, 124.37it/s]
Epoch 60/100: 100% 47/47 [00:00<00:00, 116.50it/s]
{"epoch": 60, "val/mean_return": -20.0, "val/std_return": 0.0}
Epoch 61/100: 100% 47/47 [00:00<00:00, 109.65it/s]
Epoch 62/100: 100% 47/47 [00:00<00:00, 115.04it/s]
Epoch 63/100:  79% 37/47 [00:00<00:00, 120.00it/s]{"train/step": 3000, "train/loss": 0.1909523904323578}
Epoch 63/100: 100% 47/47 [00:00<00:00, 114.81it/s]
Epoch 64/100: 100% 47/47 [00:00<00:00, 119.46it/s]
Epoch 65/100: 100% 47/47 [00:00<00:00, 112.56it/s]
Epoch 66/100: 100% 47/47 [00:00<00:00, 121.90it/s]
Epoch 67/100: 100% 47/47 [00:00<00:00, 114.53it/s]
Epoch 68/100: 100% 47/47 [00:00<00:00, 119.52it/s]
Epoch 69/100:   0% 0/47 [00:00<?, ?it/s]{"train/step": 3250, "train/loss": 0.317568838596344}
Epoch 69/100: 100% 47/47 [00:00<00:00, 117.51it/s]
Epoch 70/100: 100% 47/47 [00:00<00:00, 118.01it/s]
{"epoch": 70, "val/mean_return": -20.0, "val/std_return": 0.0}
Epoch 71/100: 100% 47/47 [00:00<00:00, 81.10it/s]
Epoch 72/100: 100% 47/47 [00:00<00:00, 120.75it/s]
Epoch 73/100: 100% 47/47 [00:00<00:00, 123.95it/s]
Epoch 74/100:  47% 22/47 [00:00<00:00, 107.08it/s]{"train/step": 3500, "train/loss": 0.250183641910553}
Epoch 74/100: 100% 47/47 [00:00<00:00, 111.54it/s]
Epoch 75/100: 100% 47/47 [00:00<00:00, 120.27it/s]
Epoch 76/100: 100% 47/47 [00:00<00:00, 114.23it/s]
Epoch 77/100: 100% 47/47 [00:00<00:00, 120.03it/s]
Epoch 78/100: 100% 47/47 [00:00<00:00, 122.26it/s]
Epoch 79/100:  55% 26/47 [00:00<00:00, 106.37it/s]{"train/step": 3750, "train/loss": 0.1621760129928589}
Epoch 79/100: 100% 47/47 [00:00<00:00, 115.67it/s]
Epoch 80/100: 100% 47/47 [00:00<00:00, 121.98it/s]
{"epoch": 80, "val/mean_return": -20.0, "val/std_return": 0.0}
Epoch 81/100: 100% 47/47 [00:00<00:00, 108.68it/s]
Epoch 82/100: 100% 47/47 [00:00<00:00, 122.96it/s]
Epoch 83/100: 100% 47/47 [00:00<00:00, 108.64it/s]
Epoch 84/100: 100% 47/47 [00:00<00:00, 81.75it/s]
Epoch 85/100:   0% 0/47 [00:00<?, ?it/s]{"train/step": 4000, "train/loss": 0.1987214833498001}
Epoch 85/100: 100% 47/47 [00:00<00:00, 94.45it/s]
Epoch 86/100: 100% 47/47 [00:00<00:00, 85.40it/s]
Epoch 87/100: 100% 47/47 [00:00<00:00, 89.40it/s]
Epoch 88/100: 100% 47/47 [00:00<00:00, 118.34it/s]
Epoch 89/100: 100% 47/47 [00:00<00:00, 117.29it/s]
Epoch 90/100:  28% 13/47 [00:00<00:00, 121.59it/s]{"train/step": 4250, "train/loss": 0.28808286786079407}
Epoch 90/100: 100% 47/47 [00:00<00:00, 116.39it/s]
{"epoch": 90, "val/mean_return": -20.0, "val/std_return": 0.0}
Epoch 91/100: 100% 47/47 [00:00<00:00, 112.88it/s]
Epoch 92/100: 100% 47/47 [00:00<00:00, 120.64it/s]
Epoch 93/100: 100% 47/47 [00:00<00:00, 114.27it/s]
Epoch 94/100: 100% 47/47 [00:00<00:00, 122.11it/s]
Epoch 95/100:  55% 26/47 [00:00<00:00, 118.16it/s]{"train/step": 4500, "train/loss": 0.23409488797187805}
Epoch 95/100: 100% 47/47 [00:00<00:00, 118.59it/s]
Epoch 96/100: 100% 47/47 [00:00<00:00, 119.07it/s]
Epoch 97/100: 100% 47/47 [00:00<00:00, 121.64it/s]
Epoch 98/100: 100% 47/47 [00:00<00:00, 120.55it/s]
Epoch 99/100: 100% 47/47 [00:00<00:00, 102.58it/s]
Epoch 100/100: 100% 47/47 [00:00<00:00, 87.43it/s]
{"epoch": 100, "val/mean_return": -20.0, "val/std_return": 0.0}
--- Finished: Variant=no_phase, Env=MountainCar-v0, Seed=2 (Success) ---

--- [119/140] Running: Variant=no_phase, Env=MountainCar-v0, Seed=3 ---
{"train/param_count": 425353}
Epoch 1/100: 100% 47/47 [00:00<00:00, 62.09it/s]
Epoch 2/100: 100% 47/47 [00:00<00:00, 119.30it/s]
Epoch 3/100: 100% 47/47 [00:00<00:00, 122.53it/s]
Epoch 4/100: 100% 47/47 [00:00<00:00, 118.22it/s]
Epoch 5/100:  23% 11/47 [00:00<00:00, 108.86it/s]{"train/step": 250, "train/loss": 0.2527196407318115}
Epoch 5/100: 100% 47/47 [00:00<00:00, 117.37it/s]
Epoch 6/100: 100% 47/47 [00:00<00:00, 96.05it/s]
Epoch 7/100: 100% 47/47 [00:00<00:00, 92.11it/s]
Epoch 8/100: 100% 47/47 [00:00<00:00, 87.85it/s]
Epoch 9/100: 100% 47/47 [00:00<00:00, 86.30it/s]
Epoch 10/100:  57% 27/47 [00:00<00:00, 80.22it/s]{"train/step": 500, "train/loss": 0.17381970584392548}
Epoch 10/100: 100% 47/47 [00:00<00:00, 90.32it/s]
{"epoch": 10, "val/mean_return": -20.0, "val/std_return": 0.0}
Epoch 11/100: 100% 47/47 [00:00<00:00, 117.03it/s]
Epoch 12/100: 100% 47/47 [00:00<00:00, 120.31it/s]
Epoch 13/100: 100% 47/47 [00:00<00:00, 117.58it/s]
Epoch 14/100: 100% 47/47 [00:00<00:00, 116.69it/s]
Epoch 15/100:  83% 39/47 [00:00<00:00, 118.17it/s]{"train/step": 750, "train/loss": 0.2608368992805481}
Epoch 15/100: 100% 47/47 [00:00<00:00, 117.13it/s]
Epoch 16/100: 100% 47/47 [00:00<00:00, 123.60it/s]
Epoch 17/100: 100% 47/47 [00:00<00:00, 120.41it/s]
Epoch 18/100: 100% 47/47 [00:00<00:00, 115.38it/s]
Epoch 19/100: 100% 47/47 [00:00<00:00, 121.45it/s]
Epoch 20/100: 100% 47/47 [00:00<00:00, 115.79it/s]
{"epoch": 20, "val/mean_return": -20.0, "val/std_return": 0.0}
Epoch 21/100:  23% 11/47 [00:00<00:00, 103.79it/s]{"train/step": 1000, "train/loss": 0.23715715110301971}
Epoch 21/100: 100% 47/47 [00:00<00:00, 112.28it/s]
Epoch 22/100: 100% 47/47 [00:00<00:00, 112.34it/s]
Epoch 23/100: 100% 47/47 [00:00<00:00, 120.95it/s]
Epoch 24/100: 100% 47/47 [00:00<00:00, 118.61it/s]
Epoch 25/100: 100% 47/47 [00:00<00:00, 118.00it/s]
Epoch 26/100:  53% 25/47 [00:00<00:00, 117.59it/s]{"train/step": 1250, "train/loss": 0.27215081453323364}
Epoch 26/100: 100% 47/47 [00:00<00:00, 117.02it/s]
Epoch 27/100: 100% 47/47 [00:00<00:00, 115.72it/s]
Epoch 28/100: 100% 47/47 [00:00<00:00, 120.30it/s]
Epoch 29/100: 100% 47/47 [00:00<00:00, 122.23it/s]
Epoch 30/100: 100% 47/47 [00:00<00:00, 113.51it/s]
{"epoch": 30, "val/mean_return": -20.0, "val/std_return": 0.0}
Epoch 31/100:  74% 35/47 [00:00<00:00, 115.82it/s]{"train/step": 1500, "train/loss": 0.21099257469177246}
Epoch 31/100: 100% 47/47 [00:00<00:00, 110.80it/s]
Epoch 32/100: 100% 47/47 [00:00<00:00, 114.94it/s]
Epoch 33/100: 100% 47/47 [00:00<00:00, 120.93it/s]
Epoch 34/100: 100% 47/47 [00:00<00:00, 113.25it/s]
Epoch 35/100: 100% 47/47 [00:00<00:00, 122.49it/s]
Epoch 36/100: 100% 47/47 [00:00<00:00, 113.15it/s]
Epoch 37/100:   0% 0/47 [00:00<?, ?it/s]{"train/step": 1750, "train/loss": 0.2542804479598999}
Epoch 37/100: 100% 47/47 [00:00<00:00, 122.45it/s]
Epoch 38/100: 100% 47/47 [00:00<00:00, 121.00it/s]
Epoch 39/100: 100% 47/47 [00:00<00:00, 114.21it/s]
Epoch 40/100: 100% 47/47 [00:00<00:00, 121.24it/s]
{"epoch": 40, "val/mean_return": -20.0, "val/std_return": 0.0}
Epoch 41/100: 100% 47/47 [00:00<00:00, 88.08it/s]
Epoch 42/100:  40% 19/47 [00:00<00:00, 93.80it/s]{"train/step": 2000, "train/loss": 0.28687721490859985}
Epoch 42/100: 100% 47/47 [00:00<00:00, 90.44it/s]
Epoch 43/100: 100% 47/47 [00:00<00:00, 78.82it/s]
Epoch 44/100: 100% 47/47 [00:00<00:00, 120.55it/s]
Epoch 45/100: 100% 47/47 [00:00<00:00, 115.45it/s]
Epoch 46/100: 100% 47/47 [00:00<00:00, 119.17it/s]
Epoch 47/100:  81% 38/47 [00:00<00:00, 116.64it/s]{"train/step": 2250, "train/loss": 0.1624523252248764}
Epoch 47/100: 100% 47/47 [00:00<00:00, 118.44it/s]
Epoch 48/100: 100% 47/47 [00:00<00:00, 115.50it/s]
Epoch 49/100: 100% 47/47 [00:00<00:00, 119.77it/s]
Epoch 50/100: 100% 47/47 [00:00<00:00, 116.88it/s]
{"epoch": 50, "val/mean_return": -20.0, "val/std_return": 0.0}
Epoch 51/100: 100% 47/47 [00:00<00:00, 110.40it/s]
Epoch 52/100: 100% 47/47 [00:00<00:00, 118.81it/s]
Epoch 53/100:   0% 0/47 [00:00<?, ?it/s]{"train/step": 2500, "train/loss": 0.21655093133449554}
Epoch 53/100: 100% 47/47 [00:00<00:00, 117.94it/s]
Epoch 54/100: 100% 47/47 [00:00<00:00, 121.26it/s]
Epoch 55/100: 100% 47/47 [00:00<00:00, 99.03it/s] 
Epoch 56/100: 100% 47/47 [00:00<00:00, 84.31it/s]
Epoch 57/100: 100% 47/47 [00:00<00:00, 92.64it/s]
Epoch 58/100:  38% 18/47 [00:00<00:00, 83.72it/s]{"train/step": 2750, "train/loss": 0.21788521111011505}
Epoch 58/100: 100% 47/47 [00:00<00:00, 77.89it/s]
Epoch 59/100: 100% 47/47 [00:00<00:00, 101.59it/s]
Epoch 60/100: 100% 47/47 [00:00<00:00, 115.03it/s]
{"epoch": 60, "val/mean_return": -20.0, "val/std_return": 0.0}
Epoch 61/100: 100% 47/47 [00:00<00:00, 110.15it/s]
Epoch 62/100: 100% 47/47 [00:00<00:00, 109.47it/s]
Epoch 63/100:  83% 39/47 [00:00<00:00, 119.48it/s]{"train/step": 3000, "train/loss": 0.17759378254413605}
Epoch 63/100: 100% 47/47 [00:00<00:00, 117.17it/s]
Epoch 64/100: 100% 47/47 [00:00<00:00, 118.26it/s]
Epoch 65/100: 100% 47/47 [00:00<00:00, 119.30it/s]
Epoch 66/100: 100% 47/47 [00:00<00:00, 118.25it/s]
Epoch 67/100: 100% 47/47 [00:00<00:00, 119.00it/s]
Epoch 68/100: 100% 47/47 [00:00<00:00, 123.49it/s]
Epoch 69/100:   0% 0/47 [00:00<?, ?it/s]{"train/step": 3250, "train/loss": 0.23802077770233154}
Epoch 69/100: 100% 47/47 [00:00<00:00, 120.32it/s]
Epoch 70/100: 100% 47/47 [00:00<00:00, 112.73it/s]
{"epoch": 70, "val/mean_return": -20.0, "val/std_return": 0.0}
Epoch 71/100: 100% 47/47 [00:00<00:00, 112.05it/s]
Epoch 72/100: 100% 47/47 [00:00<00:00, 116.70it/s]
Epoch 73/100: 100% 47/47 [00:00<00:00, 119.14it/s]
Epoch 74/100:  23% 11/47 [00:00<00:00, 107.31it/s]{"train/step": 3500, "train/loss": 0.15713612735271454}
Epoch 74/100: 100% 47/47 [00:00<00:00, 117.46it/s]
Epoch 75/100: 100% 47/47 [00:00<00:00, 120.31it/s]
Epoch 76/100: 100% 47/47 [00:00<00:00, 117.59it/s]
Epoch 77/100: 100% 47/47 [00:00<00:00, 120.41it/s]
Epoch 78/100: 100% 47/47 [00:00<00:00, 123.28it/s]
Epoch 79/100:  74% 35/47 [00:00<00:00, 113.13it/s]{"train/step": 3750, "train/loss": 0.23515553772449493}
Epoch 79/100: 100% 47/47 [00:00<00:00, 114.71it/s]
Epoch 80/100: 100% 47/47 [00:00<00:00, 120.44it/s]
{"epoch": 80, "val/mean_return": -20.0, "val/std_return": 0.0}
Epoch 81/100: 100% 47/47 [00:00<00:00, 112.73it/s]
Epoch 82/100: 100% 47/47 [00:00<00:00, 116.50it/s]
Epoch 83/100: 100% 47/47 [00:00<00:00, 114.91it/s]
Epoch 84/100: 100% 47/47 [00:00<00:00, 117.41it/s]
Epoch 85/100:   0% 0/47 [00:00<?, ?it/s]{"train/step": 4000, "train/loss": 0.16940204799175262}
Epoch 85/100: 100% 47/47 [00:00<00:00, 115.88it/s]
Epoch 86/100: 100% 47/47 [00:00<00:00, 122.81it/s]
Epoch 87/100: 100% 47/47 [00:00<00:00, 123.01it/s]
Epoch 88/100: 100% 47/47 [00:00<00:00, 119.18it/s]
Epoch 89/100: 100% 47/47 [00:00<00:00, 115.97it/s]
Epoch 90/100:  28% 13/47 [00:00<00:00, 127.01it/s]{"train/step": 4250, "train/loss": 0.27515336871147156}
Epoch 90/100: 100% 47/47 [00:00<00:00, 117.75it/s]
{"epoch": 90, "val/mean_return": -20.0, "val/std_return": 0.0}
Epoch 91/100: 100% 47/47 [00:00<00:00, 84.47it/s]
Epoch 92/100: 100% 47/47 [00:00<00:00, 94.31it/s] 
Epoch 93/100: 100% 47/47 [00:00<00:00, 119.91it/s]
Epoch 94/100: 100% 47/47 [00:00<00:00, 114.34it/s]
Epoch 95/100:  55% 26/47 [00:00<00:00, 126.39it/s]{"train/step": 4500, "train/loss": 0.22561292350292206}
Epoch 95/100: 100% 47/47 [00:00<00:00, 121.99it/s]
Epoch 96/100: 100% 47/47 [00:00<00:00, 117.10it/s]
Epoch 97/100: 100% 47/47 [00:00<00:00, 111.51it/s]
Epoch 98/100: 100% 47/47 [00:00<00:00, 119.47it/s]
Epoch 99/100: 100% 47/47 [00:00<00:00, 117.21it/s]
Epoch 100/100: 100% 47/47 [00:00<00:00, 114.19it/s]
{"epoch": 100, "val/mean_return": -20.0, "val/std_return": 0.0}
--- Finished: Variant=no_phase, Env=MountainCar-v0, Seed=3 (Success) ---

--- [120/140] Running: Variant=no_phase, Env=MountainCar-v0, Seed=4 ---
{"train/param_count": 425353}
Epoch 1/100: 100% 47/47 [00:00<00:00, 63.71it/s]
Epoch 2/100: 100% 47/47 [00:00<00:00, 113.23it/s]
Epoch 3/100: 100% 47/47 [00:00<00:00, 121.30it/s]
Epoch 4/100: 100% 47/47 [00:00<00:00, 115.50it/s]
Epoch 5/100:  28% 13/47 [00:00<00:00, 124.45it/s]{"train/step": 250, "train/loss": 0.26191291213035583}
Epoch 5/100: 100% 47/47 [00:00<00:00, 119.08it/s]
Epoch 6/100: 100% 47/47 [00:00<00:00, 120.80it/s]
Epoch 7/100: 100% 47/47 [00:00<00:00, 111.41it/s]
Epoch 8/100: 100% 47/47 [00:00<00:00, 123.11it/s]
Epoch 9/100: 100% 47/47 [00:00<00:00, 117.20it/s]
Epoch 10/100:  53% 25/47 [00:00<00:00, 121.00it/s]{"train/step": 500, "train/loss": 0.185373455286026}
Epoch 10/100: 100% 47/47 [00:00<00:00, 120.02it/s]
{"epoch": 10, "val/mean_return": -20.0, "val/std_return": 0.0}
Epoch 11/100: 100% 47/47 [00:00<00:00, 88.11it/s]
Epoch 12/100: 100% 47/47 [00:00<00:00, 86.86it/s]
Epoch 13/100: 100% 47/47 [00:00<00:00, 74.75it/s]
Epoch 14/100: 100% 47/47 [00:00<00:00, 109.11it/s]
Epoch 15/100:  83% 39/47 [00:00<00:00, 121.14it/s]{"train/step": 750, "train/loss": 0.15453055500984192}
Epoch 15/100: 100% 47/47 [00:00<00:00, 117.14it/s]
Epoch 16/100: 100% 47/47 [00:00<00:00, 114.55it/s]
Epoch 17/100: 100% 47/47 [00:00<00:00, 115.46it/s]
Epoch 18/100: 100% 47/47 [00:00<00:00, 116.76it/s]
Epoch 19/100: 100% 47/47 [00:00<00:00, 117.51it/s]
Epoch 20/100: 100% 47/47 [00:00<00:00, 119.97it/s]
{"epoch": 20, "val/mean_return": -20.0, "val/std_return": 0.0}
Epoch 21/100:  23% 11/47 [00:00<00:00, 104.35it/s]{"train/step": 1000, "train/loss": 0.23946721851825714}
Epoch 21/100: 100% 47/47 [00:00<00:00, 112.40it/s]
Epoch 22/100: 100% 47/47 [00:00<00:00, 117.70it/s]
Epoch 23/100: 100% 47/47 [00:00<00:00, 117.79it/s]
Epoch 24/100: 100% 47/47 [00:00<00:00, 116.77it/s]
Epoch 25/100: 100% 47/47 [00:00<00:00, 119.95it/s]
Epoch 26/100:  47% 22/47 [00:00<00:00, 87.66it/s] {"train/step": 1250, "train/loss": 0.2509990930557251}
Epoch 26/100: 100% 47/47 [00:00<00:00, 85.38it/s]
Epoch 27/100: 100% 47/47 [00:00<00:00, 87.65it/s]
Epoch 28/100: 100% 47/47 [00:00<00:00, 79.35it/s]
Epoch 29/100: 100% 47/47 [00:00<00:00, 82.32it/s]
Epoch 30/100: 100% 47/47 [00:00<00:00, 108.73it/s]
{"epoch": 30, "val/mean_return": -20.0, "val/std_return": 0.0}
Epoch 31/100:  77% 36/47 [00:00<00:00, 111.44it/s]{"train/step": 1500, "train/loss": 0.21540816128253937}
Epoch 31/100: 100% 47/47 [00:00<00:00, 113.96it/s]
Epoch 32/100: 100% 47/47 [00:00<00:00, 119.41it/s]
Epoch 33/100: 100% 47/47 [00:00<00:00, 118.08it/s]
Epoch 34/100: 100% 47/47 [00:00<00:00, 122.29it/s]
Epoch 35/100: 100% 47/47 [00:00<00:00, 116.23it/s]
Epoch 36/100: 100% 47/47 [00:00<00:00, 117.84it/s]
Epoch 37/100:   0% 0/47 [00:00<?, ?it/s]{"train/step": 1750, "train/loss": 0.24435825645923615}
Epoch 37/100: 100% 47/47 [00:00<00:00, 115.59it/s]
Epoch 38/100: 100% 47/47 [00:00<00:00, 115.99it/s]
Epoch 39/100: 100% 47/47 [00:00<00:00, 122.27it/s]
Epoch 40/100: 100% 47/47 [00:00<00:00, 111.12it/s]
{"epoch": 40, "val/mean_return": -20.0, "val/std_return": 0.0}
Epoch 41/100: 100% 47/47 [00:00<00:00, 115.41it/s]
Epoch 42/100:  51% 24/47 [00:00<00:00, 111.72it/s]{"train/step": 2000, "train/loss": 0.2940521538257599}
Epoch 42/100: 100% 47/47 [00:00<00:00, 119.27it/s]
Epoch 43/100: 100% 47/47 [00:00<00:00, 117.11it/s]
Epoch 44/100: 100% 47/47 [00:00<00:00, 114.01it/s]
Epoch 45/100: 100% 47/47 [00:00<00:00, 121.57it/s]
Epoch 46/100: 100% 47/47 [00:00<00:00, 116.58it/s]
Epoch 47/100:  81% 38/47 [00:00<00:00, 116.46it/s]{"train/step": 2250, "train/loss": 0.23083682358264923}
Epoch 47/100: 100% 47/47 [00:00<00:00, 119.26it/s]
Epoch 48/100: 100% 47/47 [00:00<00:00, 118.03it/s]
Epoch 49/100: 100% 47/47 [00:00<00:00, 115.77it/s]
Epoch 50/100: 100% 47/47 [00:00<00:00, 122.07it/s]
{"epoch": 50, "val/mean_return": -20.0, "val/std_return": 0.0}
Epoch 51/100: 100% 47/47 [00:00<00:00, 112.77it/s]
Epoch 52/100: 100% 47/47 [00:00<00:00, 122.38it/s]
Epoch 53/100:   0% 0/47 [00:00<?, ?it/s]{"train/step": 2500, "train/loss": 0.21405498683452606}
Epoch 53/100: 100% 47/47 [00:00<00:00, 114.39it/s]
Epoch 54/100: 100% 47/47 [00:00<00:00, 122.86it/s]
Epoch 55/100: 100% 47/47 [00:00<00:00, 117.94it/s]
Epoch 56/100: 100% 47/47 [00:00<00:00, 117.35it/s]
Epoch 57/100: 100% 47/47 [00:00<00:00, 117.75it/s]
Epoch 58/100:  28% 13/47 [00:00<00:00, 127.45it/s]{"train/step": 2750, "train/loss": 0.22220654785633087}
Epoch 58/100: 100% 47/47 [00:00<00:00, 121.52it/s]
Epoch 59/100: 100% 47/47 [00:00<00:00, 115.42it/s]
Epoch 60/100: 100% 47/47 [00:00<00:00, 119.41it/s]
{"epoch": 60, "val/mean_return": -20.0, "val/std_return": 0.0}
Epoch 61/100: 100% 47/47 [00:00<00:00, 84.55it/s]
Epoch 62/100: 100% 47/47 [00:00<00:00, 82.18it/s]
Epoch 63/100:  83% 39/47 [00:00<00:00, 118.86it/s]{"train/step": 3000, "train/loss": 0.2858494818210602}
Epoch 63/100: 100% 47/47 [00:00<00:00, 120.10it/s]
Epoch 64/100: 100% 47/47 [00:00<00:00, 122.51it/s]
Epoch 65/100: 100% 47/47 [00:00<00:00, 116.04it/s]
Epoch 66/100: 100% 47/47 [00:00<00:00, 121.32it/s]
Epoch 67/100: 100% 47/47 [00:00<00:00, 123.74it/s]
Epoch 68/100: 100% 47/47 [00:00<00:00, 114.83it/s]
Epoch 69/100:   0% 0/47 [00:00<?, ?it/s]{"train/step": 3250, "train/loss": 0.24198608100414276}
Epoch 69/100: 100% 47/47 [00:00<00:00, 121.56it/s]
Epoch 70/100: 100% 47/47 [00:00<00:00, 116.63it/s]
{"epoch": 70, "val/mean_return": -20.0, "val/std_return": 0.0}
Epoch 71/100: 100% 47/47 [00:00<00:00, 118.14it/s]
Epoch 72/100: 100% 47/47 [00:00<00:00, 121.82it/s]
Epoch 73/100: 100% 47/47 [00:00<00:00, 115.40it/s]
Epoch 74/100:  28% 13/47 [00:00<00:00, 123.89it/s]{"train/step": 3500, "train/loss": 0.23040799796581268}
Epoch 74/100: 100% 47/47 [00:00<00:00, 114.66it/s]
Epoch 75/100: 100% 47/47 [00:00<00:00, 80.52it/s]
Epoch 76/100: 100% 47/47 [00:00<00:00, 87.79it/s]
Epoch 77/100: 100% 47/47 [00:00<00:00, 80.04it/s]
Epoch 78/100: 100% 47/47 [00:00<00:00, 96.94it/s] 
Epoch 79/100:  55% 26/47 [00:00<00:00, 126.44it/s]{"train/step": 3750, "train/loss": 0.3299296498298645}
Epoch 79/100: 100% 47/47 [00:00<00:00, 117.68it/s]
Epoch 80/100: 100% 47/47 [00:00<00:00, 123.81it/s]
{"epoch": 80, "val/mean_return": -20.0, "val/std_return": 0.0}
Epoch 81/100: 100% 47/47 [00:00<00:00, 109.54it/s]
Epoch 82/100: 100% 47/47 [00:00<00:00, 115.29it/s]
Epoch 83/100: 100% 47/47 [00:00<00:00, 121.70it/s]
Epoch 84/100: 100% 47/47 [00:00<00:00, 118.80it/s]
Epoch 85/100:   0% 0/47 [00:00<?, ?it/s]{"train/step": 4000, "train/loss": 0.2802341878414154}
Epoch 85/100: 100% 47/47 [00:00<00:00, 122.42it/s]
Epoch 86/100: 100% 47/47 [00:00<00:00, 117.54it/s]
Epoch 87/100: 100% 47/47 [00:00<00:00, 116.82it/s]
Epoch 88/100: 100% 47/47 [00:00<00:00, 122.39it/s]
Epoch 89/100: 100% 47/47 [00:00<00:00, 123.56it/s]
Epoch 90/100:  21% 10/47 [00:00<00:00, 96.62it/s]{"train/step": 4250, "train/loss": 0.28670236468315125}
Epoch 90/100: 100% 47/47 [00:00<00:00, 99.26it/s]
{"epoch": 90, "val/mean_return": -20.0, "val/std_return": 0.0}
Epoch 91/100: 100% 47/47 [00:00<00:00, 110.00it/s]
Epoch 92/100: 100% 47/47 [00:00<00:00, 121.88it/s]
Epoch 93/100: 100% 47/47 [00:00<00:00, 112.15it/s]
Epoch 94/100: 100% 47/47 [00:00<00:00, 120.45it/s]
Epoch 95/100:  53% 25/47 [00:00<00:00, 121.91it/s]{"train/step": 4500, "train/loss": 0.1883617639541626}
Epoch 95/100: 100% 47/47 [00:00<00:00, 118.54it/s]
Epoch 96/100: 100% 47/47 [00:00<00:00, 116.68it/s]
Epoch 97/100: 100% 47/47 [00:00<00:00, 120.74it/s]
Epoch 98/100: 100% 47/47 [00:00<00:00, 113.91it/s]
Epoch 99/100: 100% 47/47 [00:00<00:00, 118.07it/s]
Epoch 100/100: 100% 47/47 [00:00<00:00, 118.35it/s]
{"epoch": 100, "val/mean_return": -20.0, "val/std_return": 0.0}
--- Finished: Variant=no_phase, Env=MountainCar-v0, Seed=4 (Success) ---

--- [121/140] Running: Variant=dt, Env=MountainCar-v0, Seed=0 ---
Traceback (most recent call last):
  File "/content/neuromorphic_decision_transformer/ablation_studies/run_experiment.py", line 234, in <module>
    main()
  File "/content/neuromorphic_decision_transformer/ablation_studies/run_experiment.py", line 231, in main
    train(cfg, logger)
  File "/content/neuromorphic_decision_transformer/ablation_studies/run_experiment.py", line 170, in train
    model = get_model(cfg).to(cfg.device)
            ^^^^^^^^^^^^^^
  File "/content/neuromorphic_decision_transformer/ablation_studies/run_experiment.py", line 70, in get_model
    module = __import__(module_name, fromlist=[class_name])
             ^^^^^^^^^^^^^^^^^^^^^^^^^^^^^^^^^^^^^^^^^^^^^^
  File "/content/neuromorphic_decision_transformer/snn-dt/src/models/dt.py", line 5, in <module>
    from src.models.base import BasePolicy
  File "/content/neuromorphic_decision_transformer/src/models/__init__.py", line 7, in <module>
    from .spiking_layers import SpikingSelfAttention
  File "/content/neuromorphic_decision_transformer/src/models/spiking_layers.py", line 9, in <module>
    from .snn_lif import LIFNeuronLayer # This import is from the original file, kept for other components
    ^^^^^^^^^^^^^^^^^^^^^^^^^^^^^^^^^^^
  File "/content/neuromorphic_decision_transformer/src/models/snn_lif.py", line 11, in <module>
    import norse.torch as norse
ModuleNotFoundError: No module named 'norse'
  Error running job: Command '['/usr/bin/python3', '/content/neuromorphic_decision_transformer/ablation_studies/run_experiment.py', '--variant', 'dt', '--env', 'MountainCar-v0', '--seed', '0', '--contract', 'experiment_contract_light.yaml']' returned non-zero exit status 1.
--- Finished: Variant=dt, Env=MountainCar-v0, Seed=0 (Failed) ---

--- [122/140] Running: Variant=dt, Env=MountainCar-v0, Seed=1 ---
Traceback (most recent call last):
  File "/content/neuromorphic_decision_transformer/ablation_studies/run_experiment.py", line 234, in <module>
    main()
  File "/content/neuromorphic_decision_transformer/ablation_studies/run_experiment.py", line 231, in main
    train(cfg, logger)
  File "/content/neuromorphic_decision_transformer/ablation_studies/run_experiment.py", line 170, in train
    model = get_model(cfg).to(cfg.device)
            ^^^^^^^^^^^^^^
  File "/content/neuromorphic_decision_transformer/ablation_studies/run_experiment.py", line 70, in get_model
    module = __import__(module_name, fromlist=[class_name])
             ^^^^^^^^^^^^^^^^^^^^^^^^^^^^^^^^^^^^^^^^^^^^^^
  File "/content/neuromorphic_decision_transformer/snn-dt/src/models/dt.py", line 5, in <module>
    from src.models.base import BasePolicy
  File "/content/neuromorphic_decision_transformer/src/models/__init__.py", line 7, in <module>
    from .spiking_layers import SpikingSelfAttention
  File "/content/neuromorphic_decision_transformer/src/models/spiking_layers.py", line 9, in <module>
    from .snn_lif import LIFNeuronLayer # This import is from the original file, kept for other components
    ^^^^^^^^^^^^^^^^^^^^^^^^^^^^^^^^^^^
  File "/content/neuromorphic_decision_transformer/src/models/snn_lif.py", line 11, in <module>
    import norse.torch as norse
ModuleNotFoundError: No module named 'norse'
  Error running job: Command '['/usr/bin/python3', '/content/neuromorphic_decision_transformer/ablation_studies/run_experiment.py', '--variant', 'dt', '--env', 'MountainCar-v0', '--seed', '1', '--contract', 'experiment_contract_light.yaml']' returned non-zero exit status 1.
--- Finished: Variant=dt, Env=MountainCar-v0, Seed=1 (Failed) ---

--- [123/140] Running: Variant=dt, Env=MountainCar-v0, Seed=2 ---
Traceback (most recent call last):
  File "/content/neuromorphic_decision_transformer/ablation_studies/run_experiment.py", line 234, in <module>
    main()
  File "/content/neuromorphic_decision_transformer/ablation_studies/run_experiment.py", line 231, in main
    train(cfg, logger)
  File "/content/neuromorphic_decision_transformer/ablation_studies/run_experiment.py", line 170, in train
    model = get_model(cfg).to(cfg.device)
            ^^^^^^^^^^^^^^
  File "/content/neuromorphic_decision_transformer/ablation_studies/run_experiment.py", line 70, in get_model
    module = __import__(module_name, fromlist=[class_name])
             ^^^^^^^^^^^^^^^^^^^^^^^^^^^^^^^^^^^^^^^^^^^^^^
  File "/content/neuromorphic_decision_transformer/snn-dt/src/models/dt.py", line 5, in <module>
    from src.models.base import BasePolicy
  File "/content/neuromorphic_decision_transformer/src/models/__init__.py", line 7, in <module>
    from .spiking_layers import SpikingSelfAttention
  File "/content/neuromorphic_decision_transformer/src/models/spiking_layers.py", line 9, in <module>
    from .snn_lif import LIFNeuronLayer # This import is from the original file, kept for other components
    ^^^^^^^^^^^^^^^^^^^^^^^^^^^^^^^^^^^
  File "/content/neuromorphic_decision_transformer/src/models/snn_lif.py", line 11, in <module>
    import norse.torch as norse
ModuleNotFoundError: No module named 'norse'
  Error running job: Command '['/usr/bin/python3', '/content/neuromorphic_decision_transformer/ablation_studies/run_experiment.py', '--variant', 'dt', '--env', 'MountainCar-v0', '--seed', '2', '--contract', 'experiment_contract_light.yaml']' returned non-zero exit status 1.
--- Finished: Variant=dt, Env=MountainCar-v0, Seed=2 (Failed) ---

--- [124/140] Running: Variant=dt, Env=MountainCar-v0, Seed=3 ---
Traceback (most recent call last):
  File "/content/neuromorphic_decision_transformer/ablation_studies/run_experiment.py", line 234, in <module>
    main()
  File "/content/neuromorphic_decision_transformer/ablation_studies/run_experiment.py", line 231, in main
    train(cfg, logger)
  File "/content/neuromorphic_decision_transformer/ablation_studies/run_experiment.py", line 170, in train
    model = get_model(cfg).to(cfg.device)
            ^^^^^^^^^^^^^^
  File "/content/neuromorphic_decision_transformer/ablation_studies/run_experiment.py", line 70, in get_model
    module = __import__(module_name, fromlist=[class_name])
             ^^^^^^^^^^^^^^^^^^^^^^^^^^^^^^^^^^^^^^^^^^^^^^
  File "/content/neuromorphic_decision_transformer/snn-dt/src/models/dt.py", line 5, in <module>
    from src.models.base import BasePolicy
  File "/content/neuromorphic_decision_transformer/src/models/__init__.py", line 7, in <module>
    from .spiking_layers import SpikingSelfAttention
  File "/content/neuromorphic_decision_transformer/src/models/spiking_layers.py", line 9, in <module>
    from .snn_lif import LIFNeuronLayer # This import is from the original file, kept for other components
    ^^^^^^^^^^^^^^^^^^^^^^^^^^^^^^^^^^^
  File "/content/neuromorphic_decision_transformer/src/models/snn_lif.py", line 11, in <module>
    import norse.torch as norse
ModuleNotFoundError: No module named 'norse'
  Error running job: Command '['/usr/bin/python3', '/content/neuromorphic_decision_transformer/ablation_studies/run_experiment.py', '--variant', 'dt', '--env', 'MountainCar-v0', '--seed', '3', '--contract', 'experiment_contract_light.yaml']' returned non-zero exit status 1.
--- Finished: Variant=dt, Env=MountainCar-v0, Seed=3 (Failed) ---

--- [125/140] Running: Variant=dt, Env=MountainCar-v0, Seed=4 ---
Traceback (most recent call last):
  File "/content/neuromorphic_decision_transformer/ablation_studies/run_experiment.py", line 234, in <module>
    main()
  File "/content/neuromorphic_decision_transformer/ablation_studies/run_experiment.py", line 231, in main
    train(cfg, logger)
  File "/content/neuromorphic_decision_transformer/ablation_studies/run_experiment.py", line 170, in train
    model = get_model(cfg).to(cfg.device)
            ^^^^^^^^^^^^^^
  File "/content/neuromorphic_decision_transformer/ablation_studies/run_experiment.py", line 70, in get_model
    module = __import__(module_name, fromlist=[class_name])
             ^^^^^^^^^^^^^^^^^^^^^^^^^^^^^^^^^^^^^^^^^^^^^^
  File "/content/neuromorphic_decision_transformer/snn-dt/src/models/dt.py", line 5, in <module>
    from src.models.base import BasePolicy
  File "/content/neuromorphic_decision_transformer/src/models/__init__.py", line 7, in <module>
    from .spiking_layers import SpikingSelfAttention
  File "/content/neuromorphic_decision_transformer/src/models/spiking_layers.py", line 9, in <module>
    from .snn_lif import LIFNeuronLayer # This import is from the original file, kept for other components
    ^^^^^^^^^^^^^^^^^^^^^^^^^^^^^^^^^^^
  File "/content/neuromorphic_decision_transformer/src/models/snn_lif.py", line 11, in <module>
    import norse.torch as norse
ModuleNotFoundError: No module named 'norse'
  Error running job: Command '['/usr/bin/python3', '/content/neuromorphic_decision_transformer/ablation_studies/run_experiment.py', '--variant', 'dt', '--env', 'MountainCar-v0', '--seed', '4', '--contract', 'experiment_contract_light.yaml']' returned non-zero exit status 1.
--- Finished: Variant=dt, Env=MountainCar-v0, Seed=4 (Failed) ---

--- [126/140] Running: Variant=snn_dt, Env=MountainCar-v0, Seed=0 ---
Traceback (most recent call last):
  File "/content/neuromorphic_decision_transformer/ablation_studies/run_experiment.py", line 234, in <module>
    main()
  File "/content/neuromorphic_decision_transformer/ablation_studies/run_experiment.py", line 231, in main
    train(cfg, logger)
  File "/content/neuromorphic_decision_transformer/ablation_studies/run_experiment.py", line 170, in train
    model = get_model(cfg).to(cfg.device)
            ^^^^^^^^^^^^^^
  File "/content/neuromorphic_decision_transformer/ablation_studies/run_experiment.py", line 70, in get_model
    module = __import__(module_name, fromlist=[class_name])
             ^^^^^^^^^^^^^^^^^^^^^^^^^^^^^^^^^^^^^^^^^^^^^^
  File "/content/neuromorphic_decision_transformer/snn-dt/src/models/snn_dt.py", line 23, in <module>
    from src.models.base import BasePolicy
  File "/content/neuromorphic_decision_transformer/src/models/__init__.py", line 7, in <module>
    from .spiking_layers import SpikingSelfAttention
  File "/content/neuromorphic_decision_transformer/src/models/spiking_layers.py", line 9, in <module>
    from .snn_lif import LIFNeuronLayer # This import is from the original file, kept for other components
    ^^^^^^^^^^^^^^^^^^^^^^^^^^^^^^^^^^^
  File "/content/neuromorphic_decision_transformer/src/models/snn_lif.py", line 11, in <module>
    import norse.torch as norse
ModuleNotFoundError: No module named 'norse'
  Error running job: Command '['/usr/bin/python3', '/content/neuromorphic_decision_transformer/ablation_studies/run_experiment.py', '--variant', 'snn_dt', '--env', 'MountainCar-v0', '--seed', '0', '--contract', 'experiment_contract_light.yaml']' returned non-zero exit status 1.
--- Finished: Variant=snn_dt, Env=MountainCar-v0, Seed=0 (Failed) ---

--- [127/140] Running: Variant=snn_dt, Env=MountainCar-v0, Seed=1 ---
Traceback (most recent call last):
  File "/content/neuromorphic_decision_transformer/ablation_studies/run_experiment.py", line 234, in <module>
    main()
  File "/content/neuromorphic_decision_transformer/ablation_studies/run_experiment.py", line 231, in main
    train(cfg, logger)
  File "/content/neuromorphic_decision_transformer/ablation_studies/run_experiment.py", line 170, in train
    model = get_model(cfg).to(cfg.device)
            ^^^^^^^^^^^^^^
  File "/content/neuromorphic_decision_transformer/ablation_studies/run_experiment.py", line 70, in get_model
    module = __import__(module_name, fromlist=[class_name])
             ^^^^^^^^^^^^^^^^^^^^^^^^^^^^^^^^^^^^^^^^^^^^^^
  File "/content/neuromorphic_decision_transformer/snn-dt/src/models/snn_dt.py", line 23, in <module>
    from src.models.base import BasePolicy
  File "/content/neuromorphic_decision_transformer/src/models/__init__.py", line 7, in <module>
    from .spiking_layers import SpikingSelfAttention
  File "/content/neuromorphic_decision_transformer/src/models/spiking_layers.py", line 9, in <module>
    from .snn_lif import LIFNeuronLayer # This import is from the original file, kept for other components
    ^^^^^^^^^^^^^^^^^^^^^^^^^^^^^^^^^^^
  File "/content/neuromorphic_decision_transformer/src/models/snn_lif.py", line 11, in <module>
    import norse.torch as norse
ModuleNotFoundError: No module named 'norse'
  Error running job: Command '['/usr/bin/python3', '/content/neuromorphic_decision_transformer/ablation_studies/run_experiment.py', '--variant', 'snn_dt', '--env', 'MountainCar-v0', '--seed', '1', '--contract', 'experiment_contract_light.yaml']' returned non-zero exit status 1.
--- Finished: Variant=snn_dt, Env=MountainCar-v0, Seed=1 (Failed) ---

--- [128/140] Running: Variant=snn_dt, Env=MountainCar-v0, Seed=2 ---
Traceback (most recent call last):
  File "/content/neuromorphic_decision_transformer/ablation_studies/run_experiment.py", line 234, in <module>
    main()
  File "/content/neuromorphic_decision_transformer/ablation_studies/run_experiment.py", line 231, in main
    train(cfg, logger)
  File "/content/neuromorphic_decision_transformer/ablation_studies/run_experiment.py", line 170, in train
    model = get_model(cfg).to(cfg.device)
            ^^^^^^^^^^^^^^
  File "/content/neuromorphic_decision_transformer/ablation_studies/run_experiment.py", line 70, in get_model
    module = __import__(module_name, fromlist=[class_name])
             ^^^^^^^^^^^^^^^^^^^^^^^^^^^^^^^^^^^^^^^^^^^^^^
  File "/content/neuromorphic_decision_transformer/snn-dt/src/models/snn_dt.py", line 23, in <module>
    from src.models.base import BasePolicy
  File "/content/neuromorphic_decision_transformer/src/models/__init__.py", line 7, in <module>
    from .spiking_layers import SpikingSelfAttention
  File "/content/neuromorphic_decision_transformer/src/models/spiking_layers.py", line 9, in <module>
    from .snn_lif import LIFNeuronLayer # This import is from the original file, kept for other components
    ^^^^^^^^^^^^^^^^^^^^^^^^^^^^^^^^^^^
  File "/content/neuromorphic_decision_transformer/src/models/snn_lif.py", line 11, in <module>
    import norse.torch as norse
ModuleNotFoundError: No module named 'norse'
  Error running job: Command '['/usr/bin/python3', '/content/neuromorphic_decision_transformer/ablation_studies/run_experiment.py', '--variant', 'snn_dt', '--env', 'MountainCar-v0', '--seed', '2', '--contract', 'experiment_contract_light.yaml']' returned non-zero exit status 1.
--- Finished: Variant=snn_dt, Env=MountainCar-v0, Seed=2 (Failed) ---

--- [129/140] Running: Variant=snn_dt, Env=MountainCar-v0, Seed=3 ---
Traceback (most recent call last):
  File "/content/neuromorphic_decision_transformer/ablation_studies/run_experiment.py", line 234, in <module>
    main()
  File "/content/neuromorphic_decision_transformer/ablation_studies/run_experiment.py", line 231, in main
    train(cfg, logger)
  File "/content/neuromorphic_decision_transformer/ablation_studies/run_experiment.py", line 170, in train
    model = get_model(cfg).to(cfg.device)
            ^^^^^^^^^^^^^^
  File "/content/neuromorphic_decision_transformer/ablation_studies/run_experiment.py", line 70, in get_model
    module = __import__(module_name, fromlist=[class_name])
             ^^^^^^^^^^^^^^^^^^^^^^^^^^^^^^^^^^^^^^^^^^^^^^
  File "/content/neuromorphic_decision_transformer/snn-dt/src/models/snn_dt.py", line 23, in <module>
    from src.models.base import BasePolicy
  File "/content/neuromorphic_decision_transformer/src/models/__init__.py", line 7, in <module>
    from .spiking_layers import SpikingSelfAttention
  File "/content/neuromorphic_decision_transformer/src/models/spiking_layers.py", line 9, in <module>
    from .snn_lif import LIFNeuronLayer # This import is from the original file, kept for other components
    ^^^^^^^^^^^^^^^^^^^^^^^^^^^^^^^^^^^
  File "/content/neuromorphic_decision_transformer/src/models/snn_lif.py", line 11, in <module>
    import norse.torch as norse
ModuleNotFoundError: No module named 'norse'
  Error running job: Command '['/usr/bin/python3', '/content/neuromorphic_decision_transformer/ablation_studies/run_experiment.py', '--variant', 'snn_dt', '--env', 'MountainCar-v0', '--seed', '3', '--contract', 'experiment_contract_light.yaml']' returned non-zero exit status 1.
--- Finished: Variant=snn_dt, Env=MountainCar-v0, Seed=3 (Failed) ---

--- [130/140] Running: Variant=snn_dt, Env=MountainCar-v0, Seed=4 ---
Traceback (most recent call last):
  File "/content/neuromorphic_decision_transformer/ablation_studies/run_experiment.py", line 234, in <module>
    main()
  File "/content/neuromorphic_decision_transformer/ablation_studies/run_experiment.py", line 231, in main
    train(cfg, logger)
  File "/content/neuromorphic_decision_transformer/ablation_studies/run_experiment.py", line 170, in train
    model = get_model(cfg).to(cfg.device)
            ^^^^^^^^^^^^^^
  File "/content/neuromorphic_decision_transformer/ablation_studies/run_experiment.py", line 70, in get_model
    module = __import__(module_name, fromlist=[class_name])
             ^^^^^^^^^^^^^^^^^^^^^^^^^^^^^^^^^^^^^^^^^^^^^^
  File "/content/neuromorphic_decision_transformer/snn-dt/src/models/snn_dt.py", line 23, in <module>
    from src.models.base import BasePolicy
  File "/content/neuromorphic_decision_transformer/src/models/__init__.py", line 7, in <module>
    from .spiking_layers import SpikingSelfAttention
  File "/content/neuromorphic_decision_transformer/src/models/spiking_layers.py", line 9, in <module>
    from .snn_lif import LIFNeuronLayer # This import is from the original file, kept for other components
    ^^^^^^^^^^^^^^^^^^^^^^^^^^^^^^^^^^^
  File "/content/neuromorphic_decision_transformer/src/models/snn_lif.py", line 11, in <module>
    import norse.torch as norse
ModuleNotFoundError: No module named 'norse'
  Error running job: Command '['/usr/bin/python3', '/content/neuromorphic_decision_transformer/ablation_studies/run_experiment.py', '--variant', 'snn_dt', '--env', 'MountainCar-v0', '--seed', '4', '--contract', 'experiment_contract_light.yaml']' returned non-zero exit status 1.
--- Finished: Variant=snn_dt, Env=MountainCar-v0, Seed=4 (Failed) ---

--- [131/140] Running: Variant=iql, Env=MountainCar-v0, Seed=0 ---
Traceback (most recent call last):
  File "/content/neuromorphic_decision_transformer/ablation_studies/run_experiment.py", line 234, in <module>
    main()
  File "/content/neuromorphic_decision_transformer/ablation_studies/run_experiment.py", line 231, in main
    train(cfg, logger)
  File "/content/neuromorphic_decision_transformer/ablation_studies/run_experiment.py", line 170, in train
    model = get_model(cfg).to(cfg.device)
            ^^^^^^^^^^^^^^
  File "/content/neuromorphic_decision_transformer/ablation_studies/run_experiment.py", line 70, in get_model
    module = __import__(module_name, fromlist=[class_name])
             ^^^^^^^^^^^^^^^^^^^^^^^^^^^^^^^^^^^^^^^^^^^^^^
  File "/content/neuromorphic_decision_transformer/snn-dt/src/models/iql.py", line 7, in <module>
    from src.models.base import BasePolicy
  File "/content/neuromorphic_decision_transformer/src/models/__init__.py", line 7, in <module>
    from .spiking_layers import SpikingSelfAttention
  File "/content/neuromorphic_decision_transformer/src/models/spiking_layers.py", line 9, in <module>
    from .snn_lif import LIFNeuronLayer # This import is from the original file, kept for other components
    ^^^^^^^^^^^^^^^^^^^^^^^^^^^^^^^^^^^
  File "/content/neuromorphic_decision_transformer/src/models/snn_lif.py", line 11, in <module>
    import norse.torch as norse
ModuleNotFoundError: No module named 'norse'
  Error running job: Command '['/usr/bin/python3', '/content/neuromorphic_decision_transformer/ablation_studies/run_experiment.py', '--variant', 'iql', '--env', 'MountainCar-v0', '--seed', '0', '--contract', 'experiment_contract_light.yaml']' returned non-zero exit status 1.
--- Finished: Variant=iql, Env=MountainCar-v0, Seed=0 (Failed) ---

--- [132/140] Running: Variant=iql, Env=MountainCar-v0, Seed=1 ---
Traceback (most recent call last):
  File "/content/neuromorphic_decision_transformer/ablation_studies/run_experiment.py", line 234, in <module>
    main()
  File "/content/neuromorphic_decision_transformer/ablation_studies/run_experiment.py", line 231, in main
    train(cfg, logger)
  File "/content/neuromorphic_decision_transformer/ablation_studies/run_experiment.py", line 170, in train
    model = get_model(cfg).to(cfg.device)
            ^^^^^^^^^^^^^^
  File "/content/neuromorphic_decision_transformer/ablation_studies/run_experiment.py", line 70, in get_model
    module = __import__(module_name, fromlist=[class_name])
             ^^^^^^^^^^^^^^^^^^^^^^^^^^^^^^^^^^^^^^^^^^^^^^
  File "/content/neuromorphic_decision_transformer/snn-dt/src/models/iql.py", line 7, in <module>
    from src.models.base import BasePolicy
  File "/content/neuromorphic_decision_transformer/src/models/__init__.py", line 7, in <module>
    from .spiking_layers import SpikingSelfAttention
  File "/content/neuromorphic_decision_transformer/src/models/spiking_layers.py", line 9, in <module>
    from .snn_lif import LIFNeuronLayer # This import is from the original file, kept for other components
    ^^^^^^^^^^^^^^^^^^^^^^^^^^^^^^^^^^^
  File "/content/neuromorphic_decision_transformer/src/models/snn_lif.py", line 11, in <module>
    import norse.torch as norse
ModuleNotFoundError: No module named 'norse'
  Error running job: Command '['/usr/bin/python3', '/content/neuromorphic_decision_transformer/ablation_studies/run_experiment.py', '--variant', 'iql', '--env', 'MountainCar-v0', '--seed', '1', '--contract', 'experiment_contract_light.yaml']' returned non-zero exit status 1.
--- Finished: Variant=iql, Env=MountainCar-v0, Seed=1 (Failed) ---

--- [133/140] Running: Variant=iql, Env=MountainCar-v0, Seed=2 ---
Traceback (most recent call last):
  File "/content/neuromorphic_decision_transformer/ablation_studies/run_experiment.py", line 234, in <module>
    main()
  File "/content/neuromorphic_decision_transformer/ablation_studies/run_experiment.py", line 231, in main
    train(cfg, logger)
  File "/content/neuromorphic_decision_transformer/ablation_studies/run_experiment.py", line 170, in train
    model = get_model(cfg).to(cfg.device)
            ^^^^^^^^^^^^^^
  File "/content/neuromorphic_decision_transformer/ablation_studies/run_experiment.py", line 70, in get_model
    module = __import__(module_name, fromlist=[class_name])
             ^^^^^^^^^^^^^^^^^^^^^^^^^^^^^^^^^^^^^^^^^^^^^^
  File "/content/neuromorphic_decision_transformer/snn-dt/src/models/iql.py", line 7, in <module>
    from src.models.base import BasePolicy
  File "/content/neuromorphic_decision_transformer/src/models/__init__.py", line 7, in <module>
    from .spiking_layers import SpikingSelfAttention
  File "/content/neuromorphic_decision_transformer/src/models/spiking_layers.py", line 9, in <module>
    from .snn_lif import LIFNeuronLayer # This import is from the original file, kept for other components
    ^^^^^^^^^^^^^^^^^^^^^^^^^^^^^^^^^^^
  File "/content/neuromorphic_decision_transformer/src/models/snn_lif.py", line 11, in <module>
    import norse.torch as norse
ModuleNotFoundError: No module named 'norse'
  Error running job: Command '['/usr/bin/python3', '/content/neuromorphic_decision_transformer/ablation_studies/run_experiment.py', '--variant', 'iql', '--env', 'MountainCar-v0', '--seed', '2', '--contract', 'experiment_contract_light.yaml']' returned non-zero exit status 1.
--- Finished: Variant=iql, Env=MountainCar-v0, Seed=2 (Failed) ---

--- [134/140] Running: Variant=iql, Env=MountainCar-v0, Seed=3 ---
Traceback (most recent call last):
  File "/content/neuromorphic_decision_transformer/ablation_studies/run_experiment.py", line 234, in <module>
    main()
  File "/content/neuromorphic_decision_transformer/ablation_studies/run_experiment.py", line 231, in main
    train(cfg, logger)
  File "/content/neuromorphic_decision_transformer/ablation_studies/run_experiment.py", line 170, in train
    model = get_model(cfg).to(cfg.device)
            ^^^^^^^^^^^^^^
  File "/content/neuromorphic_decision_transformer/ablation_studies/run_experiment.py", line 70, in get_model
    module = __import__(module_name, fromlist=[class_name])
             ^^^^^^^^^^^^^^^^^^^^^^^^^^^^^^^^^^^^^^^^^^^^^^
  File "/content/neuromorphic_decision_transformer/snn-dt/src/models/iql.py", line 7, in <module>
    from src.models.base import BasePolicy
  File "/content/neuromorphic_decision_transformer/src/models/__init__.py", line 7, in <module>
    from .spiking_layers import SpikingSelfAttention
  File "/content/neuromorphic_decision_transformer/src/models/spiking_layers.py", line 9, in <module>
    from .snn_lif import LIFNeuronLayer # This import is from the original file, kept for other components
    ^^^^^^^^^^^^^^^^^^^^^^^^^^^^^^^^^^^
  File "/content/neuromorphic_decision_transformer/src/models/snn_lif.py", line 11, in <module>
    import norse.torch as norse
ModuleNotFoundError: No module named 'norse'
  Error running job: Command '['/usr/bin/python3', '/content/neuromorphic_decision_transformer/ablation_studies/run_experiment.py', '--variant', 'iql', '--env', 'MountainCar-v0', '--seed', '3', '--contract', 'experiment_contract_light.yaml']' returned non-zero exit status 1.
--- Finished: Variant=iql, Env=MountainCar-v0, Seed=3 (Failed) ---

--- [135/140] Running: Variant=iql, Env=MountainCar-v0, Seed=4 ---
Traceback (most recent call last):
  File "/content/neuromorphic_decision_transformer/ablation_studies/run_experiment.py", line 234, in <module>
    main()
  File "/content/neuromorphic_decision_transformer/ablation_studies/run_experiment.py", line 231, in main
    train(cfg, logger)
  File "/content/neuromorphic_decision_transformer/ablation_studies/run_experiment.py", line 170, in train
    model = get_model(cfg).to(cfg.device)
            ^^^^^^^^^^^^^^
  File "/content/neuromorphic_decision_transformer/ablation_studies/run_experiment.py", line 70, in get_model
    module = __import__(module_name, fromlist=[class_name])
             ^^^^^^^^^^^^^^^^^^^^^^^^^^^^^^^^^^^^^^^^^^^^^^
  File "/content/neuromorphic_decision_transformer/snn-dt/src/models/iql.py", line 7, in <module>
    from src.models.base import BasePolicy
  File "/content/neuromorphic_decision_transformer/src/models/__init__.py", line 7, in <module>
    from .spiking_layers import SpikingSelfAttention
  File "/content/neuromorphic_decision_transformer/src/models/spiking_layers.py", line 9, in <module>
    from .snn_lif import LIFNeuronLayer # This import is from the original file, kept for other components
    ^^^^^^^^^^^^^^^^^^^^^^^^^^^^^^^^^^^
  File "/content/neuromorphic_decision_transformer/src/models/snn_lif.py", line 11, in <module>
    import norse.torch as norse
ModuleNotFoundError: No module named 'norse'
  Error running job: Command '['/usr/bin/python3', '/content/neuromorphic_decision_transformer/ablation_studies/run_experiment.py', '--variant', 'iql', '--env', 'MountainCar-v0', '--seed', '4', '--contract', 'experiment_contract_light.yaml']' returned non-zero exit status 1.
--- Finished: Variant=iql, Env=MountainCar-v0, Seed=4 (Failed) ---

--- [136/140] Running: Variant=cql, Env=MountainCar-v0, Seed=0 ---
Traceback (most recent call last):
  File "/content/neuromorphic_decision_transformer/ablation_studies/run_experiment.py", line 234, in <module>
    main()
  File "/content/neuromorphic_decision_transformer/ablation_studies/run_experiment.py", line 231, in main
    train(cfg, logger)
  File "/content/neuromorphic_decision_transformer/ablation_studies/run_experiment.py", line 170, in train
    model = get_model(cfg).to(cfg.device)
            ^^^^^^^^^^^^^^
  File "/content/neuromorphic_decision_transformer/ablation_studies/run_experiment.py", line 70, in get_model
    module = __import__(module_name, fromlist=[class_name])
             ^^^^^^^^^^^^^^^^^^^^^^^^^^^^^^^^^^^^^^^^^^^^^^
  File "/content/neuromorphic_decision_transformer/snn-dt/src/models/cql.py", line 10, in <module>
    from src.models.base import BasePolicy
  File "/content/neuromorphic_decision_transformer/src/models/__init__.py", line 7, in <module>
    from .spiking_layers import SpikingSelfAttention
  File "/content/neuromorphic_decision_transformer/src/models/spiking_layers.py", line 9, in <module>
    from .snn_lif import LIFNeuronLayer # This import is from the original file, kept for other components
    ^^^^^^^^^^^^^^^^^^^^^^^^^^^^^^^^^^^
  File "/content/neuromorphic_decision_transformer/src/models/snn_lif.py", line 11, in <module>
    import norse.torch as norse
ModuleNotFoundError: No module named 'norse'
  Error running job: Command '['/usr/bin/python3', '/content/neuromorphic_decision_transformer/ablation_studies/run_experiment.py', '--variant', 'cql', '--env', 'MountainCar-v0', '--seed', '0', '--contract', 'experiment_contract_light.yaml']' returned non-zero exit status 1.
--- Finished: Variant=cql, Env=MountainCar-v0, Seed=0 (Failed) ---

--- [137/140] Running: Variant=cql, Env=MountainCar-v0, Seed=1 ---
Traceback (most recent call last):
  File "/content/neuromorphic_decision_transformer/ablation_studies/run_experiment.py", line 234, in <module>
    main()
  File "/content/neuromorphic_decision_transformer/ablation_studies/run_experiment.py", line 231, in main
    train(cfg, logger)
  File "/content/neuromorphic_decision_transformer/ablation_studies/run_experiment.py", line 170, in train
    model = get_model(cfg).to(cfg.device)
            ^^^^^^^^^^^^^^
  File "/content/neuromorphic_decision_transformer/ablation_studies/run_experiment.py", line 70, in get_model
    module = __import__(module_name, fromlist=[class_name])
             ^^^^^^^^^^^^^^^^^^^^^^^^^^^^^^^^^^^^^^^^^^^^^^
  File "/content/neuromorphic_decision_transformer/snn-dt/src/models/cql.py", line 10, in <module>
    from src.models.base import BasePolicy
  File "/content/neuromorphic_decision_transformer/src/models/__init__.py", line 7, in <module>
    from .spiking_layers import SpikingSelfAttention
  File "/content/neuromorphic_decision_transformer/src/models/spiking_layers.py", line 9, in <module>
    from .snn_lif import LIFNeuronLayer # This import is from the original file, kept for other components
    ^^^^^^^^^^^^^^^^^^^^^^^^^^^^^^^^^^^
  File "/content/neuromorphic_decision_transformer/src/models/snn_lif.py", line 11, in <module>
    import norse.torch as norse
ModuleNotFoundError: No module named 'norse'
  Error running job: Command '['/usr/bin/python3', '/content/neuromorphic_decision_transformer/ablation_studies/run_experiment.py', '--variant', 'cql', '--env', 'MountainCar-v0', '--seed', '1', '--contract', 'experiment_contract_light.yaml']' returned non-zero exit status 1.
--- Finished: Variant=cql, Env=MountainCar-v0, Seed=1 (Failed) ---

--- [138/140] Running: Variant=cql, Env=MountainCar-v0, Seed=2 ---
Traceback (most recent call last):
  File "/content/neuromorphic_decision_transformer/ablation_studies/run_experiment.py", line 234, in <module>
    main()
  File "/content/neuromorphic_decision_transformer/ablation_studies/run_experiment.py", line 231, in main
    train(cfg, logger)
  File "/content/neuromorphic_decision_transformer/ablation_studies/run_experiment.py", line 170, in train
    model = get_model(cfg).to(cfg.device)
            ^^^^^^^^^^^^^^
  File "/content/neuromorphic_decision_transformer/ablation_studies/run_experiment.py", line 70, in get_model
    module = __import__(module_name, fromlist=[class_name])
             ^^^^^^^^^^^^^^^^^^^^^^^^^^^^^^^^^^^^^^^^^^^^^^
  File "/content/neuromorphic_decision_transformer/snn-dt/src/models/cql.py", line 10, in <module>
    from src.models.base import BasePolicy
  File "/content/neuromorphic_decision_transformer/src/models/__init__.py", line 7, in <module>
    from .spiking_layers import SpikingSelfAttention
  File "/content/neuromorphic_decision_transformer/src/models/spiking_layers.py", line 9, in <module>
    from .snn_lif import LIFNeuronLayer # This import is from the original file, kept for other components
    ^^^^^^^^^^^^^^^^^^^^^^^^^^^^^^^^^^^
  File "/content/neuromorphic_decision_transformer/src/models/snn_lif.py", line 11, in <module>
    import norse.torch as norse
ModuleNotFoundError: No module named 'norse'
  Error running job: Command '['/usr/bin/python3', '/content/neuromorphic_decision_transformer/ablation_studies/run_experiment.py', '--variant', 'cql', '--env', 'MountainCar-v0', '--seed', '2', '--contract', 'experiment_contract_light.yaml']' returned non-zero exit status 1.
--- Finished: Variant=cql, Env=MountainCar-v0, Seed=2 (Failed) ---

--- [139/140] Running: Variant=cql, Env=MountainCar-v0, Seed=3 ---
Traceback (most recent call last):
  File "/content/neuromorphic_decision_transformer/ablation_studies/run_experiment.py", line 234, in <module>
    main()
  File "/content/neuromorphic_decision_transformer/ablation_studies/run_experiment.py", line 231, in main
    train(cfg, logger)
  File "/content/neuromorphic_decision_transformer/ablation_studies/run_experiment.py", line 170, in train
    model = get_model(cfg).to(cfg.device)
            ^^^^^^^^^^^^^^
  File "/content/neuromorphic_decision_transformer/ablation_studies/run_experiment.py", line 70, in get_model
    module = __import__(module_name, fromlist=[class_name])
             ^^^^^^^^^^^^^^^^^^^^^^^^^^^^^^^^^^^^^^^^^^^^^^
  File "/content/neuromorphic_decision_transformer/snn-dt/src/models/cql.py", line 10, in <module>
    from src.models.base import BasePolicy
  File "/content/neuromorphic_decision_transformer/src/models/__init__.py", line 7, in <module>
    from .spiking_layers import SpikingSelfAttention
  File "/content/neuromorphic_decision_transformer/src/models/spiking_layers.py", line 9, in <module>
    from .snn_lif import LIFNeuronLayer # This import is from the original file, kept for other components
    ^^^^^^^^^^^^^^^^^^^^^^^^^^^^^^^^^^^
  File "/content/neuromorphic_decision_transformer/src/models/snn_lif.py", line 11, in <module>
    import norse.torch as norse
ModuleNotFoundError: No module named 'norse'
  Error running job: Command '['/usr/bin/python3', '/content/neuromorphic_decision_transformer/ablation_studies/run_experiment.py', '--variant', 'cql', '--env', 'MountainCar-v0', '--seed', '3', '--contract', 'experiment_contract_light.yaml']' returned non-zero exit status 1.
--- Finished: Variant=cql, Env=MountainCar-v0, Seed=3 (Failed) ---

--- [140/140] Running: Variant=cql, Env=MountainCar-v0, Seed=4 ---
Traceback (most recent call last):
  File "/content/neuromorphic_decision_transformer/ablation_studies/run_experiment.py", line 234, in <module>
    main()
  File "/content/neuromorphic_decision_transformer/ablation_studies/run_experiment.py", line 231, in main
    train(cfg, logger)
  File "/content/neuromorphic_decision_transformer/ablation_studies/run_experiment.py", line 170, in train
    model = get_model(cfg).to(cfg.device)
            ^^^^^^^^^^^^^^
  File "/content/neuromorphic_decision_transformer/ablation_studies/run_experiment.py", line 70, in get_model
    module = __import__(module_name, fromlist=[class_name])
             ^^^^^^^^^^^^^^^^^^^^^^^^^^^^^^^^^^^^^^^^^^^^^^
  File "/content/neuromorphic_decision_transformer/snn-dt/src/models/cql.py", line 10, in <module>
    from src.models.base import BasePolicy
  File "/content/neuromorphic_decision_transformer/src/models/__init__.py", line 7, in <module>
    from .spiking_layers import SpikingSelfAttention
  File "/content/neuromorphic_decision_transformer/src/models/spiking_layers.py", line 9, in <module>
    from .snn_lif import LIFNeuronLayer # This import is from the original file, kept for other components
    ^^^^^^^^^^^^^^^^^^^^^^^^^^^^^^^^^^^
  File "/content/neuromorphic_decision_transformer/src/models/snn_lif.py", line 11, in <module>
    import norse.torch as norse
ModuleNotFoundError: No module named 'norse'
  Error running job: Command '['/usr/bin/python3', '/content/neuromorphic_decision_transformer/ablation_studies/run_experiment.py', '--variant', 'cql', '--env', 'MountainCar-v0', '--seed', '4', '--contract', 'experiment_contract_light.yaml']' returned non-zero exit status 1.
--- Finished: Variant=cql, Env=MountainCar-v0, Seed=4 (Failed) ---

--- All targeted experimental runs complete! ---