epoch,train_loss,val_loss
1,1.0914532116481237,1.0820347592234612
2,1.0755169845762707,1.071144960820675
3,1.0677236469965132,1.0670191422104836
