epoch,train_loss,val_loss
1,1.092203039971609,1.0832101926207542
2,1.077824730721731,1.0692266896367073
3,1.0690919066232347,1.0642089173197746
