epoch,train_loss,val_loss
1,1.091447362824092,1.0826170518994331
2,1.077751706516932,1.0700509697198868
3,1.069019499279204,1.065140649676323
